19.369,-0.0984449557707,1.27132387307e-05,0.00619555786937,0.0687181628563,0.000252905932389
19.389,-0.0968605898577,2.25310555326e-05,0.00620061770267,0.0887177746375,0.000252125412046
19.409,-0.0948762317131,3.48374392291e-05,0.00620565991386,0.108717386186,0.000251108599415
19.429,-0.0924918813224,4.96364416759e-05,0.00621067481759,0.12871699674,0.000249869860222
19.449,-0.0897075387248,6.69320858262e-05,0.00621565956024,0.148716605328,0.000248414237575
19.469,-0.0865232039847,8.67283681007e-05,0.00622061284966,0.168716211208,0.000246750451171
19.489,-0.0829388771894,0.000109029258681,0.00622553493624,0.188715813486,0.000244885664701
19.509,-0.0789545584493,0.000133838699289,0.00623042763006,0.208715410975,0.000242801040893
19.529,-0.0745702478721,0.000161160658477,0.00623528967316,0.22871500326,0.000240574917832
19.549,-0.0697859455688,0.00019099883077,0.00624011795913,0.248714576174,0.000240773642639
19.569,-0.064601651679,0.000223357249694,0.00624490529083,0.268714154319,0.000238421853393
19.589,-0.0590173663017,0.000258239599134,0.0062496426238,0.288713724751,0.000235917891057
19.609,-0.0530330894504,0.000295649527215,0.00625429480571,0.308713304959,0.000230006745921
19.629,-0.046648821311,0.000335590364352,0.00625887196696,0.328712858806,0.000226999410422
19.649,-0.0398645622095,0.000378065497438,0.00626338367845,0.3487124008,0.000223857640053
19.669,-0.0326803124922,0.000423078290151,0.00626784556834,0.368711929911,0.000220413846225
19.689,-0.02509607249,0.000470632270863,0.00627226984218,0.388711441571,0.000217451237378
19.709,-0.0171118423281,0.000520730313643,0.00627662377703,0.408710946629,0.000213779617518
19.729,-0.0087276222986,0.000573375796195,0.00628091413928,0.428710432885,0.000210469523823
19.749,5.65872868168e-05,0.00062857129744,0.00628514683267,0.448709886091,0.000211241328222
19.769,0.0092407861504,0.000686320227281,0.0062893105515,0.468709345752,0.000207690302143
19.789,0.0188249740659,0.000746625205793,0.0062933900201,0.48870882036,0.000198627228552
19.809,0.0287667093436,0.000809142349727,0.00629812469835,0.499967490226,0.000272673531481
19.829,0.0387656947514,0.000872149453538,0.00630335488863,0.499944811312,0.000258233897291
19.849,0.0487645916165,0.000935217271461,0.00630847054811,0.499944432737,0.000253863544003
19.869,0.0587634842083,0.000998336477781,0.00631350934013,0.499944256943,0.000249727004353
19.889,0.0687623731193,0.00106150597132,0.00631849524998,0.499944081132,0.000245470478082
19.909,0.0787612585421,0.00112472480806,0.00632339893544,0.499943910315,0.000241303112231
19.929,0.0887601403455,0.0011879921967,0.00632826487686,0.499943724287,0.000238739694136
19.949,0.0987590188059,0.00125130674181,0.00633305199733,0.499943553077,0.00023865841295
19.969,0.108757894054,0.00131466818789,0.00633776696107,0.499943402374,0.000234317311465
19.989,0.118756766314,0.00137807545727,0.0063423974893,0.499943291506,0.000223893816654
20.009,0.1287556362,0.0014415271054,0.00634689700481,0.499943167214,0.000219555743118
20.029,0.138754504026,0.00150502127916,0.00635124351509,0.499943057021,0.000215125264179
20.049,0.148753369542,0.00156855708661,0.00635553433032,0.499942955553,0.000210424271343
20.069,0.158752233046,0.00163213363421,0.0063597606409,0.499942870065,0.000205698442122
20.089,0.16875109524,0.00169574950346,0.00636385013895,0.499942806086,0.000200825604345
20.109,0.178749956035,0.00175940416107,0.0063678928662,0.499942750839,0.00019624418203
20.129,0.18874881596,0.00182309586875,0.00637184668483,0.499942695372,0.000196245030443
20.149,0.198747675531,0.00188682463154,0.00637567116444,0.499942716189,0.000185139128188
20.169,0.208746535096,0.00195058857764,0.00637941088427,0.499942695727,0.000185343281846
20.189,0.218745395279,0.00201438680691,0.00638298286953,0.499942756071,0.000174145832304
20.209,0.2287442564,0.00207821773816,0.006386429881,0.499942806476,0.000168517935039
20.229,0.238743118527,0.00214208030769,0.00638979514371,0.499942872481,0.000162525540714
20.249,0.248741982032,0.00220597349492,0.00639307732889,0.499942929048,0.000162222557843
20.269,0.258740847524,0.00226989675292,0.00639621485851,0.499943063938,0.000150448687021
20.289,0.268739715283,0.00233384831146,0.00639924917892,0.499943158303,0.000149761233632
20.309,0.278738585511,0.0023978278087,0.00640217995692,0.499943297347,0.000143287400961
20.329,0.288737458852,0.00246183408037,0.00640494854498,0.499943483372,0.000131051503691
20.349,0.298736335737,0.00252586547991,0.00640755565607,0.499943654992,0.000124524067358
20.369,0.308735216365,0.00258992055711,0.00640999787512,0.499943839759,0.000118065517747
20.389,0.318734100811,0.00265399810829,0.00641230634972,0.49994403396,0.000111350688493
20.409,0.3287329893,0.00271809692254,0.00641447295544,0.499944238113,0.000104545464853
20.429,0.33873188173,0.00278221606389,0.0064165456612,0.499944446969,9.75043124531e-05
20.449,0.348730778457,0.00284635449574,0.00641847783797,0.499944664543,9.05244741329e-05
20.469,0.358729679476,0.0029105111106,0.00642029941411,0.499944856635,8.91709810634e-05
20.489,0.368728584688,0.0029746854385,0.00642202023599,0.499945078546,8.20858109921e-05
20.509,0.378727494286,0.00303887672795,0.00642361524332,0.499945328048,6.97258053546e-05
20.529,0.388726408738,0.00310308291182,0.00642501780148,0.49994552589,6.84390748563e-05
20.549,0.398725327783,0.00316730341427,0.00642624633326,0.499945774582,5.63312497353e-05
20.569,0.408724251072,0.00323153644767,0.00642737748732,0.499945958101,5.49407836365e-05
20.589,0.41872317843,0.00329578136662,0.00642838527497,0.499946162738,4.82171518913e-05
20.609,0.42872210965,0.00336003743873,0.00642928207416,0.499946385697,3.57788922088e-05
20.629,0.438721045029,0.00342430320191,0.00643000272316,0.499946558108,3.09198251516e-05
20.649,0.448719984429,0.00348857687632,0.00643051870676,0.499946753693,2.30885113019e-05
20.669,0.458718927219,0.00355285745617,0.00643091422422,0.499946913693,1.69509021659e-05
20.689,0.468717872942,0.00361714373307,0.00643120792668,0.499947056632,1.08272311428e-05
20.709,0.478716821486,0.00368143469493,0.00643136506763,0.499947186373,4.93297958945e-06
20.729,0.488715772156,0.00374572959444,0.00643145693218,0.49994729081,-5.01120703951e-07
20.749,0.49871472479,0.00381002695977,0.00643144510705,0.499947360275,-1.36402308112e-06
20.769,0.508713678705,0.00387432727593,0.00643137825471,0.499947459289,-1.24364627759e-05
20.789,0.518712634317,0.00393862828133,0.00643114000491,0.499947492237,-1.24656340741e-05
20.809,0.528711591125,0.00400292950812,0.0064307422501,0.499947560914,-2.30126389904e-05
20.829,0.5387105484,0.0040672293155,0.00643027258502,0.499947576346,-2.79330216794e-05
20.849,0.548709505762,0.0041315267304,0.00642971117578,0.499947572905,-3.25339573454e-05
20.869,0.558708462801,0.00419582062989,0.00642907379199,0.49994752607,-3.21949535236e-05
20.889,0.568707419114,0.00426011086028,0.00642834928096,0.499947513406,-4.20450333366e-05
20.909,0.578706374588,0.00432439585213,0.00642753177893,0.499947432035,-4.11307272625e-05
20.929,0.588705328957,0.00438867476459,0.00642657809515,0.499947390485,-5.07406557356e-05
20.949,0.598704281558,0.00445294616349,0.00642558790329,0.499947273832,-4.9722180036e-05
20.969,0.608703232141,0.0045172095027,0.00642452058997,0.499947171935,-5.39261586923e-05
20.989,0.618702180773,0.00458146379258,0.00642332455084,0.499947085429,-6.26692924196e-05
21.009,0.628701126984,0.00464570762876,0.00642206388231,0.499946957847,-6.64489730882e-05
21.029,0.638700070852,0.00470993982688,0.00642067571562,0.499946824788,-6.99343935758e-05
21.049,0.648699011787,0.00477415936591,0.0064192364313,0.499946680144,-7.3555090231e-05
21.069,0.658697949717,0.0048383653427,0.00641773080259,0.499946529792,-7.71763934337e-05
21.089,0.668696884512,0.00490255686434,0.0064161639649,0.499946375003,-8.08339721737e-05
21.109,0.67869581617,0.00496673300952,0.00641452509033,0.499946218872,-8.45044959612e-05
21.129,0.688694744681,0.00503089278094,0.00641281290091,0.499946060844,-8.78271277367e-05
21.149,0.698693669864,0.00509503531936,0.00641106054601,0.499945901299,-9.11960571704e-05
21.169,0.708692591704,0.0051591598463,0.00640928011225,0.499945719893,-8.95356282955e-05
21.189,0.718691510293,0.00522326595008,0.00640745514864,0.499945569338,-9.29162697793e-05
21.209,0.728690425579,0.00528735350261,0.00640562355521,0.499945427462,-9.98717337584e-05
21.229,0.73868933857,0.00535142003591,0.0064036383489,0.499945295515,-9.99932871456e-05
21.249,0.748688248667,0.00541546610176,0.00640164316549,0.499945171178,-0.000103879581662
21.269,0.758687156659,0.00547949023755,0.00639953119938,0.4999450651,-0.000107637717598
21.289,0.768686062427,0.00554349169707,0.00639737102561,0.499944993216,-0.000116671930239
21.309,0.778684966759,0.00560746866149,0.00639508202176,0.499944890252,-0.000115509654816
21.329,0.788683869294,0.0056714211478,0.00639276577405,0.499944845,-0.000124150938844
21.349,0.798682770993,0.00573534722649,0.00639032272191,0.49994477592,-0.000123406869422
21.369,0.80868167189,0.00579924664778,0.00638779134093,0.499944771774,-0.000132648485181
21.389,0.818680572453,0.00586311784255,0.00638517896445,0.499944736337,-0.00013210199351
21.409,0.828679472922,0.00592696009701,0.00638248181283,0.499944744877,-0.000136776116669
21.429,0.838678373752,0.00599077262976,0.00637968493067,0.499944800215,-0.000146887539967
21.449,0.848677275601,0.00605455413634,0.00637676309387,0.499944849727,-0.000151467006365
21.469,0.858676178843,0.00611830311873,0.00637370380602,0.499944919089,-0.000156193698885
21.489,0.868675083604,0.00618201876673,0.00637055654129,0.499945005054,-0.00016119600851
21.509,0.878673990088,0.00624570031796,0.00636734522638,0.499945107232,-0.000166255881894
21.529,0.888672898857,0.00630934672057,0.00636402703073,0.499945230979,-0.000171662219514
21.549,0.898671810237,0.00637295702267,0.00636061534461,0.499945348223,-0.000172548745275
21.569,0.908670724829,0.00643653074613,0.00635704431056,0.49994553524,-0.000183204178318
21.589,0.918669642849,0.00650006626078,0.00635335835329,0.49994571006,-0.000189293794394
21.609,0.928668564734,0.0065635624088,0.00634951780299,0.499945899278,-0.000194838372244
21.629,0.938667490518,0.00662701805758,0.00634556375977,0.499946098076,-0.000200515283689
21.649,0.948666420181,0.00669043244607,0.00634153410983,0.499946305173,-0.000206474608285
21.669,0.958665354197,0.00675380476042,0.00633737583194,0.499946525067,-0.000212392670986
21.689,0.96866429267,0.0068171340804,0.00633310545378,0.499946752085,-0.000218550720329
21.709,0.978663235607,0.00688041946451,0.00632874666203,0.499946959443,-0.000219902671356
21.729,0.988662183222,0.00694366027246,0.00632426403975,0.499947196275,-0.000226150903014
21.749,0.998661135551,0.0070068556294,0.00631966818405,0.499947435603,-0.000232485427508
21.769,1.00866009256,0.00707000481524,0.00631496376848,0.499947696851,-0.000243579164385
21.789,1.01865905472,0.00713310640046,0.0063100784342,0.499947935706,-0.000249226864788
21.809,1.02865802188,0.00719615901466,0.00630502686126,0.499948170686,-0.000254973224681
21.829,1.03865699368,0.0072591615686,0.0062998567464,0.499948397376,-0.000260865039322
21.849,1.04865596978,0.0073221131945,0.00629459907399,0.49994861432,-0.000266846135044
21.869,1.05865494997,0.00738501339586,0.00628925934321,0.499948811922,-0.000271987180753
21.889,1.06865393421,0.00744786077359,0.00628380850063,0.499948996368,-0.00027387513192
21.909,1.07865292191,0.00751065558102,0.00627830832133,0.499949179151,-0.000279809891803
21.929,1.08865191307,0.00757339710386,0.00627271121736,0.499949344325,-0.000287306322403
21.949,1.09865090799,0.00763608339571,0.00626692196112,0.499949510573,-0.000290566757564
21.969,1.10864990578,0.00769871435113,0.00626104713096,0.49994967068,-0.000299992154427
21.989,1.11864890658,0.00776128828823,0.00625501087123,0.499949796953,-0.000304760024538
22.009,1.12864790984,0.00782380395122,0.00624884974108,0.499949903856,-0.00030959295286
22.029,1.13864691472,0.00788626060448,0.00624264603748,0.499949987077,-0.000314459912609
22.049,1.14864592101,0.0079486573142,0.00623636700337,0.499950029778,-0.00031454434233
22.069,1.1586449284,0.00801099388713,0.00622998837986,0.499950102863,-0.000323950906968
22.089,1.16864393664,0.00807326893285,0.00622352440162,0.499950108866,-0.000323667204793
22.109,1.1786429453,0.0081354817893,0.00621695350308,0.499950139047,-0.000331615508956
22.129,1.18864195382,0.0081976313493,0.00621033881727,0.4999501051,-0.000331088149276
22.149,1.19864096186,0.00825971709245,0.00620365367836,0.499950075302,-0.000334641212143
22.169,1.20863996893,0.00832173855699,0.00619692505156,0.499950049812,-0.000342749382645
22.189,1.21863897517,0.00838369470492,0.00619008610506,0.499949987623,-0.000345670742244
22.209,1.22863798044,0.00844558384404,0.00618310551552,0.49994991955,-0.0003495115052
22.229,1.23863698394,0.00850740543507,0.00617607889466,0.499949829853,-0.00035300399296
22.249,1.24863598539,0.00856915850325,0.00616900476379,0.499949723323,-0.00035581868268
22.269,1.25863498435,0.00863084241445,0.00616191940489,0.499949582965,-0.000354460930581
22.289,1.26863398072,0.00869245681273,0.00615479219625,0.499949454852,-0.000357038772687
22.309,1.27863297413,0.00875400162487,0.00614766462296,0.499949332102,-0.000363149297676
22.329,1.28863196512,0.00881547487083,0.00614042322951,0.499949180399,-0.000362270482088
22.349,1.29863095312,0.00887687697562,0.00613314975144,0.499949058252,-0.000369533714682
22.369,1.30862993843,0.00893820658068,0.00612579048075,0.499948912747,-0.000371808123268
22.389,1.31862892105,0.00899946214054,0.00611833367113,0.499948774808,-0.000375132997095
22.409,1.3286279007,0.00906064322824,0.00611084255293,0.499948628362,-0.00037754259893
22.429,1.3386268773,0.00912174914421,0.00610332872281,0.499948475765,-0.000379177816342
22.449,1.34862585102,0.00918277878561,0.00609577514657,0.49994832625,-0.000378283680478
22.469,1.35862482212,0.00924373217359,0.00608815112969,0.499948219001,-0.000384859715505
22.489,1.36862379067,0.00930460802074,0.00608049720804,0.499948077379,-0.000383474551228
22.509,1.37862275714,0.00936540572886,0.00607273568704,0.499947993841,-0.000390562263491
22.529,1.38862172155,0.00942612416181,0.00606493004076,0.499947898351,-0.000393800761278
22.549,1.39862068402,0.00948676285001,0.00605709101048,0.499947806727,-0.000396401717902
22.569,1.40861964497,0.00954732050429,0.00604919108213,0.499947727898,-0.000396131282283
22.589,1.41861860484,0.00960779710024,0.00604120013711,0.499947696638,-0.000402799047576
22.609,1.4286175638,0.00966819140767,0.00603316353941,0.499947660715,-0.000406028153759
22.629,1.43861652244,0.0097285025072,0.00602502640336,0.499947646592,-0.000409308623407
22.649,1.44861548081,0.00978872972556,0.00601684785313,0.499947648077,-0.000413044720148
22.669,1.45861443928,0.00984887251,0.00600862248733,0.499947656601,-0.000415717691527
22.689,1.46861339837,0.00990892983774,0.00600032159486,0.499947690412,-0.000416737386087
22.709,1.47861235847,0.00996890158633,0.00599193813701,0.499947775479,-0.000425489994654
22.729,1.48861132014,0.0100287864039,0.00598346265762,0.499947837351,-0.000425572691017
22.749,1.49861028361,0.0100885836947,0.00597489714292,0.499947954634,-0.000433253704039
22.769,1.50860924931,0.0101482925642,0.00596624884087,0.499948071564,-0.000437299070341
22.789,1.5186082175,0.0102079119211,0.0059575266499,0.499948188022,-0.000438051760892
22.809,1.52860718847,0.0102674416369,0.00594873031055,0.499948340489,-0.000442657277166
22.829,1.5386061628,0.0103268807264,0.005939822781,0.499948511366,-0.00044748068896
22.849,1.54860514063,0.0103862284489,0.00593083069623,0.499948696869,-0.000452535302041
22.869,1.55860412232,0.0104454841325,0.00592173511672,0.499948918386,-0.000462254450757
22.889,1.56860310836,0.0105046465148,0.00591251063289,0.499949111865,-0.000463255594369
22.909,1.5786020989,0.0105637148205,0.00590315115285,0.499949351794,-0.000471550071885
22.929,1.58860109394,0.0106226879938,0.00589370608861,0.499949580066,-0.000476607677269
22.949,1.59860009352,0.0106815653453,0.00588418684728,0.499949796255,-0.000477958537054
22.969,1.60859909783,0.010740346424,0.00587457229399,0.49995003748,-0.000483134769686
22.989,1.61859810688,0.0107990307639,0.00586487538979,0.499950301911,-0.000492546559677
23.009,1.62859712114,0.0108576170276,0.00585503471281,0.499950532231,-0.000493854234875
23.029,1.63859614064,0.0109161045778,0.00584503669314,0.499950805135,-0.000503516830293
23.049,1.64859516499,0.0109744923088,0.00583496332679,0.499951043825,-0.000508089739303
23.069,1.65859419412,0.0110327791715,0.00582480008774,0.499951266092,-0.000509810973061
23.089,1.66859322791,0.0110909651692,0.00581453906321,0.499951515174,-0.00051813064628
23.109,1.6785922666,0.0111490490296,0.00580413320126,0.499951743062,-0.000522926872023
23.129,1.68859130974,0.011207029823,0.00579362787331,0.499951959195,-0.000527863723687
23.149,1.69859035684,0.0112649068674,0.00578307393541,0.499952141613,-0.000529029865901
23.169,1.70858940782,0.0113226798044,0.00577242985457,0.499952332779,-0.000533892206909
23.189,1.71858846239,0.0113803481274,0.0057617039617,0.499952530632,-0.000543013604812
23.209,1.72858752061,0.0114379107414,0.00575085003776,0.499952682377,-0.000545953198068
23.229,1.7385865821,0.0114953665243,0.0057398722137,0.4999528376,-0.000550729353797
23.249,1.74858564632,0.0115527148243,0.00572881522723,0.499952963636,-0.000554612851015
23.269,1.75858471282,0.0116099548625,0.00571769034176,0.499953070866,-0.000558487271229
23.289,1.76858378129,0.0116670859952,0.00570648826544,0.499953160605,-0.000562308369404
23.309,1.77858285143,0.0117241074653,0.00569519882832,0.49995323277,-0.000566071998519
23.329,1.78858192266,0.0117810186127,0.00568386039002,0.499953283708,-0.000569922673244
23.349,1.79858099459,0.0118378188334,0.00567247714826,0.499953295951,-0.000569618236631
23.369,1.80858006687,0.0118945077529,0.00566103471974,0.499953309993,-0.000573186248664
23.389,1.81857913916,0.0119510846984,0.00564953656697,0.499953301222,-0.000575776844378
23.409,1.82857821117,0.0120075490849,0.00563796666749,0.499953291956,-0.000581470547228
23.429,1.83857728248,0.0120639001955,0.0056263536549,0.499953241466,-0.000583466394186
23.449,1.84857635298,0.0121201368841,0.00561464647359,0.499953192711,-0.000586503199675
23.469,1.85857542209,0.01217625882,0.00560290345508,0.499953119211,-0.00058906430154
23.489,1.86857448954,0.0122322652414,0.00559111790236,0.499953032371,-0.000591649253627
23.509,1.87857355506,0.012288155546,0.0055792900936,0.499952933848,-0.000594249745136
23.529,1.88857261843,0.0123439291225,0.00556741994686,0.499952824962,-0.000596774195627
23.549,1.89857167944,0.0123995851092,0.00555551699638,0.499952686207,-0.000595327848108
23.569,1.90857073776,0.012455123357,0.00554359621406,0.499952554696,-0.000596948525895
23.589,1.91856979349,0.0125105432441,0.00553161976363,0.499952435985,-0.000601773083606
23.609,1.92856884653,0.0125658439394,0.00551960383994,0.499952297541,-0.000603599352925
23.629,1.93856789698,0.0126210245285,0.00550751067797,0.499952159951,-0.000605400898999
23.649,1.94856694459,0.0126760843589,0.00549538623793,0.499952020678,-0.000607419616988
23.669,1.95856598933,0.0127310228008,0.0054832352844,0.499951883107,-0.000609601172146
23.689,1.96856503137,0.0127858392201,0.00547103659731,0.499951751342,-0.00061190743398
23.709,1.97856407066,0.0128405329774,0.00545881828193,0.499951618822,-0.000613457583391
23.729,1.98856310734,0.012895103588,0.0054465735017,0.499951494237,-0.000615023776347
23.749,1.99856214151,0.01294955063,0.00543431489584,0.499951369205,-0.000615863566422
23.769,2.00856117345,0.0130038733839,0.00542202403743,0.499951259099,-0.000615442563636
23.789,2.01856020341,0.0130580718704,0.00540969570472,0.499951178854,-0.000620343935987
23.809,2.02855923175,0.0131121447455,0.00539732074002,0.499951093824,-0.000619806427678
23.829,2.03855825878,0.0131660920041,0.00538488055523,0.499951054391,-0.000625989314483
23.849,2.04855728491,0.0132199124996,0.00537237802634,0.499951013796,-0.000628998867428
23.869,2.05855631045,0.0132736053894,0.00535980437791,0.499950986519,-0.00063106041373
23.889,2.06855533552,0.0133271701012,0.0053472007709,0.499950974613,-0.000633461519697
23.909,2.07855436045,0.0133806062327,0.00533456843027,0.499950972619,-0.000635200708264
23.929,2.08855338572,0.0134339131733,0.00532188284714,0.499951000266,-0.000638057617383
23.949,2.09855241175,0.0134870903146,0.00530914025197,0.499951041916,-0.000638829146304
23.969,2.10855143871,0.0135401377222,0.00529637060309,0.49995112456,-0.000645472525033
23.989,2.11855046752,0.0135930540518,0.00528348815681,0.499951206263,-0.000648320863522
24.009,2.12854949863,0.0136458385118,0.00527047643208,0.499951330236,-0.000653272987368
24.029,2.13854853206,0.0136984903008,0.00525740480447,0.499951453161,-0.000656515453329
24.049,2.14854756798,0.0137510088774,0.00524429844859,0.499951583107,-0.000659188457876
24.069,2.15854660686,0.0138033935767,0.00523112418842,0.499951734314,-0.000660739074519
24.089,2.16854564881,0.013855644657,0.00521791659468,0.499951916561,-0.00066706674377
24.109,2.17854469468,0.0139077605435,0.00520458533951,0.499952097541,-0.000668575145428
24.129,2.18854374443,0.0139597414956,0.00519118099448,0.499952317657,-0.000676153115633
24.149,2.19854279855,0.0140115861156,0.00517767461743,0.49995251848,-0.000677351680126
24.169,2.20854185702,0.0140632941957,0.0051640864408,0.499952763481,-0.000685720306865
24.189,2.21854092034,0.0141148646795,0.00515038031054,0.499952995126,-0.000689350190922
24.209,2.22853998836,0.0141662966493,0.0051365998632,0.499953221611,-0.000691006222959
24.229,2.23853906113,0.0142175900054,0.00512275112592,0.499953463778,-0.000695099300735
24.249,2.24853813887,0.0142687441178,0.00510880348736,0.499953725631,-0.000702284957323
24.269,2.25853722175,0.0143197581604,0.00509474969936,0.499953976364,-0.000706790494137
24.289,2.26853630987,0.0143706311565,0.00508056563869,0.499954228281,-0.000711352400833
24.309,2.27853540285,0.0144213625164,0.00506631532105,0.499954474304,-0.000716184360375
24.329,2.28853450071,0.0144719516532,0.00505197471284,0.499954717477,-0.000721078045224
24.349,2.2985336033,0.0145223978566,0.00503755852784,0.49995493588,-0.000722371895323
24.369,2.30853271043,0.0145727008829,0.00502306286451,0.499955169038,-0.000728409166953
24.389,2.31853182194,0.0146228597563,0.00500849366446,0.499955370644,-0.000729849759354
24.409,2.32853093759,0.0146728743502,0.00499384874716,0.499955572045,-0.000733609381325
24.429,2.33853005718,0.0147227440878,0.00497912032881,0.499955776439,-0.000740333879992
24.449,2.34852918048,0.0147724681528,0.00496431868446,0.499955937163,-0.00074120613469
24.469,2.35852830728,0.014822046036,0.00494940572389,0.499956116078,-0.000748191824515
24.489,2.36852743733,0.0148714767042,0.00493439260847,0.499956263108,-0.000752150946551
24.509,2.37852657,0.0149207595011,0.00491932469954,0.499956384657,-0.000754983473367
24.529,2.38852570484,0.0149698940178,0.00490421492085,0.499956486782,-0.000757771155174
24.549,2.39852484154,0.0150188798502,0.00488905071338,0.499956571588,-0.000760489994894
24.569,2.40852397968,0.0150677166657,0.0048738458736,0.499956635305,-0.000762920379377
24.589,2.41852311891,0.0151164036978,0.00485859492797,0.499956670401,-0.000763055589807
24.609,2.42852225901,0.0151649408675,0.00484326463471,0.499956715705,-0.000768492418101
24.629,2.43852139948,0.015213327278,0.00482789044392,0.499956726295,-0.000771240991435
24.649,2.4485205402,0.0152615621779,0.00481242515068,0.499956721955,-0.000773804087949
24.669,2.45851968044,0.0153096449915,0.00479693878686,0.499956690726,-0.00077530391011
24.689,2.4685188197,0.0153575753708,0.00478145387314,0.499956629153,-0.000774502449075
24.709,2.47851795776,0.0154053531467,0.00476594569388,0.499956563911,-0.000775785836367
24.729,2.48851709419,0.0154529780718,0.00475043719435,0.499956483143,-0.000777155634729
24.749,2.49851622878,0.0155004498419,0.00473492220947,0.499956376947,-0.000775935387498
24.769,2.50851536141,0.0155477682378,0.00471936510355,0.4999562869,-0.000779823090617
24.789,2.51851449216,0.015594932438,0.00470372773249,0.499956191708,-0.000784180975313
24.809,2.52851362052,0.0156419415532,0.00468807712398,0.499956054248,-0.000782741182567
24.829,2.53851274641,0.0156887951909,0.00467237672225,0.499955937043,-0.000786396818373
24.849,2.54851186963,0.0157354926853,0.00465665475039,0.499955798032,-0.000786927646391
24.869,2.55851098991,0.0157820336525,0.0046409343014,0.499955653927,-0.000787654973283
24.889,2.56851010725,0.0158284177942,0.00462520502922,0.499955509351,-0.000788490927293
24.909,2.5785092216,0.0158746447042,0.00460947603298,0.499955352304,-0.00078686539062
24.929,2.58850833305,0.0159207141431,0.00459372992516,0.499955210939,-0.000787842638532
24.949,2.59850744155,0.0159666258988,0.00457798424488,0.499955087852,-0.000791950254239
24.969,2.60850654768,0.0160123790779,0.00456216111741,0.499954962465,-0.000793338045288
24.989,2.61850565128,0.0160579731472,0.00454631943954,0.499954836386,-0.000793812867659
25.009,2.62850475239,0.0161034076343,0.0045304715221,0.499954718629,-0.000794467845931
25.029,2.63850385117,0.0161486822095,0.00451462569412,0.499954601316,-0.00079318542926
25.049,2.64850294791,0.0161937966555,0.00449876322777,0.49995450806,-0.000794153058085
25.069,2.65850204289,0.0162387507029,0.00448288253757,0.499954441998,-0.000797867917089
25.089,2.66850113654,0.0162835437339,0.00446696852299,0.499954368689,-0.000796866035928
25.109,2.6785002293,0.0163281752899,0.00445098502951,0.499954340566,-0.000801322872424
25.129,2.68849932142,0.0163726445888,0.00443495981025,0.499954316139,-0.000803529740866
25.149,2.69849841307,0.0164169511799,0.00441891834777,0.499954302217,-0.000804842862842
25.169,2.70849750462,0.0164610947658,0.00440285329455,0.499954307117,-0.000806239688428
25.189,2.71849659646,0.0165050749946,0.00438675844488,0.499954331414,-0.000807916162105
25.209,2.72849568901,0.0165488915002,0.0043706259972,0.499954377227,-0.000809992399421
25.229,2.73849478267,0.0165925437841,0.00435445543052,0.499954433319,-0.000810282240393
25.249,2.74849387782,0.0166360317037,0.00433824092239,0.499954518849,-0.000812826711919
25.269,2.75849297497,0.0166793547251,0.00432195574348,0.499954638724,-0.000818264182017
25.289,2.76849207456,0.016722512098,0.00430559790501,0.499954765386,-0.000821591393322
25.309,2.77849117691,0.0167655031666,0.00428916753864,0.499954904134,-0.000823845169791
25.329,2.78849028216,0.0168083274922,0.00427269447147,0.499955057767,-0.000826387806645
25.349,2.79848939061,0.0168509847936,0.00425618011595,0.49995522721,-0.000829203685477
25.369,2.8084885026,0.0168934746241,0.00423961564216,0.499955402095,-0.000830267590828
25.389,2.81848761837,0.0169357968542,0.00422299873416,0.499955600261,-0.000833445057583
25.409,2.8284867382,0.0169779512095,0.00420632567263,0.499955822185,-0.000839195069652
25.429,2.83848586255,0.0170199367777,0.00418955598379,0.499956034151,-0.000840495936183
25.449,2.84848499164,0.0170617532544,0.00417267700515,0.499956281171,-0.000846951726017
25.469,2.85848412548,0.0171033997172,0.00415572548287,0.499956514,-0.000849894118892
25.489,2.86848326404,0.0171448757509,0.00413871236472,0.499956750645,-0.000852952607017
25.509,2.87848240737,0.0171861810085,0.00412163947806,0.499956990367,-0.000856188673454
25.529,2.88848155543,0.0172273151677,0.00410452234982,0.499957220897,-0.000857710358369
25.549,2.8984807083,0.0172682779875,0.00408733708164,0.499957460832,-0.00086108793493
25.569,2.90847986595,0.0173090690998,0.00407008646927,0.499957698574,-0.000864590817065
25.589,2.91847902816,0.0173496881718,0.0040527986161,0.499957918983,-0.000866040140788
25.609,2.9284781948,0.0173901351102,0.00403546480542,0.499958143669,-0.000869663616354
25.629,2.93847736608,0.0174304095242,0.00401802223364,0.499958383995,-0.000877175940537
25.649,2.94847654187,0.0174705104125,0.00400048383432,0.499958582542,-0.000878293062523
25.669,2.95847572176,0.0175104372658,0.00398286533196,0.499958783105,-0.000882437419676
25.689,2.96847490538,0.017550189575,0.00396519471562,0.499958962194,-0.000885205484688
25.709,2.97847409241,0.0175897670085,0.00394747643922,0.499959126547,-0.000888037778309
25.729,2.98847328258,0.0176291692182,0.00392970121006,0.499959276362,-0.000890871518441
25.749,2.9984724755,0.0176683958197,0.00391188982698,0.499959397607,-0.000891496077593
25.769,3.00847167086,0.0177074465572,0.00389402543825,0.499959512993,-0.00089420798317
25.789,3.01847086838,0.0177463210369,0.00387610039564,0.499959617792,-0.000898143189216
25.809,3.02847006758,0.0177850188001,0.0038581435,0.499959689046,-0.000899541869276
25.829,3.03846926806,0.0178235394215,0.00384014852104,0.499959743894,-0.000901185183824
25.849,3.04846846938,0.0178618828306,0.00382213191439,0.499959778063,-0.000902628018629
25.869,3.05846767116,0.01790004855,0.00380409214491,0.49995978524,-0.000902423010144
25.889,3.06846687306,0.0179380365571,0.00378601866476,0.499959792546,-0.000905737529458
25.909,3.07846607485,0.017975846254,0.00376789597097,0.499959774279,-0.00090723188068
25.929,3.08846527609,0.018013477166,0.00374974053736,0.499959737926,-0.000908770389114
25.949,3.09846447625,0.0180509289949,0.00373158490132,0.499959674042,-0.000908858056475
25.969,3.10846367498,0.0180882014453,0.0037134277426,0.499959593004,-0.000908077430248
25.989,3.118462872,0.0181252945572,0.00369526267873,0.499959507897,-0.000909507792888
26.009,3.12846206708,0.0181622079638,0.0036770889336,0.499959404005,-0.000909833183044
26.029,3.13846125994,0.0181989414024,0.00365890813434,0.499959288658,-0.000910190658398
26.049,3.14846045028,0.0182354946242,0.00364073595411,0.499959153464,-0.000908805928945
26.069,3.15845963794,0.0182718674986,0.00362256282565,0.499959018826,-0.000909175557719
26.089,3.16845882292,0.0183080597214,0.00360436065901,0.499958890482,-0.000911756126073
26.109,3.17845800501,0.0183440707923,0.00358615850323,0.499958738908,-0.000911137900752
26.129,3.18845718403,0.0183799004116,0.00356795949846,0.499958584331,-0.000910649860253
26.149,3.19845635985,0.0184155485031,0.00354978516796,0.499958421357,-0.000909094355189
26.169,3.20845553245,0.0184510150081,0.00353162678695,0.499958265137,-0.000908736497809
26.189,3.21845470206,0.0184862997103,0.00351345113165,0.499958121821,-0.000910050206347
26.209,3.2284538686,0.0185214022399,0.00349529162801,0.499957966169,-0.000908551039286
26.229,3.23845303242,0.0185563223442,0.00347709612212,0.499957837206,-0.000910581405639
26.249,3.24845219341,0.0185910596692,0.00345891597606,0.499957705898,-0.000911229629412
26.269,3.25845135181,0.0186256138991,0.00344073474865,0.499957574602,-0.000909872988817
26.289,3.26845050774,0.018659984982,0.00342256175393,0.499957462584,-0.000910378206655
26.309,3.27844966156,0.0186941726329,0.00340437929446,0.499957361018,-0.000910304930792
26.329,3.28844881349,0.0187281765952,0.00338619250311,0.499957273981,-0.000910521841785
26.349,3.29844796379,0.0187619966941,0.00336800741598,0.499957202731,-0.000911031244274
26.369,3.30844711279,0.0187956327395,0.00334981588637,0.499957148979,-0.000911856109316
26.389,3.31844626093,0.0188290844579,0.0033316011361,0.499957114533,-0.00091291947416
26.409,3.32844540848,0.0188623515525,0.00331338154372,0.499957088428,-0.000912444586267
26.429,3.33844455582,0.0188954338931,0.00329514035675,0.499957092664,-0.00091448042161
26.449,3.34844370335,0.0189283310958,0.00327688304798,0.499957106687,-0.000914501179161
26.469,3.35844285138,0.0189610430872,0.00325861445897,0.499957141507,-0.000915268299986
26.489,3.36844200025,0.0189935698081,0.00324033849337,0.499957197492,-0.000917072341981
26.509,3.37844115053,0.0190259107947,0.00322202056093,0.499957272136,-0.000917737685118
26.529,3.38844030249,0.0190580660883,0.00320367736969,0.499957374196,-0.000920923115919
26.549,3.39843945665,0.0190900351782,0.00318528734147,0.499957482056,-0.000921436240444
26.569,3.40843861336,0.0191218178006,0.00316683986375,0.499957624503,-0.000925510654
26.589,3.4184377729,0.0191534135006,0.00314835279616,0.499957767356,-0.000926778485131
26.609,3.42843693548,0.0191848220057,0.0031298366859,0.499957923967,-0.000927849428541
26.629,3.43843610138,0.0192160432877,0.0031112887949,0.499958100743,-0.000930427094596
26.649,3.44843527095,0.0192470771069,0.00309269752243,0.499958285595,-0.000932287373036
26.669,3.45843444449,0.0192779231225,0.00307404577727,0.499958489141,-0.000934950515289
26.689,3.46843362213,0.0193085811144,0.00305534940256,0.499958699206,-0.000937619642352
26.709,3.47843280407,0.0193390508217,0.00303660293758,0.499958918024,-0.000940472669357
26.729,3.48843199046,0.0193693319222,0.00301780269409,0.499959139089,-0.000943105056228
26.749,3.49843118144,0.0193994240357,0.00299894103186,0.499959366035,-0.000945038765425
26.769,3.50843037696,0.0194293270545,0.00298003630122,0.499959594047,-0.00094747417072
26.789,3.51842957702,0.0194590407553,0.00296109152502,0.499959820079,-0.000949614945664
26.809,3.52842878167,0.0194885648778,0.00294209376532,0.499960046999,-0.000952015084958
26.829,3.53842799088,0.0195178992501,0.00292304257616,0.499960270802,-0.000954484502398
26.849,3.54842720451,0.0195470436031,0.00290394450016,0.499960489446,-0.000957088387134
26.869,3.55842642242,0.0195759977769,0.00288480303085,0.499960700342,-0.000959671029949
26.889,3.56842564449,0.019604761362,0.002865610494,0.499960897868,-0.000961084319551
26.909,3.5784248705,0.0196333343378,0.00284637172421,0.499961091081,-0.000963788514762
26.929,3.58842410018,0.0196617164236,0.00282709755313,0.499961266426,-0.000965509798473
26.949,3.59842333324,0.0196899073911,0.00280778972249,0.499961425522,-0.00096658151861
26.969,3.60842256945,0.0197179071757,0.00278844051925,0.499961575917,-0.000968723418747
26.989,3.61842180842,0.0197457155719,0.00276906598658,0.499961707237,-0.00097038134475
27.009,3.62842104983,0.0197733324045,0.00274966427339,0.49996181698,-0.00097099561248
27.029,3.63842029332,0.0198007576035,0.00273023700616,0.499961913868,-0.000972516652637
27.049,3.64841953853,0.0198279910953,0.00271078573144,0.499961999049,-0.000975334328525
27.069,3.65841878524,0.019855032307,0.00269128668664,0.499962054794,-0.000975584940844
27.089,3.66841803286,0.0198818812863,0.00267177975035,0.499962090393,-0.000976013390802
27.109,3.67841728097,0.0199085378728,0.00265226783937,0.49996210611,-0.000976320533732
27.129,3.68841652917,0.0199350020159,0.00263275557671,0.499962100045,-0.000976050865478
27.149,3.6984157771,0.0199612736746,0.00261323914072,0.499962078001,-0.000976210460937
27.169,3.70841502445,0.0199873527423,0.00259370804839,0.499962043631,-0.000977281953158
27.189,3.71841427082,0.0200132390161,0.00257417410935,0.499961987659,-0.000977664931242
27.209,3.72841351595,0.0200389322979,0.00255462388794,0.499961916422,-0.000978019022138
27.229,3.73841275936,0.0200644324044,0.00253508710879,0.499961821138,-0.00097706197285
27.249,3.74841200068,0.0200897393417,0.00251557049107,0.499961711006,-0.00097611273703
27.269,3.75841123962,0.0201148531455,0.00249607557895,0.499961587208,-0.000975137151937
27.289,3.76841047596,0.0201397738012,0.00247660072406,0.499961451688,-0.000973937833666
27.309,3.77840970946,0.0201645013488,0.00245714752808,0.499961307109,-0.000973029938078
27.329,3.78840894,0.0201890357352,0.00243770386973,0.49996115927,-0.000972991306673
27.349,3.79840816741,0.0202133768475,0.00241827814833,0.499960998932,-0.000972185811253
27.369,3.80840739166,0.0202375244575,0.00239884853723,0.499960841112,-0.00097201108275
27.389,3.81840661255,0.0202614784748,0.00237944654321,0.499960669311,-0.000970341166648
27.409,3.82840582994,0.0202852389045,0.00236007840652,0.499960496106,-0.000968794212629
27.429,3.83840504385,0.0203088058009,0.00234074127648,0.499960324404,-0.000967418025008
27.449,3.84840425432,0.0203321791957,0.00232143372135,0.499960154491,-0.000965893003703
27.469,3.85840346144,0.0203553591105,0.00230215097638,0.499959990896,-0.000964732564246
27.489,3.86840266534,0.0203783455369,0.00228288695678,0.499959838114,-0.000964447399287
27.509,3.8784018662,0.0204011383977,0.00226364006825,0.499959689495,-0.000963657993342
27.529,3.88840106428,0.0204237374897,0.00224439097031,0.499959557421,-0.000963558293896
27.549,3.89840025968,0.0204461427216,0.00222516394964,0.499959426752,-0.000962105839059
27.569,3.90839945258,0.0204683541008,0.00220596391285,0.499959309638,-0.000961025929474
27.589,3.91839864326,0.0204903716702,0.00218678699419,0.499959206258,-0.000959928581546
27.609,3.92839783202,0.0205121954855,0.00216762939776,0.499959119678,-0.000959255096449
27.629,3.93839701923,0.0205338255251,0.00214848340063,0.499959050246,-0.000958602818911
27.649,3.94839620528,0.020555261765,0.00212933597965,0.499959002895,-0.000958912350835
27.669,3.95839539055,0.0205765040561,0.00211018457021,0.499958972846,-0.000959166081882
27.689,3.9683945754,0.0205975522805,0.00209102832223,0.499958962317,-0.00095973778688
27.709,3.97839376019,0.0206184063097,0.00207186915939,0.499958966295,-0.000959603313463
27.729,3.98839294522,0.0206390661289,0.00205271791483,0.499958986789,-0.000959258880301
27.749,3.99839213089,0.0206595317592,0.00203356607795,0.49995902708,-0.00095911955911
27.769,4.00839131757,0.0206798032608,0.00201441431366,0.499959087762,-0.000959444834534
27.789,4.0183905057,0.0206998805932,0.00199524898357,0.49995916942,-0.000960245205485
27.809,4.02838969565,0.020719763713,0.00197606894319,0.499959269464,-0.000961274742318
27.829,4.03838888779,0.0207394525109,0.00195686819027,0.499959384935,-0.000962029915228
27.849,4.0483880825,0.0207589469231,0.00193763532098,0.499959523853,-0.000964217436444
27.869,4.05838728008,0.0207782467288,0.00191837616784,0.499959668358,-0.000964712175867
27.889,4.06838648069,0.0207973519194,0.00189910621797,0.499959826135,-0.000965480434592
27.909,4.07838568463,0.0208162625322,0.00187981704636,0.499959997483,-0.000966499095763
27.929,4.08838489216,0.0208349785569,0.00186050209736,0.499960181064,-0.000967805275086
27.949,4.09838410347,0.0208534999525,0.00184116004051,0.499960373692,-0.000969144422835
27.969,4.10838331876,0.0208718266956,0.00182178808959,0.499960575284,-0.000970926397209
27.989,4.11838253819,0.0208899586372,0.00180237832972,0.499960782613,-0.000972470467337
28.009,4.12838176188,0.020907895718,0.00178292462645,0.499960998588,-0.000975049737623
28.029,4.13838098983,0.0209256377513,0.00176344079472,0.499961207124,-0.000975947255342
28.049,4.14838022201,0.0209431847211,0.00174393009816,0.499961415906,-0.000976991580872
28.069,4.15837945839,0.020960536673,0.00172439535056,0.499961624808,-0.000978511087073
28.089,4.16837869891,0.0209776935723,0.00170483379342,0.499961828261,-0.000979674189774
28.109,4.1783779435,0.0209946554264,0.0016852445213,0.499962026857,-0.000980961303227
28.129,4.188377192,0.0210114222342,0.00166562865158,0.499962218458,-0.000982334379352
28.149,4.19837644427,0.021027993952,0.00164598498788,0.499962400764,-0.000983636688308
28.169,4.20837570014,0.0210443705202,0.00162630628396,0.499962574989,-0.000985340309769
28.189,4.21837495934,0.0210605518437,0.00160660374853,0.499962732312,-0.00098619984679
28.209,4.22837422154,0.0210765379113,0.00158688633045,0.499962873163,-0.000986604792368
28.229,4.23837348639,0.0210923288297,0.00156716523446,0.49996299877,-0.000987072724482
28.249,4.24837275363,0.0211079246601,0.00154743143412,0.499963109287,-0.000987552504749
28.269,4.25837202292,0.021123325444,0.00152768674105,0.499963203212,-0.000988056997925
28.289,4.26837129391,0.0211385312007,0.00150793229617,0.499963279477,-0.0009885347857
28.309,4.27837056624,0.0211535419282,0.00148816867151,0.499963337167,-0.00098890757093
28.329,4.28836983956,0.021168357608,0.00146839264437,0.499963378575,-0.000989658074064
28.349,4.29836911343,0.0211829781746,0.00144861771547,0.499963392484,-0.000988811558012
28.369,4.30836838733,0.0211974037666,0.00142886545883,0.499963386063,-0.000987990889243
28.389,4.31836766095,0.0212116345282,0.00140912292287,0.499963361838,-0.000987144508811
28.409,4.32836693388,0.021225670587,0.00138939883916,0.499963318935,-0.000986326902737
28.429,4.33836620575,0.0212395120283,0.00136969066863,0.499963258613,-0.000985547898531
28.449,4.34836547621,0.0212531589685,0.00135000002914,0.499963181267,-0.000984810033385
28.469,4.35836474493,0.0212666114383,0.00133032693095,0.499963086835,-0.00098388881803
28.489,4.3683640116,0.0212798694935,0.00131066974199,0.499962978762,-0.00098325897603
28.509,4.37836327592,0.0212929331323,0.00129103051899,0.499962854216,-0.000982160232389
28.529,4.3883625374,0.0213058024893,0.00127144736767,0.499962704946,-0.000979190291236
28.549,4.39836179585,0.0213184778684,0.0012519047838,0.499962550169,-0.000977247972611
28.569,4.40836105111,0.0213309594416,0.00123239757812,0.499962386429,-0.00097538208544
28.589,4.41836030299,0.0213432473423,0.00121292530997,0.499962215119,-0.000973602675858
28.609,4.42835955135,0.0213553416822,0.00119348834179,0.499962037995,-0.000971963618276
28.629,4.43835879608,0.0213672425757,0.00117408568921,0.499961856706,-0.000970429730294
28.649,4.44835803713,0.0213789500745,0.00115471518416,0.499961672597,-0.000968866182479
28.669,4.45835727447,0.0213904642364,0.00113537407561,0.499961488424,-0.000967454695562
28.689,4.46835650798,0.0214017851347,0.00111608610596,0.499961292818,-0.00096390387753
28.709,4.47835573763,0.0214129130921,0.00109685423159,0.499961105871,-0.000961627901442
28.729,4.48835496355,0.0214238483741,0.00107767229759,0.49996092472,-0.000959570123083
28.749,4.49835418595,0.021434591156,0.00105852291699,0.499960754361,-0.000958151514265
28.769,4.50835340497,0.0214451415086,0.00103940657097,0.499960590117,-0.000956343794334
28.789,4.51835262078,0.0214554995518,0.00102032717087,0.499960436399,-0.00095479123686
28.809,4.52835183364,0.0214656653843,0.00100127484176,0.499960295794,-0.000953506998443
28.829,4.53835104376,0.0214756390586,0.000982254503673,0.49996016261,-0.000951230247428
28.849,4.54835025129,0.0214854208225,0.000963287033961,0.499960043066,-0.000949286910752
28.869,4.55834945659,0.0214950109457,0.000944358501171,0.49995994073,-0.000947593285234
28.889,4.56834866005,0.0215044095984,0.000925452936765,0.499959856853,-0.000946173645018
28.909,4.57834786204,0.0215136169053,0.00090656835008,0.499959794298,-0.000945638689987
28.929,4.58834706291,0.0215226329453,0.00088770336983,0.49995974724,-0.000944678779095
28.949,4.59834626305,0.0215314578084,0.000868853001463,0.499959718742,-0.000943778668984
28.969,4.60834546285,0.0215400915867,0.000850012861359,0.49995971237,-0.000943600814713
28.989,4.61834466261,0.0215485343815,0.000831195660355,0.499959718278,-0.000942380069083
29.009,4.62834386275,0.0215567863677,0.000812390805974,0.499959744584,-0.000941440466118
29.029,4.63834306367,0.0215648476542,0.000793593312624,0.499959792877,-0.000940991496732
29.049,4.64834226572,0.0215727185148,0.000774804725374,0.499959860378,-0.000941350078783
29.069,4.65834146932,0.0215803988822,0.000756015217494,0.499959940718,-0.000940483002532
29.089,4.66834067475,0.0215878889624,0.000737230439772,0.499960042925,-0.000940845957981
29.109,4.67833988239,0.0215951889318,0.000718442172739,0.499960161629,-0.00094137220373
29.129,4.68833909261,0.0216022987928,0.000699637939736,0.499960297108,-0.000942211074881
29.149,4.6983383056,0.0216092186331,0.000680835047476,0.499960439067,-0.000941976019182
29.169,4.7083375217,0.0216159485945,0.000662012072859,0.499960601327,-0.000943212418374
29.189,4.71833674108,0.0216224887072,0.000643181757073,0.499960767155,-0.000943303708663
29.209,4.72833596392,0.0216288391094,0.000624345684205,0.499960937913,-0.00094266861086
29.229,4.73833519035,0.0216350000404,0.000605502782598,0.499961125757,-0.000944163940967
29.249,4.74833442055,0.0216409715884,0.000586646467621,0.499961312414,-0.000944287437588
29.269,4.75833365463,0.0216467538791,0.000567770046467,0.499961508014,-0.000945398704037
29.289,4.76833289267,0.0216523470147,0.000548869874048,0.499961706992,-0.000946895087011
29.309,4.77833213472,0.0216577509324,0.000529941327619,0.499961904662,-0.000948126233998
29.329,4.78833138074,0.0216629656489,0.000510983738946,0.499962101585,-0.000949637775293
29.349,4.79833063039,0.0216679913244,0.00049204996385,0.499962276909,-0.000948327562249
29.369,4.80832988364,0.0216728283114,0.000473117807336,0.499962449783,-0.00094758082911
29.389,4.81832914045,0.0216774768517,0.000454170619148,0.499962624751,-0.000948227309989
29.409,4.82832840066,0.021681937175,0.000435211689632,0.499962790764,-0.000949389286868
29.429,4.83832766407,0.0216862092333,0.000416237867792,0.499962943797,-0.000949887654421
29.449,4.84832693049,0.0216902931075,0.000397246555077,0.499963083287,-0.000950064395851
29.469,4.85832619956,0.0216941889875,0.00037824939474,0.499963212243,-0.000951031441218
29.489,4.86832547094,0.0216978968689,0.000359261491188,0.49996330979,-0.000948876137022
29.509,4.87832474423,0.0217014171216,0.000340288840254,0.499963402552,-0.000948740981136
29.529,4.88832401914,0.0217047500641,0.000321328164833,0.499963474006,-0.000948065658728
29.549,4.89832329532,0.0217078959594,0.000302377144735,0.499963531842,-0.000948353959355
29.569,4.90832257241,0.0217108548596,0.000283442130538,0.499963563756,-0.000946903367156
29.589,4.91832185002,0.0217136270881,0.000264520430643,0.499963582344,-0.000946407342012
29.609,4.9283211278,0.0217162128044,0.000245610047638,0.499963582353,-0.000945915977937
29.629,4.93832040537,0.0217186121038,0.000226713612331,0.49996355696,-0.000944065577985
29.649,4.94831968224,0.0217208252254,0.000207847235612,0.499963516218,-0.000942703889511
29.669,4.958318958,0.0217228525357,0.000189017391701,0.499963455101,-0.00094184889815
29.689,4.96831823243,0.0217246939504,0.00017020270783,0.499963373513,-0.000939087399182
29.709,4.9783175049,0.021726350198,0.00015144899507,0.499963273956,-0.000937966906458
29.729,4.9883167752,0.0217278212254,0.00013273630612,0.499963153809,-0.000935153017895
29.749,4.998316043,0.0217291074869,0.000114061336426,0.499963024676,-0.000933406660656
29.769,5.00831530806,0.0217302092105,9.54190180972e-05,0.499962885214,-0.000932320149464
29.789,5.01831457013,0.021731126507,7.6811718696e-05,0.499962729605,-0.000930518351146
29.809,5.02831382887,0.0217318595292,5.82564699575e-05,0.499962547569,-0.000925803161934
29.829,5.03831308387,0.0217324087846,3.97798199867e-05,0.499962363208,-0.000923048237115
29.849,5.04831233507,0.0217327747177,2.13638413917e-05,0.499962172398,-0.000920353626866
29.869,5.05831158241,0.0217329575889,2.99425044815e-06,0.499961977832,-0.000917842223266
29.889,5.06831082578,0.0217329578077,-1.53241759349e-05,0.499961782614,-0.000916233658131
29.909,5.07831006509,0.0217327754202,-3.35888537374e-05,0.499961576033,-0.000912865910748
29.929,5.08830930029,0.0217324108125,-5.17986607106e-05,0.499961374484,-0.000910644929607
29.949,5.09830853139,0.0217318642287,-6.99522032835e-05,0.499961168299,-0.000907277141461
29.969,5.10830775843,0.0217311359561,-8.8049703322e-05,0.499960966101,-0.000904107419852
29.989,5.11830698146,0.0217302264332,-0.000106090373411,0.499960777141,-0.000902663275499
30.009,5.12830620064,0.0217291357592,-0.000124073424085,0.49996058033,-0.000898323464153
30.029,5.13830541601,0.0217278644494,-0.000141987920942,0.499960399939,-0.000895794229931
30.049,5.14830462783,0.0217264128555,-0.000159846182343,0.499960231179,-0.000893498855197
30.069,5.15830383639,0.0217247812791,-0.00017766033181,0.499960075947,-0.000891420631116
30.089,5.16830304203,0.0217229698952,-0.000195443221746,0.499959935764,-0.000889588564307
30.109,5.17830224498,0.021720978833,-0.000213186859442,0.499959804436,-0.000886812137077
30.129,5.18830144545,0.0217188085306,-0.000230881050042,0.499959696959,-0.000885966502262
30.149,5.19830064379,0.0217164590439,-0.000248524870718,0.499959589508,-0.000881924170144
30.169,5.2082998402,0.021713930975,-0.000266103899765,0.499959508371,-0.000879990395567
30.189,5.2182990352,0.0217112247157,-0.000283648258546,0.499959448191,-0.00087831249645
30.209,5.22829822921,0.021708340525,-0.00030116357116,0.499959408088,-0.000876930565647
30.229,5.23829742266,0.0217052786112,-0.000318658665702,0.499959388472,-0.000875830932936
30.249,5.2482966159,0.0217020391581,-0.00033613319845,0.4999593887,-0.000875061644142
30.269,5.25829580934,0.0216986223345,-0.000353588043594,0.49995940252,-0.000873276592634
30.289,5.26829500325,0.0216950284301,-0.000371012854816,0.49995943516,-0.000871842783306
30.309,5.27829419807,0.0216912577068,-0.000388418573015,0.499959488718,-0.000870889272367
30.329,5.28829339412,0.0216873105815,-0.000405802250941,0.49995955844,-0.000869944272895
30.349,5.2982925918,0.0216831872893,-0.000423176162563,0.49995965392,-0.000870716096153
30.369,5.30829179149,0.0216788878897,-0.00044054330154,0.499959752589,-0.000868995529778
30.389,5.31829099342,0.0216744127615,-0.000457903903969,0.499959879143,-0.000870088860481
30.409,5.32829019792,0.0216697620624,-0.000475259233109,0.499960008881,-0.000869196254893
30.429,5.33828940531,0.0216649359426,-0.000492625699785,0.49996015724,-0.000868966644934
30.449,5.34828861567,0.0216599348187,-0.000509979909915,0.499960313409,-0.000869756641623
30.469,5.35828782937,0.02165475861,-0.000527351958623,0.499960476007,-0.000869220841277
30.489,5.36828704645,0.0216494076009,-0.000544724871146,0.499960650286,-0.000869453754158
30.509,5.37828626686,0.0216438822278,-0.000562067183359,0.499960818454,-0.00086889384398
30.529,5.38828549081,0.0216381827152,-0.000579407679534,0.499960990164,-0.000867630715421
30.549,5.39828471835,0.0216323094532,-0.000596749980602,0.499961172054,-0.000868057653184
30.569,5.4082839495,0.0216262628027,-0.000614089679678,0.499961353201,-0.000868534753032
30.589,5.41828318434,0.0216200427596,-0.000631448265358,0.49996152837,-0.000867985865422
30.609,5.42828242267,0.0216136498063,-0.000648802623296,0.499961707424,-0.000869411426296
30.629,5.43828166436,0.0216070839159,-0.000666147681705,0.499961866212,-0.000867555105419
30.649,5.44828090926,0.0216003456574,-0.00068348499673,0.499962021883,-0.000867211554574
30.669,5.45828015722,0.0215934353273,-0.000700817579189,0.499962172013,-0.000868049182735
30.689,5.46827940794,0.0215863530996,-0.000718128631961,0.499962299443,-0.000866331922458
30.709,5.47827866122,0.0215790994727,-0.0007354315105,0.499962423255,-0.000866181010967
30.729,5.48827791694,0.0215716746441,-0.000752743204249,0.49996253464,-0.000866020842768
30.749,5.49827717476,0.0215640787691,-0.000770059965977,0.499962635814,-0.000866899505446
30.769,5.50827643423,0.0215563120407,-0.0007873503398,0.49996270747,-0.000865446067051
30.789,5.51827569505,0.0215483747255,-0.000804623845557,0.499962753037,-0.000862025028022
30.809,5.52827495669,0.0215402673685,-0.000821859257916,0.499962798562,-0.000862572334545
30.829,5.53827421882,0.0215319903065,-0.000839050192819,0.499962807865,-0.000859528784895
30.849,5.54827348115,0.0215235440257,-0.000856220065765,0.499962809059,-0.000858172107669
30.869,5.55827274335,0.0215149288013,-0.000873372875329,0.499962798479,-0.000858189972323
30.889,5.56827200502,0.0215061448003,-0.000890500448173,0.499962761395,-0.000856697917589
30.909,5.57827126573,0.0214971922362,-0.000907593801058,0.499962693953,-0.000852868962305
30.929,5.58827052498,0.0214880716148,-0.000924636268067,0.499962623619,-0.0008524923233
30.949,5.59826978232,0.0214787833116,-0.000941604549345,0.499962513174,-0.000847858167699
30.969,5.60826903755,0.0214693278226,-0.000958538522861,0.499962402736,-0.000845584243742
30.989,5.61826829032,0.0214597057104,-0.000975422197945,0.499962276722,-0.000844425387965
31.009,5.62826754035,0.0214499169853,-0.000992261988844,0.49996213068,-0.000841756352137
31.029,5.63826678725,0.0214399620793,-0.0010090399192,0.499961963223,-0.00083770675126
31.049,5.64826603076,0.0214298414266,-0.00102576199338,0.499961791977,-0.000835302822113
31.069,5.65826527055,0.0214195555561,-0.00104240362808,0.499961602023,-0.00083167905098
31.089,5.66826450643,0.0214091048759,-0.00105897626306,0.499961404079,-0.000828166390426
31.109,5.67826373833,0.0213984898528,-0.00107549092954,0.499961199951,-0.000824679912293
31.129,5.68826296608,0.0213877108107,-0.00109194381253,0.499960990556,-0.000821433866375
31.149,5.69826218958,0.021376768309,-0.0011083346239,0.499960785502,-0.000819869131019
31.169,5.70826140878,0.0213656624807,-0.00112466193349,0.499960569743,-0.000816610986593
31.189,5.71826062367,0.0213543937306,-0.00114093179402,0.499960354531,-0.000813486167968
31.209,5.72825983423,0.0213429623892,-0.0011571348148,0.499960134545,-0.000809158236494
31.229,5.73825904044,0.0213313689116,-0.00117326247547,0.49995991955,-0.000805298241587
31.249,5.74825824224,0.0213196139258,-0.00118929171639,0.499959709031,-0.000801738782143
31.269,5.75825743996,0.021307697931,-0.00120525856498,0.499959508517,-0.000798293675219
31.289,5.76825663384,0.0212956212532,-0.00122117556754,0.499959319291,-0.000795114098125
31.309,5.77825582403,0.0212833844155,-0.00123703421204,0.49995914896,-0.000793834122354
31.329,5.78825501072,0.0212709875025,-0.00125282538495,0.499958973002,-0.000789264908186
31.349,5.79825419419,0.0212584310476,-0.00126856374925,0.499958821831,-0.000786779323055
31.369,5.80825337468,0.0212457155652,-0.00128423679642,0.499958684676,-0.000784458649923
31.389,5.81825255265,0.0212328412133,-0.00129987210874,0.499958560542,-0.0007812311332
31.409,5.82825172833,0.0212198083761,-0.00131545435785,0.499958457902,-0.000778759203831
31.429,5.83825090205,0.0212066176857,-0.00133098389874,0.499958375147,-0.000777922859046
31.449,5.84825007423,0.021193269178,-0.00134646992188,0.499958305203,-0.000775473358012
31.469,5.85824924519,0.0211797633355,-0.00136190293992,0.499958245116,-0.000771442544729
31.489,5.86824841521,0.02116610075,-0.00137727645883,0.499958214306,-0.000769735677631
31.509,5.87824758494,0.0211522817322,-0.00139263577893,0.499958209644,-0.00076851782358
31.529,5.88824675473,0.0211383067214,-0.00140796997553,0.499958225119,-0.000768538118966
31.549,5.89824592503,0.0211241756501,-0.00142329451581,0.499958256054,-0.000767498965262
31.569,5.90824509592,0.0211098889101,-0.00143855762633,0.499958285429,-0.000763343319422
31.589,5.91824426788,0.0210954471761,-0.0014537992377,0.499958358745,-0.000764062119827
31.609,5.92824344124,0.021080850702,-0.00146900010907,0.499958426473,-0.000760728026092
31.629,5.93824261625,0.021066100117,-0.00148416378015,0.499958521741,-0.000759815673866
31.649,5.94824179336,0.021051195836,-0.00149931125343,0.499958633501,-0.000759137026211
31.669,5.95824097295,0.0210361381188,-0.00151446059138,0.499958760351,-0.000758664633639
31.689,5.96824015521,0.0210209272044,-0.00152960104903,0.499958898881,-0.000758455319435
31.709,5.97823934025,0.0210055634502,-0.00154471514974,0.499959041448,-0.000757344874694
31.729,5.98823852845,0.02099004711,-0.00155984163672,0.499959196168,-0.000756498614477
31.749,5.99823771982,0.0209743785741,-0.00157495393561,0.499959357319,-0.000755896488166
31.769,6.0082369145,0.0209585582662,-0.00159005897269,0.499959531734,-0.000757234868885
31.789,6.01823611261,0.0209425862262,-0.00160516160724,0.499959700536,-0.000756706877403
31.809,6.02823531425,0.0209264627136,-0.00162027240266,0.499959863011,-0.000754478212773
31.829,6.03823451913,0.0209101884118,-0.00163534401469,0.499960031541,-0.000754332901566
31.849,6.04823372732,0.0208937636074,-0.0016503996286,0.499960199043,-0.000754343634934
31.869,6.05823293883,0.0208771887287,-0.00166544841752,0.499960357642,-0.000753301855655
31.889,6.06823215349,0.0208604641762,-0.0016804814558,0.499960510056,-0.000752363250367
31.909,6.07823137129,0.0208435903051,-0.00169552585659,0.499960667799,-0.000753721787789
31.929,6.088230592,0.0208265672545,-0.00171056255863,0.49996080302,-0.000752762032829
31.949,6.09822981549,0.0208093952959,-0.00172561487782,0.499960939292,-0.000753938585019
31.969,6.10822904122,0.0207920746697,-0.00174061866845,0.499961037846,-0.000750941744951
31.989,6.11822826885,0.0207746060326,-0.00175557634096,0.499961123977,-0.000748337781763
32.009,6.12822749824,0.0207569899542,-0.00177051554284,0.499961206246,-0.000747576440317
32.029,6.13822672924,0.0207392267101,-0.0017854620068,0.499961281752,-0.000748274524622
32.049,6.1482259614,0.0207213163194,-0.00180038498194,0.499961319376,-0.000744533330907
32.069,6.15822519415,0.0207032595983,-0.00181525603954,0.499961348555,-0.00074431858502
32.089,6.16822442727,0.0206850566776,-0.00183010075825,0.499961355033,-0.000742316737052
32.109,6.17822366049,0.0206667078313,-0.00184493410204,0.499961345716,-0.000739386719033
32.129,6.18822289306,0.0206482139411,-0.00185968851297,0.499961310858,-0.000738238902317
32.149,6.19822212484,0.0206295750271,-0.00187440862107,0.499961251699,-0.000734308790516
32.169,6.20822135535,0.0206107917986,-0.00188908123405,0.499961191422,-0.000734044170649
32.189,6.21822058416,0.0205918646184,-0.00190368442438,0.499961089646,-0.000729327273376
32.209,6.22821981089,0.0205727941615,-0.00191822418722,0.499960979347,-0.000726265118999
32.229,6.2382190353,0.0205535808727,-0.00193271634309,0.499960853592,-0.000723149486085
32.249,6.24821825706,0.0205342252592,-0.00194715752554,0.499960722855,-0.000722307209703
32.269,6.25821747589,0.0205147275032,-0.00196154928497,0.499960565935,-0.000719104092049
32.289,6.26821669145,0.0204950879523,-0.00197588281559,0.499960385788,-0.00071389043247
32.309,6.27821590332,0.0204753073524,-0.00199013371691,0.499960211362,-0.000712770116082
32.329,6.28821511139,0.0204553859487,-0.00200431799322,0.499960009086,-0.000707933514617
32.349,6.29821431546,0.0204353242171,-0.00201844078779,0.499959808121,-0.000704363368494
32.369,6.30821351504,0.0204151231332,-0.00203244056264,0.49995958593,-0.000700079181378
32.389,6.31821271035,0.0203947829574,-0.00204638202517,0.499959367223,-0.000696239411207
32.409,6.32821190132,0.0203743042497,-0.00206027035919,0.499959157438,-0.000694740566633
32.429,6.33821108788,0.0203536872636,-0.00207409245803,0.499958933749,-0.000690995151022
32.449,6.34821026969,0.020332932611,-0.00208779762539,0.499958697647,-0.000685416982923
32.469,6.35820944718,0.0203120408833,-0.00210146569212,0.499958488374,-0.000683898622272
32.489,6.3682086202,0.0202910123499,-0.00211504626072,0.499958262264,-0.000678827908178
32.509,6.37820778893,0.0202698475234,-0.00212856407975,0.499958048057,-0.000674693280202
32.529,6.38820695349,0.0202485469081,-0.00214201717827,0.499957854508,-0.000673394575375
32.549,6.39820611404,0.0202271108056,-0.00215539907182,0.499957657367,-0.000669615568113
32.569,6.40820527064,0.0202055397453,-0.00216868648605,0.499957458644,-0.000663806827867
32.589,6.41820442359,0.0201838344515,-0.00218190244737,0.499957286641,-0.000660542631097
32.609,6.42820357312,0.0201619954795,-0.00219503704157,0.499957128407,-0.000657586752901
32.629,6.43820271977,0.0201400232393,-0.00220813319604,0.499956988628,-0.000654765978423
32.649,6.44820186382,0.0201179179585,-0.00222118604624,0.499956869199,-0.000652561753798
32.669,6.45820100559,0.0200956801848,-0.00223419214735,0.499956768506,-0.00065167447366
32.689,6.46820014551,0.0200733097317,-0.00224716396078,0.499956664483,-0.000646008698675
32.709,6.47819928357,0.0200508076624,-0.00226004717336,0.49995660096,-0.000645742942401
32.729,6.48819842025,0.0200281741872,-0.00227285591959,0.499956533589,-0.000640933755552
32.749,6.49819755606,0.0200054101013,-0.00228562410109,0.499956500798,-0.000638719015982
32.769,6.50819669138,0.0199825158362,-0.00229834319791,0.499956487278,-0.00063687171174
32.789,6.51819582676,0.0199594917734,-0.00231104986279,0.499956505595,-0.000637168613529
32.809,6.52819496256,0.0199363380813,-0.0023237321634,0.499956532426,-0.000635684991354
32.829,6.5381940992,0.0199130550118,-0.00233640308929,0.499956578875,-0.000634423075515
32.849,6.54819323702,0.0198896428096,-0.0023490668997,0.499956652189,-0.000635179331499
32.869,6.55819237621,0.0198661015656,-0.00236168374467,0.499956701459,-0.000628327704651
32.889,6.5681915168,0.0198424324036,-0.00237423116494,0.499956802726,-0.000629451869536
32.909,6.57819065931,0.0198186356763,-0.0023867332709,0.499956897104,-0.000626089377629
32.929,6.58818980421,0.0197947120469,-0.00239923770985,0.499957030468,-0.000627289401
32.949,6.59818895173,0.0197706617185,-0.00241172748396,0.499957164278,-0.000626515374119
32.969,6.60818810216,0.0197464848857,-0.00242421922696,0.499957300073,-0.000623983021443
32.989,6.61818725544,0.0197221820373,-0.00243667405814,0.499957447234,-0.000622786050772
33.009,6.62818641168,0.0196977537715,-0.00244909105936,0.499957601066,-0.000621796614151
33.029,6.63818557107,0.0196732005819,-0.00246148544647,0.499957761078,-0.000620911220736
33.049,6.64818473373,0.0196485229847,-0.00247386248761,0.499957924893,-0.000620148518371
33.069,6.65818389972,0.0196237213869,-0.00248622924621,0.499958090509,-0.000619496918888
33.089,6.66818306904,0.0195987961897,-0.00249858139803,0.499958255312,-0.000618951187021
33.109,6.67818224169,0.0195737477515,-0.00251092909077,0.499958418134,-0.000618482238828
33.129,6.68818141762,0.0195485763714,-0.00252327710695,0.499958576995,-0.000618058717683
33.149,6.69818059672,0.0195232822524,-0.00253562344627,0.499958724908,-0.000616783772024
33.169,6.70817977874,0.0194978658103,-0.00254795227772,0.499958868785,-0.00061599750088
33.189,6.71817896346,0.0194723276492,-0.00256026153334,0.499959004711,-0.000616872054294
33.209,6.72817815063,0.0194466678027,-0.00257253604944,0.499959108589,-0.000613272003438
33.229,6.73817733998,0.0194208870462,-0.00258478418675,0.499959212985,-0.000612074467194
33.249,6.7481765312,0.0193949858936,-0.00259699448338,0.49995930226,-0.000610978616508
33.269,6.75817563139,0.019368987603,-0.00261003545155,0.49994267955,-0.000981628337295
33.289,6.76817453054,0.0193428101153,-0.00262447132606,0.499945485079,-0.000970646793861
33.309,6.77817344021,0.0193165129451,-0.00263874048319,0.499945506844,-0.000969865586444
33.329,6.78817235093,0.0192900755801,-0.00265298222551,0.499945438772,-0.000971400953577
33.349,6.79817126225,0.0192634982537,-0.00266716144527,0.499945416133,-0.000967880673836
33.369,6.80817017365,0.0192367817526,-0.00268129274687,0.499945384676,-0.000966452034577
33.389,6.81816908484,0.0192099266123,-0.00269537253712,0.499945364246,-0.000964780528655
33.409,6.82816799549,0.0191829333457,-0.00270940667544,0.49994535375,-0.000962810036777
33.429,6.83816690519,0.0191558023385,-0.00272340750702,0.49994535279,-0.000960526976108
33.449,6.84816581362,0.0191285339202,-0.00273736911936,0.499945363074,-0.000957969602177
33.469,6.8581647204,0.0191011285342,-0.00275129367525,0.499945371978,-0.00095693243182
33.489,6.86816362539,0.0190735864574,-0.00276515538547,0.499945411439,-0.000952984313744
33.509,6.87816252823,0.0190459081754,-0.00277894966131,0.499945477381,-0.000946460222408
33.529,6.8881614287,0.0190180943384,-0.00279267253096,0.499945556471,-0.000942955077088
33.549,6.89816032663,0.0189901458506,-0.00280628986782,0.499945605557,-0.000937839282014
33.569,6.90815922157,0.0189620628878,-0.00281987456285,0.499945685063,-0.000933332294369
33.589,6.91815811336,0.018933846241,-0.00283339628749,0.499945747377,-0.000930271597004
33.609,6.92815700188,0.0189054959241,-0.00284685566711,0.499945837463,-0.000925255103799
33.629,6.938155887,0.0188770121299,-0.00286027013932,0.499945963631,-0.00091795805583
33.649,6.94815476862,0.0188483962209,-0.00287357527374,0.499946040787,-0.000914190734807
33.669,6.95815364677,0.01881964797,-0.00288679909991,0.499946168163,-0.000905871578858
33.689,6.96815252129,0.0187907683571,-0.00289993359826,0.499946283926,-0.000900048402858
33.709,6.97815139226,0.0187617581488,-0.00291297628061,0.49994639869,-0.000894306461542
33.729,6.98815025961,0.0187326177585,-0.00292595005747,0.499946513327,-0.000888568354844
33.749,6.99814930343,0.0187033677396,-0.00293689455861,0.499956200649,-0.000528627053311
33.769,7.00814843079,0.018673994606,-0.00294754421396,0.499956011663,-0.000534397719553
33.789,7.01814755466,0.0186445129229,-0.00295815098609,0.499955809676,-0.000528317922488
33.809,7.02814667448,0.018614924331,-0.00296866794527,0.499955613314,-0.000524612625457
33.829,7.03814579027,0.0185852296938,-0.0029790773192,0.499955424716,-0.00052086697324
33.849,7.04814490247,0.0185554294055,-0.00298941999375,0.499955252249,-0.000517380526223
33.869,7.05814401148,0.01852552394,-0.0029997156316,0.499955096376,-0.000514087480644
33.889,7.06814311754,0.0184955138194,-0.00300995629415,0.499954966639,-0.000513246833566
33.909,7.07814222103,0.0184653991507,-0.00302015090991,0.499954842788,-0.000510318260383
33.929,7.08814132214,0.0184351804705,-0.00303027684218,0.499954735809,-0.000507640828954
33.949,7.09814042111,0.018404858306,-0.00304031549577,0.499954631895,-0.000502472149248
33.969,7.10813951848,0.0183744333442,-0.0030503056819,0.499954560212,-0.00049953273805
33.989,7.11813861451,0.0183439061277,-0.00306022277316,0.499954506598,-0.000496953741112
34.009,7.12813770981,0.0183132771227,-0.00307011209026,0.499954475858,-0.000494496015026
34.029,7.13813680477,0.0182825467291,-0.00307997077839,0.499954476406,-0.000494727662281
34.049,7.14813589972,0.0182517152039,-0.00308978955628,0.499954484105,-0.000492743545662
34.069,7.15813499504,0.0182207829088,-0.00309956767969,0.499954499888,-0.000488870143646
34.089,7.16813409109,0.0181897504284,-0.00310931882647,0.499954556768,-0.00048951325363
34.109,7.17813318814,0.0181586180938,-0.00311901499885,0.499954605469,-0.000485509704715
34.129,7.18813228669,0.0181273863663,-0.00312869843098,0.49995468935,-0.000484208526116
34.149,7.19813138701,0.0180960559703,-0.00313835354137,0.49995479053,-0.00048481236128
34.169,7.20813048963,0.018064626478,-0.00314802291683,0.499954898951,-0.000481773013485
34.189,7.21812959435,0.018033099199,-0.00315762616496,0.499955020256,-0.000482248193826
34.209,7.22812870157,0.0180014739585,-0.00316719439036,0.499955140945,-0.000479039196574
34.229,7.23812781151,0.0179697516785,-0.00317673527562,0.499955284583,-0.000478312959636
34.249,7.24812692448,0.0179379327578,-0.00318627047933,0.49995543821,-0.000477709855881
34.269,7.25812604068,0.0179060173975,-0.00319580556766,0.499955595599,-0.000476573363641
34.289,7.26812516011,0.0178740061313,-0.00320532468628,0.499955762729,-0.00047613679881
34.309,7.27812428283,0.0178418993561,-0.00321482648017,0.499955931671,-0.000476985573656
34.329,7.28812340894,0.0178096972104,-0.00322432357215,0.499956096034,-0.000476036221679
34.349,7.29812253853,0.017777399928,-0.0032338357,0.499956262343,-0.00047412624558
34.369,7.30812167117,0.017745008445,-0.00324328927543,0.499956418981,-0.000474377685277
34.389,7.31812080697,0.0177125227573,-0.00325272723692,0.499956562964,-0.000471470496992
34.409,7.32811994568,0.0176799436875,-0.00326212872477,0.499956710707,-0.000470888827276
34.429,7.33811906867,0.0176472955471,-0.00327188103472,0.499938187153,-0.000848622842605
34.449,7.34811793235,0.0176145045968,-0.00328371240112,0.499945467293,-0.000843413038654
34.469,7.35811682018,0.0175816168323,-0.00329531475245,0.499945546098,-0.000843627483025
34.489,7.36811571064,0.0175486148043,-0.00330691172625,0.499945467073,-0.000846048110109
34.509,7.37811460306,0.0175154984952,-0.00331848896935,0.499945406132,-0.000845930438234
34.529,7.38811349727,0.0174822683162,-0.00333002453585,0.499945367814,-0.000843563011449
34.549,7.39811239277,0.0174489248686,-0.00334154356329,0.499945305424,-0.000845130029249
34.569,7.4081112894,0.0174154684679,-0.0033530163876,0.499945282462,-0.000842493358179
34.589,7.41811018679,0.0173818994849,-0.00336447133496,0.499945264183,-0.000841101720113
34.609,7.42810908462,0.0173482186796,-0.00337587591067,0.499945242998,-0.000839061497878
34.629,7.43810798256,0.0173144262538,-0.00338723957788,0.499945243296,-0.000837184730591
34.649,7.4481068802,0.0172805229939,-0.00339856162705,0.49994522427,-0.000836858425355
34.669,7.45810577738,0.0172465089974,-0.00340981729268,0.499945257496,-0.000831995239944
34.689,7.46810467362,0.0172123851062,-0.00342102002517,0.499945282579,-0.000829043153317
34.709,7.47810356869,0.0171781519075,-0.00343215338642,0.499945319705,-0.000825893238321
34.729,7.48810246218,0.0171438099029,-0.0034432390608,0.499945365556,-0.000822418534838
34.749,7.4981013538,0.0171093595119,-0.003454270281,0.499945426321,-0.000817993447213
34.769,7.50810024321,0.0170748010786,-0.0034652627472,0.499945517536,-0.000814113035561
34.789,7.51809913024,0.0170401351311,-0.00347618159926,0.499945582366,-0.000808746473965
34.809,7.52809801459,0.0170053622726,-0.00348703398516,0.499945684045,-0.000804211631827
34.829,7.53809689604,0.0169704829617,-0.00349781785584,0.499945743391,-0.000800474860266
34.849,7.54809577439,0.0169354974963,-0.0035085402736,0.499945846831,-0.000795033502669
34.869,7.55809464965,0.0169004065315,-0.00351916395767,0.499945973096,-0.000787492831771
34.889,7.5680935215,0.0168652107883,-0.00352971498742,0.499946087209,-0.000781894338772
34.909,7.57809238994,0.0168299108429,-0.00354017435105,0.49994621308,-0.000775632473691
34.929,7.58809125481,0.0167945072409,-0.00355056806488,0.499946339218,-0.000769304231071
34.949,7.59809011604,0.0167590003185,-0.00356089891906,0.49994647294,-0.000763115428384
34.969,7.60808897366,0.0167233908517,-0.00357115876384,0.499946582637,-0.000759052771659
34.989,7.61808791766,0.0166876874786,-0.00358005242053,0.499954611607,-0.000358573340625
35.009,7.62808700862,0.0166519024581,-0.00358768132319,0.49995413881,-0.000387335620628
35.029,7.6380860951,0.016616029537,-0.00359535946185,0.499953951249,-0.000384064576994
35.049,7.64808517778,0.0165800790043,-0.00360299718323,0.499953760615,-0.000381202371624
35.069,7.65808425657,0.016544051282,-0.00361056794107,0.499953575179,-0.000379372275137
35.089,7.66808333185,0.0165079461066,-0.00361810468412,0.499953392579,-0.000373733887775
35.109,7.67808240328,0.0164717648678,-0.00362550743683,0.49995320972,-0.000369326104884
35.129,7.68808147133,0.016435507753,-0.00363282553163,0.499953054114,-0.000366026688826
35.149,7.69808053658,0.0163991755059,-0.00364010526169,0.499952929913,-0.000365200017779
35.169,7.70807959933,0.016362768405,-0.00364733047416,0.499952809994,-0.000362176268223
35.189,7.71807866,0.0163262865665,-0.00365452370053,0.499952702015,-0.000357565489092
35.209,7.72807771862,0.0162897310964,-0.0036616294659,0.49995262435,-0.000356805285388
35.229,7.73807677565,0.0162531019356,-0.00366866203775,0.499952544984,-0.000351788347781
35.249,7.74807583162,0.0162163999798,-0.00367566256123,0.499952512048,-0.000351676822784
35.269,7.7580748868,0.0161796255252,-0.00368259369839,0.499952471026,-0.000346666415417
35.289,7.76807394169,0.0161427792235,-0.00368949559134,0.49995247686,-0.00034689290969
35.309,7.77807299674,0.0161058613299,-0.00369636338102,0.499952489771,-0.00034484513734
35.329,7.78807205238,0.0160688719903,-0.00370321580989,0.499952513758,-0.000340954238921
35.349,7.79807110869,0.0160318121816,-0.00371000465262,0.499952571949,-0.000341437811984
35.369,7.80807016636,0.0159946817045,-0.00371678755971,0.499952631558,-0.000337910696768
35.389,7.81806922545,0.0159574814484,-0.00372352407016,0.499952726204,-0.000338887507028
35.409,7.82792771132,0.0159207530417,-0.00372183733031,0.482080451646,-0.00184118686615
35.429,7.83740902963,0.0158853142494,-0.00372617195742,0.463619765019,0.0013681274387
35.449,7.84648989725,0.0158516450986,-0.00372667394864,0.447602399769,-0.000253699134598
35.469,7.85516028361,0.0158195326896,-0.00372009780266,0.422346789465,-0.000895901249881
35.489,7.86341984931,0.0157887413563,-0.00370545349308,0.402452616718,5.08024137286e-05
35.509,7.87127831877,0.0157595856705,-0.00368442044693,0.382454888545,3.68109191663e-05
35.529,7.8787366402,0.0157320493477,-0.00366505303672,0.362456425328,4.28654956751e-05
35.549,7.8857949106,0.0157061217463,-0.00364707589504,0.342457569175,4.75916971339e-05
35.569,7.89245313286,0.0156817798168,-0.00363030123577,0.322458694942,5.08953413596e-05
35.589,7.89871130755,0.0156590027139,-0.00361457142843,0.30245985813,5.28419382948e-05
35.609,7.90456943673,0.0156377716844,-0.00359975251404,0.282460971771,5.42048010366e-05
35.629,7.91002752187,0.0156180698552,-0.00358572033622,0.262462010666,5.52701415541e-05
35.649,7.91508556455,0.0155998819129,-0.00357237112543,0.242462978392,5.61554242669e-05
35.669,7.91974356734,0.0155831938153,-0.00355961200438,0.222463873682,5.68492641058e-05
35.689,7.92400153322,0.015567992689,-0.00354736315656,0.202464696482,5.74259907838e-05
35.709,7.92785946543,0.0155542665841,-0.00353555478976,0.182465448993,5.79280070978e-05
35.729,7.93131736712,0.015542004337,-0.00352412602294,0.162466134458,5.83716078668e-05
35.749,7.93437524193,0.0155311954384,-0.00351302101392,0.142466752532,5.87422504625e-05
35.769,7.93703309362,0.0155218299776,-0.00350218930759,0.122467303879,5.90640543866e-05
35.789,7.93929092597,0.0155138985127,-0.00349158551968,0.102467790329,5.93557446847e-05
35.809,7.94114874276,0.0155073919906,-0.00348116790675,0.0824682133825,5.96258735211e-05
35.829,7.94260654779,0.0155023016775,-0.00347089766254,0.062468574356,5.98813427071e-05
35.849,7.94366434484,0.0154986190962,-0.00346073838244,0.0424688751336,6.0134429641e-05
35.869,7.94432213763,0.0154963359565,-0.0034506554605,0.0224691162373,6.03845550408e-05
35.889,7.94457992997,0.0154954441034,-0.00344061516063,0.00246929699412,6.062904008e-05
35.909,7.94458427106,0.0154954802366,-0.00343364852561,-0.000607293885889,4.59182668061e-05
35.929,7.94458515981,0.0154954790027,-0.0034262502008,-0.00060284935429,4.69575123918e-05
35.949,7.94458607556,0.0154954764471,-0.00341883415532,-0.000602847249089,4.67928534124e-05
35.969,7.94458699085,0.015495473871,-0.0034114260936,-0.0006028385109,4.68446216844e-05
35.989,7.9445879049,0.0154954713025,-0.00340402623473,-0.000602824469765,4.69183846351e-05
36.009,7.94458881764,0.0154954687524,-0.00339663465867,-0.00060280941787,4.69990407773e-05
36.029,7.94458972902,0.0154954662208,-0.00338925158502,-0.000602793832323,4.70841935478e-05
36.049,7.94459063905,0.0154954637009,-0.00338187700536,-0.000602778242194,4.71693924888e-05
36.069,7.94459154774,0.0154954611924,-0.00337451090937,-0.000602762668117,4.72545033872e-05
36.089,7.94459245507,0.0154954586953,-0.0033671532871,-0.00060274711162,4.73395219559e-05
36.109,7.94459336107,0.0154954562097,-0.00335980412861,-0.000602731571892,4.74244443857e-05
36.129,7.94459426572,0.0154954537354,-0.00335246342399,-0.0006027160506,4.75092740389e-05
36.149,7.94459516902,0.0154954512725,-0.00334513116337,-0.000602700546041,4.75940085778e-05
36.169,7.94459607099,0.0154954488208,-0.00333780733685,-0.000602685059384,4.76786536259e-05
36.189,7.94459697162,0.0154954463805,-0.00333049193458,-0.000602669590559,4.77632034327e-05
36.209,7.94459787091,0.0154954439514,-0.00332318494672,-0.000602654137958,4.78476633229e-05
36.229,7.94459876886,0.0154954415336,-0.00331588637158,-0.000602638845384,4.79307338149e-05
36.249,7.94459966547,0.0154954391271,-0.00330859623577,-0.000602623615504,4.80129828968e-05
36.269,7.94460056074,0.0154954367319,-0.00330131453021,-0.000602608396979,4.8095175426e-05
36.289,7.94460145467,0.0154954343477,-0.00329404124494,-0.000602593194751,4.81772778874e-05
36.309,7.94460234726,0.0154954319747,-0.00328677637014,-0.000602578010421,4.82592921992e-05
36.329,7.94460323852,0.0154954296127,-0.00327951989609,-0.000602562842279,4.83412147451e-05
36.349,7.94460412844,0.0154954272618,-0.00327227181302,-0.000602547691024,4.8423049223e-05
36.369,7.94460501703,0.0154954249219,-0.00326503211114,-0.000602532557099,4.85047965338e-05
36.389,7.94460590429,0.0154954225929,-0.0032578007808,-0.000602517439326,4.85864506317e-05
36.409,7.94460679021,0.0154954202768,-0.00325057782964,-0.000602501482874,4.86744069125e-05
36.429,7.94460767478,0.0154954179748,-0.00324336310927,-0.000602483343634,4.87792846877e-05
36.449,7.94460855802,0.0154954156837,-0.00323615646,-0.000602465266868,4.88838986447e-05
36.469,7.94460943993,0.0154954134036,-0.00322895787422,-0.000602447208843,4.89883990129e-05
36.489,7.94461032051,0.0154954111343,-0.00322176734332,-0.000602429170493,4.90927938109e-05
36.509,7.94461119976,0.0154954088759,-0.00321458485872,-0.00060241115049,4.91970826738e-05
36.529,7.94461207769,0.0154954066282,-0.00320741041179,-0.000602393149418,4.93012625321e-05
36.549,7.94461295429,0.0154954043913,-0.00320024399397,-0.000602375165987,4.94053407604e-05
36.569,7.94461382956,0.0154954021651,-0.00319308559671,-0.000602357201828,4.95093110536e-05
36.589,7.94461470352,0.0154953999496,-0.00318593521145,-0.000602339255379,4.96131759732e-05
36.609,7.94461557616,0.0154953977447,-0.00317879282966,-0.000602321327626,4.97169350251e-05
36.629,7.94461644747,0.0154953955505,-0.00317165844284,-0.000602303418512,4.98205888204e-05
36.649,7.94461731747,0.015495393367,-0.00316453205853,-0.000602285963407,4.9921739681e-05
36.669,7.94461818614,0.0154953911941,-0.00315741369693,-0.00060226860178,5.00223509719e-05
36.689,7.94461905349,0.0154953890318,-0.00315030334775,-0.000602251256144,5.01228729735e-05
36.709,7.94461991951,0.01549538688,-0.0031432010024,-0.000602233928272,5.02232941022e-05
36.729,7.94462078422,0.0154953847387,-0.00313610665239,-0.000602216618147,5.03236137493e-05
36.749,7.94462164761,0.0154953826079,-0.00312902028929,-0.000602199325169,5.04238312463e-05
36.769,7.94462250968,0.0154953804875,-0.0031219419046,-0.00060218205032,5.0523947295e-05
36.789,7.94462337043,0.0154953783775,-0.0031148714899,-0.00060216479287,5.06239627472e-05
36.809,7.94462422987,0.015495376279,-0.00310780905382,-0.000602147775358,5.07181158308e-05
36.829,7.94462508772,0.0154953742103,-0.00310075663789,-0.000602130913315,5.07375070519e-05
36.849,7.94462594377,0.0154953721564,-0.00309371629988,-0.000602112358048,5.0754879958e-05
36.869,7.94462679802,0.0154953701147,-0.00308668806162,-0.000602093757932,5.07724413572e-05
36.889,7.94462765047,0.0154953680849,-0.00307967189968,-0.000602075190452,5.07899764817e-05
36.909,7.94462850113,0.0154953660672,-0.00307266779054,-0.000602056658413,5.08074859095e-05
36.929,7.94462935,0.0154953640614,-0.00306567571077,-0.000602038161098,5.08249699456e-05
36.949,7.94463019708,0.0154953620676,-0.003058695637,-0.000602019698944,5.08424351086e-05
36.969,7.94463104238,0.0154953600855,-0.00305172754597,-0.00060200127154,5.08598678307e-05
36.989,7.9446318859,0.0154953581153,-0.00304477141451,-0.000601982878799,5.0877278467e-05
37.009,7.94463272764,0.0154953561571,-0.00303782726713,-0.00060196401025,5.08911469004e-05
37.029,7.94463356759,0.0154953542107,-0.00303089516316,-0.000601944941034,5.09048147617e-05
37.049,7.94463440575,0.015495352276,-0.00302397507669,-0.000601925904347,5.09184895857e-05
37.069,7.94463524212,0.015495350353,-0.00301706698436,-0.000601906903342,5.09321466273e-05
37.089,7.94463607672,0.0154953484416,-0.00301017086309,-0.000601887938191,5.09457874582e-05
37.109,7.94463690954,0.0154953465417,-0.00300328668986,-0.000601869008694,5.09594066494e-05
37.129,7.94463774072,0.0154953446435,-0.00299641280474,-0.000601846097547,5.1115696354e-05
37.149,7.94463857094,0.0154953427449,-0.00298954240847,-0.000601827647026,5.13327503621e-05
37.169,7.94463940021,0.0154953408543,-0.00298267495618,-0.000601809577195,5.15479734805e-05
37.189,7.94464022855,0.0154953389722,-0.00297581045338,-0.000601791516452,5.17631627072e-05
37.209,7.94464105594,0.0154953370985,-0.00296894889941,-0.000601773459188,5.19783152526e-05
37.229,7.9446418824,0.0154953352333,-0.00296209029373,-0.000601755405417,5.21934219592e-05
37.249,7.94464270792,0.0154953333765,-0.00295523463575,-0.000601737354466,5.24084946719e-05
37.269,7.9446435325,0.0154953315281,-0.00294838192491,-0.000601719307213,5.26235213764e-05
37.289,7.94464435614,0.0154953296882,-0.00294153216063,-0.000601701262846,5.28385084218e-05
37.309,7.94464517884,0.0154953278566,-0.00293468534232,-0.000601683221473,5.30534543446e-05
37.329,7.94464600061,0.0154953260334,-0.00292784146938,-0.000601665183929,5.3268353272e-05
37.349,7.94464682144,0.0154953242185,-0.0029210005412,-0.000601647149722,5.34832092623e-05
37.369,7.94464764133,0.015495322412,-0.00291416255722,-0.000601629118557,5.36980220984e-05
37.389,7.94464846028,0.0154953206138,-0.00290732751678,-0.000601611091272,5.3912788812e-05
37.409,7.9446492783,0.0154953188239,-0.00290049541928,-0.000601593067788,5.41275139951e-05
37.429,7.94465009538,0.0154953170423,-0.00289366626407,-0.000601575047508,5.43421889152e-05
