15.932,-0.0984881181459,0.000928343929705,0.506265555395,0.0476075760417,0.00170495353092
15.952,-0.0973699023084,0.00154812721986,0.506277928257,0.064376662876,0.000902524703741
15.972,-0.0959005693928,0.00236275767031,0.506290447525,0.0818645653495,0.000802661092914
15.992,-0.0940814339555,0.00337137590349,0.506301074291,0.0993549056313,0.000714397835746
16.012,-0.0919124880248,0.00457399371448,0.506310473089,0.116845150712,0.000640608316863
16.032,-0.0893923871883,0.00597147998561,0.506315591064,0.134375523381,0.000496214837748
16.052,-0.0865215096886,0.00756353548924,0.506324142939,0.151875202717,0.000537304443501
16.072,-0.0833003949249,0.00934979597611,0.506333821607,0.169362057994,0.000468049754134
16.092,-0.079729494,0.0113300705099,0.506342456555,0.186851862044,0.000427454603884
16.112,-0.0758087978954,0.0135043700107,0.506350399009,0.204341590225,0.000391432426887
16.132,-0.0715383083268,0.0158726975277,0.506357680841,0.221831220932,0.000358837284207
16.152,-0.0669180268807,0.0184350554078,0.506364325003,0.239320771829,0.000328803459599
16.172,-0.0619479555844,0.0211914456216,0.506370459253,0.256810243541,0.000300583124763
16.192,-0.0566280964456,0.0241418700723,0.5063762121,0.274299634166,0.000273068556918
16.212,-0.0509584488797,0.0272863304066,0.506381270843,0.291789011585,0.00024722174957
16.232,-0.0449390135931,0.0306248265096,0.506385750554,0.309278374252,0.000220931196524
16.252,-0.0385697912506,0.0341573582802,0.506389721485,0.326767727102,0.000194084121508
16.272,-0.0318507823848,0.0378839254741,0.506393247622,0.344257073687,0.000165784789199
16.292,-0.0247830169986,0.0418038596941,0.506390543879,0.361620195583,-0.000510745643277
16.312,-0.0173657172291,0.0459176818836,0.506385973838,0.379114802483,-0.000519527094284
16.332,-0.00959857708742,0.050225487723,0.506380604807,0.396606222787,-0.000554095117818
16.352,-0.00148160458708,0.0547272604196,0.506374456622,0.414097968652,-0.000594326620432
16.372,0.006986072386,0.0594235513451,0.506372389463,0.431715775732,9.31730686529e-06
16.392,0.0157162047565,0.0642654422951,0.506372642746,0.437221444926,5.94191791601e-06
16.412,0.0244605204589,0.0691151164856,0.50637207129,0.437213696269,-4.2546610718e-05
16.432,0.0332048121282,0.0739647673139,0.506370603624,0.437213974153,-8.34188181188e-05
16.452,0.0419491137282,0.0788144026248,0.506368172796,0.437214586544,-0.000130564258075
16.472,0.0506934289687,0.0836640147511,0.50636493272,0.43721543294,-0.000187948414269
16.492,0.0594377632062,0.0885135959417,0.506360720464,0.437216683839,-0.00025605385069
16.512,0.068182128112,0.0933631352227,0.50635452325,0.437218251314,-0.00033223879489
16.532,0.0769265329752,0.0982126165127,0.506346419425,0.437220477125,-0.00042776682439
16.552,0.0856709923614,0.103062020942,0.506335706801,0.437223440424,-0.000545172365353
16.572,0.0944155203875,0.107911326345,0.506322125569,0.437227221792,-0.000690736644869
16.592,0.103160130032,0.112760509729,0.506305678306,0.43723184702,-0.000874103175993
16.612,0.111904851912,0.117609539848,0.506284119623,0.437237966027,-0.00110795340386
16.632,0.120649710782,0.122458375636,0.506257227975,0.437245657856,-0.00141462541823
16.652,0.129394748697,0.127306966554,0.506222633908,0.437255651042,-0.00182236521925
16.672,0.138140030762,0.132155238314,0.506176329952,0.437269152981,-0.00238574189813
16.692,0.14688563724,0.137003087638,0.506114491837,0.437287397931,-0.00319227242304
16.712,0.155632086016,0.141850411801,0.506033246946,0.437350402228,-0.0041275135276
16.732,0.164379677666,0.146697487493,0.505922675302,0.437395435583,-0.00601693420571
16.752,0.173127851805,0.151543663329,0.505777617169,0.437402009063,-0.00982458059515
16.772,0.18187685913,0.156387687053,0.505493502302,0.437503251789,-0.0163040202892
16.792,0.190628133396,0.161229395056,0.505061102443,0.437660085829,-0.0300934530882
16.812,0.199299636733,0.166018801524,0.504267160841,0.426617545635,-0.0525224075402
16.832,0.207634545732,0.170610736758,0.502967006499,0.410010689965,-0.071536301601
16.852,0.215644714099,0.175006630852,0.501730898538,0.393495800344,-0.0538294186915
16.872,0.223304565883,0.179204112794,0.50089856885,0.37579253095,-0.0331536681723
16.892,0.230610882582,0.183201923546,0.500453686701,0.357989421631,-0.0137220436141
16.912,0.237562237155,0.187003115017,0.500395668335,0.340103583226,0.0057316487922
16.932,0.244157078261,0.190610574336,0.500682264095,0.32204590243,0.0167404875939
16.952,0.250398449107,0.194026711936,0.500953074547,0.30460477039,0.0116852619042
16.972,0.256289423452,0.197252799454,0.50115098252,0.287097129334,0.00904010574839
16.992,0.261829563374,0.200288108356,0.50130846787,0.269560757531,0.007336470627
17.012,0.267018797191,0.203132161743,0.501438799253,0.252018352025,0.00619975168865
17.032,0.271857085881,0.20578466248,0.50155273644,0.234473891029,0.00539944539393
17.052,0.276344439745,0.208245412615,0.501654681056,0.216928732195,0.00482118173167
17.072,0.280480903995,0.210514273692,0.501746415952,0.199386549809,0.00429450840032
17.092,0.284266633571,0.212591143943,0.501816071219,0.181862975567,0.00320065060574
17.112,0.287701833392,0.214475895658,0.501848433173,0.164376250372,0.000829488258074
17.132,0.290786759027,0.216168284692,0.501811726573,0.146929253379,-0.00511483280301
17.152,0.29352255968,0.217668364002,0.501658940933,0.129367949931,-0.0145556308261
17.172,0.29616526191,0.219116390756,0.501441012342,0.140711542173,-0.00206475649694
17.192,0.299151133505,0.220753576382,0.501537012304,0.158162841384,0.0065252318391
17.212,0.302487780505,0.222583190905,0.501589673508,0.175706207681,0.00149919440315
17.232,0.306175356499,0.224605339355,0.501592345552,0.193250426444,-0.000593185612587
17.252,0.31021384544,0.226819841486,0.501565132554,0.210793974714,-0.00144110408678
17.272,0.314603186275,0.229226562496,0.501529466604,0.228337170209,-0.00191388404906
17.292,0.319343408588,0.231825431729,0.501485453676,0.245881721928,-0.00223289915261
17.312,0.324434535563,0.234616380463,0.501435349219,0.263427623477,-0.00251717193191
17.332,0.329876596836,0.237599344453,0.501379960372,0.280975393457,-0.00281238331334
17.352,0.335669637105,0.240774255487,0.501317954092,0.298525467295,-0.00315346014369
17.372,0.341813698572,0.244141035162,0.501249522286,0.316078131322,-0.00358137048191
17.392,0.348308870375,0.247699587837,0.501168229676,0.333634878538,-0.0041058400372
17.412,0.355155228351,0.251449781781,0.501073749832,0.351196612951,-0.00482510027463
17.432,0.362352899796,0.255391454261,0.500959416847,0.368765029738,-0.00581692496152
17.452,0.369901940373,0.259524421712,0.500833913118,0.386343888767,-0.00728326126044
17.472,0.377802696834,0.263848424238,0.500658802966,0.403930350724,-0.00938143291732
17.492,0.386055543025,0.268362990094,0.50041756241,0.421545673917,-0.0128881753698
17.512,0.394660911833,0.273067452359,0.500098266959,0.439199093097,-0.0193186481069
17.532,0.403439006297,0.277861421976,0.499559905123,0.439800031536,-0.034957545548
17.552,0.41213477632,0.28259988615,0.498799434861,0.428403481651,-0.0436366330026
17.572,0.42049361188,0.287144065334,0.497675373347,0.411546352648,-0.0631200935401
17.592,0.428498277282,0.291481656287,0.496155413893,0.39258894741,-0.0811478475367
17.612,0.436170217703,0.295625512768,0.494415136967,0.37545299848,-0.0970620614133
17.632,0.443491524417,0.299558484995,0.49243360972,0.360325813307,-0.0830279346176
17.652,0.450475153266,0.303299910092,0.491028836032,0.342127599359,-0.0625190741326
17.672,0.457109933054,0.306842838989,0.489961120079,0.324696114505,-0.0456274834719
17.692,0.463394677694,0.31019162504,0.489227897869,0.307148074069,-0.0289192265504
17.712,0.46932800107,0.313348833555,0.488829358696,0.289544010609,-0.0121658315421
17.732,0.474906184252,0.316315338007,0.488790828313,0.271471873999,0.00829173932756
17.752,0.480133325428,0.319096105817,0.489068019608,0.254230835804,0.0211798664521
17.772,0.485006976576,0.321692840495,0.489541655897,0.236283263102,0.0159982641108
17.792,0.489525997182,0.324100988814,0.48971402604,0.218565751536,-0.000447942566655
17.812,0.493888011671,0.32642518631,0.489568825469,0.226108466393,-0.0137246500443
17.832,0.498586229507,0.32892749603,0.489338474518,0.243367506479,-0.0113555826212
17.852,0.5036392448,0.331617752183,0.489112137608,0.261050114334,-0.0113073470804
17.872,0.509045877777,0.334494783672,0.488904759394,0.278731049993,-0.0102939665234
17.892,0.514806222256,0.337558528479,0.488702587272,0.296418140498,-0.00999894833745
17.912,0.520920375816,0.340808878962,0.488499057356,0.314111418211,-0.0102286942541
17.932,0.527388493075,0.344245676715,0.488282300869,0.331813107799,-0.0109659513391
17.952,0.534210767183,0.347868682551,0.488041341845,0.349525844282,-0.0122978741726
17.972,0.541387500601,0.351677544189,0.487756496425,0.36725524244,-0.0144751767798
17.992,0.548918513681,0.355671534081,0.487422882466,0.385006085638,-0.0180423401081
18.012,0.5568016993,0.359848509477,0.486997670852,0.402646019105,-0.0235465150351
18.032,0.565034978298,0.36420598865,0.486432243292,0.420007873521,-0.0323398424836
18.052,0.573449178771,0.368650312568,0.48565928418,0.414330223428,-0.0484777895134
18.072,0.581559216492,0.372922643233,0.484576529056,0.39841430723,-0.0587659336393
18.092,0.589314516181,0.376996430486,0.48326205331,0.380443887598,-0.0727425777455
18.112,0.596726109071,0.38087340408,0.481582443608,0.363462580902,-0.0927893429844
18.132,0.603793796541,0.384550766733,0.479532724943,0.346344209922,-0.111432942339
18.152,0.610517844594,0.388027995222,0.47725663594,0.329558321922,-0.116078047689
18.172,0.616895550709,0.39131114706,0.475174087021,0.311215206171,-0.0919473217879
18.192,0.622910642983,0.394400176411,0.47352161498,0.293677151477,-0.0749866226506
18.212,0.628574307716,0.39729755038,0.472203700049,0.276065635248,-0.0582279701296
18.232,0.633884966715,0.400006641334,0.471220960254,0.258384466405,-0.0414693826385
18.252,0.639044948473,0.402632568585,0.470534795297,0.265499636809,-0.0267108363911
18.272,0.644540481814,0.405426569169,0.470190906015,0.283145266876,-0.00862567434212
18.292,0.650389837163,0.408399289725,0.470094543974,0.300946312635,-0.00454501451992
18.312,0.656598165723,0.41155346859,0.469992712956,0.31891184613,-0.00527753887294
18.332,0.663163902561,0.41488813856,0.469865199797,0.33676753028,-0.0066298903198
18.352,0.670086880243,0.418403050118,0.469709967763,0.354634733175,-0.00823580873613
18.372,0.677367374187,0.422097886913,0.469509453849,0.372516369405,-0.0105035753673
18.392,0.685005725564,0.425972181669,0.469245904518,0.390419208446,-0.0140351125871
18.412,0.693002357265,0.430025294034,0.468902937694,0.408352474358,-0.0197320677161
18.432,0.701070513924,0.434107730807,0.468381154368,0.395923840565,-0.0331412638684
18.452,0.708781022341,0.438005660752,0.467696493988,0.378359259642,-0.0351669131953
18.472,0.716139236393,0.441718683397,0.467035730626,0.36062096024,-0.0333771197263
18.492,0.723142157472,0.44524649834,0.466444290075,0.342792099201,-0.0288278638466
18.512,0.729791166284,0.448591451858,0.465972981465,0.325038339963,-0.0231768089253
18.532,0.736083344861,0.451754151558,0.465646568561,0.307321458226,-0.012970603447
18.552,0.742237013798,0.454845451518,0.465524651974,0.313142497437,-0.00344088362232
18.572,0.748612380529,0.458047522312,0.465468643662,0.326914542011,-0.00206314636909
18.592,0.755338578812,0.461425535406,0.465384025576,0.34484103309,-0.0043629487959
18.612,0.762423124872,0.464982584516,0.465244014943,0.362784639038,-0.00767140898224
18.632,0.769677092348,0.468621499483,0.465001322176,0.357019589186,-0.0187199594697
18.652,0.776729257248,0.472156954454,0.464678637744,0.34757065439,-0.00940232315956
18.672,0.783707768412,0.475654408048,0.464437442353,0.348748174226,-0.00901691944379
18.692,0.790697844164,0.479155547554,0.464237400005,0.348776008191,-0.00879894869416
18.712,0.797695078839,0.482658167406,0.46405936344,0.349218662844,-0.00798761641681
18.732,0.804697951466,0.486161798442,0.463901529482,0.349587996312,-0.00767335239444
18.752,0.811708881688,0.48966812546,0.463754200662,0.34995191542,-0.00732985741034
18.772,0.818726578784,0.493176664031,0.463613989226,0.35029896994,-0.0069541949488
18.792,0.825751359782,0.496687699979,0.46348077949,0.350662323726,-0.00658429680962
18.812,0.832783103969,0.500201197023,0.463355358289,0.350998002165,-0.00622594408178
18.832,0.839821412433,0.503716902849,0.463236444008,0.351335486764,-0.00586904780517
18.852,0.846870828584,0.507237208549,0.463124928144,0.351928669156,-0.00552895692422
18.872,0.853922360677,0.510757900541,0.463020001398,0.351941376583,-0.0052334354163
18.892,0.860985654157,0.514283456083,0.462920529388,0.352849027094,-0.00483185010681
18.912,0.86805113227,0.517809318069,0.462827012756,0.352532325357,-0.00462609506104
18.932,0.875120588048,0.521336459273,0.462742008489,0.352914057381,-0.00417618937242
18.952,0.882195927342,0.524865811841,0.462663511641,0.353198762211,-0.00386870695023
18.972,0.889277900137,0.528397810295,0.462592388737,0.353491663007,-0.00354343791198
18.992,0.896364391633,0.531931447944,0.4625263454,0.353770493022,-0.00322452906376
19.012,0.90345664667,0.535467399513,0.46246697523,0.354040981007,-0.00290953390133
19.032,0.910554889112,0.539005839721,0.462414558149,0.354315738804,-0.00259196244546
19.052,0.917662178676,0.542548344965,0.462368277245,0.354833441471,-0.00226692721149
19.072,0.924771158244,0.546091302895,0.462327034274,0.354796234621,-0.00202329186023
19.092,0.931884319652,0.549636004026,0.462292735724,0.355074787349,-0.0016605658003
19.112,0.939005119077,0.55318422842,0.4622639768,0.35558319917,-0.00133958355361
19.132,0.946128560785,0.556733536193,0.462241036749,0.355513562735,-0.00110928783922
19.152,0.953255334596,0.560284322282,0.462224189667,0.355780284246,-0.000750863497358
19.172,0.960388951265,0.563838387726,0.462212850283,0.356256488807,-0.000445159886712
19.192,0.967525970151,0.567394079038,0.462208070394,0.356189865741,-0.000216587687896
19.212,0.974666907183,0.570951707255,0.462210341311,0.356429675712,0.00012979649887
19.232,0.981811327584,0.574511107835,0.462217559056,0.356627622558,0.000410842591862
19.252,0.988960191825,0.578072814679,0.462231075375,0.35683150145,0.000700058870632
19.272,0.996113054483,0.581636657888,0.462250527939,0.357019870216,0.000981398322619
19.292,1.00326891074,0.585202181863,0.462274470173,0.357207696317,0.00126309144155
19.312,1.01043158742,0.588771341018,0.46230389745,0.357653856508,0.00156184412409
19.332,1.01759541684,0.592341361742,0.462339052885,0.357526079413,0.00176649999353
19.352,1.02476212608,0.595913154494,0.462380037058,0.357733447319,0.00209671743798
19.372,1.03193258077,0.599487207979,0.462427113537,0.357893699221,0.00236001800207
19.392,1.03910738809,0.603063862651,0.462477501683,0.358314818012,0.00265232678825
19.412,1.04628418064,0.606641986923,0.462534267317,0.358168397303,0.00284434334449
19.432,1.05346300673,0.610221651345,0.462596005433,0.358353411321,0.00316514862986
19.452,1.06064529599,0.613803624083,0.462664000708,0.358489406707,0.00341819061842
19.472,1.06782999053,0.617387422614,0.462736617699,0.358622623301,0.00367461312807
19.492,1.07501779826,0.620973452469,0.462815122229,0.358755978875,0.003930344424
19.512,1.08221109435,0.624562939599,0.462897835276,0.359139756693,0.00419843311299
19.532,1.08940379086,0.628152893521,0.462985582231,0.358965135355,0.00438236783921
19.552,1.09660583338,0.63174830956,0.463077340526,0.359881775583,0.0047303880135
19.572,1.103803304,0.635342296463,0.463173448943,0.359131346952,0.00477725067391
19.592,1.11100248321,0.638938025673,0.463276672662,0.359329185273,0.00518446622479
19.612,1.11820359186,0.642535666189,0.463384768673,0.35941379945,0.00540551379389
19.632,1.12540632988,0.646135108133,0.463497114154,0.359507363228,0.00564389892088
19.652,1.13261108005,0.649736588765,0.463614624118,0.359595785318,0.00587780151961
19.672,1.13981707744,0.653339762781,0.463735836481,0.359678516818,0.00610932415172
19.692,1.14702496453,0.656944995712,0.463862333295,0.3597563511,0.00633842545516
19.712,1.15423450452,0.660552215172,0.463993809358,0.359827276973,0.00656324022966
19.732,1.1614454411,0.664161335583,0.464129754823,0.359896161226,0.0067862664872
19.752,1.16865301533,0.66777001257,0.46426965899,0.35970277672,0.00699201116417
19.772,1.17586185435,0.671380604532,0.464414975591,0.359791730409,0.00725776927216
19.792,1.18307627106,0.674995316254,0.464564578329,0.360102588566,0.00748224976747
19.812,1.19029176322,0.678611930535,0.46471780562,0.360120114929,0.00764607547409
19.832,1.19750809949,0.68223036519,0.464875068059,0.360167945347,0.00786270483248
19.852,1.20472528681,0.685850663054,0.465036710633,0.360205240436,0.00806973255886
19.872,1.21194292144,0.689472654303,0.465201654126,0.360239890094,0.00827581927459
19.892,1.2191572345,0.693094483866,0.465370699551,0.360015419914,0.00846623027222
19.912,1.22637510968,0.696719642589,0.465544362788,0.360322144964,0.00872700972299
19.932,1.23359459882,0.700347199974,0.465722056833,0.360316969411,0.00887446917588
19.952,1.24081086679,0.7039747499,0.465902479526,0.3600772021,0.00906089025623
19.972,1.24803054984,0.707605670652,0.466088491657,0.360379405407,0.0093201076685
19.992,1.2552546665,0.711240513437,0.466277737154,0.360601225189,0.00946926884569
20.012,1.26249742035,0.714886489566,0.466469988364,0.362351756028,0.00971583442155
20.032,1.26975700443,0.718542669542,0.466664806539,0.362314544184,0.0097114827629
20.052,1.27707662528,0.722230980356,0.466825013156,0.366724074418,0.00737031120287
20.072,1.28441940962,0.725931992842,0.466976041354,0.364234595467,0.008813889474
20.092,1.29162855982,0.729567474476,0.467168843769,0.358762972633,0.00981702520028
20.112,1.29883698526,0.733204545167,0.467372396612,0.363256431253,0.0110658469103
20.132,1.30611520255,0.736879167559,0.467594523866,0.36304567473,0.00984960608094
20.152,1.31337811907,0.740547281767,0.46779909347,0.3619053552,0.00871440059996
20.172,1.32063938225,0.744216390388,0.467999615302,0.363101808924,0.00928908202787
20.192,1.32786239585,0.747868196953,0.468211105116,0.35954305012,0.00907737024884
20.212,1.33509220775,0.751525230357,0.468424410603,0.361685109833,0.0100978853381
20.232,1.34234341109,0.755195127023,0.468649132902,0.361628208239,0.00997001289254
20.252,1.34963536789,0.758887653772,0.468869721654,0.364101544822,0.0099487185236
20.272,1.35697645282,0.762606970181,0.46906512403,0.369157044159,0.00738401334304
20.292,1.36437618109,0.766357773588,0.469237731319,0.36841273509,0.00828839134829
20.312,1.37158296083,0.770012851717,0.469443463685,0.351800694159,0.00967570511509
20.332,1.37866749067,0.773606322223,0.469652259942,0.358674701226,0.0114547081429
20.352,1.38593182842,0.777294683072,0.469922856167,0.363274049126,0.011446684656
20.372,1.39329190141,0.781033517903,0.470170543584,0.36754450266,0.011395010234
20.392,1.40063928049,0.784768745723,0.470377795545,0.365044376625,0.00791466151867
20.412,1.40793869908,0.788480730687,0.470551407918,0.360389336032,0.0111386268288
20.432,1.41515044275,0.79214993519,0.470779022046,0.359103921319,0.0118878262926
20.452,1.42235428638,0.79581735635,0.471015997664,0.359067071525,0.0122682590045
20.472,1.42956095364,0.799488187323,0.4712566533,0.360989411959,0.0124963918743
20.492,1.43680848708,0.803182330989,0.471528953431,0.361444745223,0.0123760501799
20.512,1.44409022344,0.80689599077,0.471775274028,0.36939557963,0.00983395200263
20.532,1.45148299311,0.810668816638,0.471983792157,0.369640387975,0.00961703088383
20.552,1.45870803911,0.814356074292,0.472240857159,0.354207168796,0.0105749671338
20.572,1.46572393185,0.817940241453,0.472516218278,0.354922115023,0.016445049679
20.592,1.47280508948,0.821561018096,0.472824128011,0.355447226026,0.0159170977687
20.612,1.47999306493,0.825238872729,0.473126709901,0.361072342352,0.0166740852074
20.632,1.48729633716,0.828978246025,0.473378229046,0.370667045139,0.0129193406903
20.652,1.49465996463,0.832751457575,0.473614785596,0.364452174148,0.0111715777034
20.672,1.50174726391,0.836385079373,0.473877169487,0.350294579524,0.0127623339299
20.692,1.50880870203,0.840007613762,0.474168228612,0.359060280723,0.0152140929963
20.712,1.51595331842,0.843676382001,0.474464605802,0.357806712883,0.0135730284603
20.732,1.52309531196,0.847345312335,0.474742705859,0.358880097399,0.0139041395652
20.752,1.53024886616,0.851023219212,0.475026442751,0.358769003618,0.0139079447608
20.772,1.53744315485,0.854724504636,0.475311219711,0.361032552868,0.0139850340365
20.792,1.54468097847,0.858451615995,0.475589210405,0.366631034764,0.0109569920424
20.812,1.55198791923,0.862215411386,0.47581673103,0.366460897331,0.0111221801683
20.832,1.55915241694,0.865908909312,0.476084081147,0.35112979855,0.0134546703489
20.852,1.56615020501,0.869517907998,0.476388306577,0.353834262839,0.0160818767564
20.872,1.5732271937,0.873172020148,0.476720599278,0.353901935148,0.0169839722191
20.892,1.58039987458,0.876877737339,0.477054290678,0.360003074172,0.0164144432025
20.912,1.58760076781,0.880600954107,0.477382862416,0.361197971845,0.0159952311319
20.932,1.59497306219,0.884415647206,0.477645501633,0.371165818617,0.0124489170532
20.952,1.60232875923,0.888217439499,0.477912775407,0.358984996876,0.0122137772762
20.972,1.60950034756,0.891931789277,0.47816533317,0.357337570195,0.0132777585587
20.992,1.61660998808,0.895617948069,0.478518855372,0.354089281763,0.0183617304798
21.012,1.62372385173,0.899309970694,0.478894441339,0.355734535858,0.0193033685824
21.032,1.63085435415,0.903013766681,0.479293073882,0.355690555815,0.0200999228968
21.052,1.6380630894,0.906761084399,0.479637257867,0.361787867641,0.0185041215505
21.072,1.64529626489,0.9105244567,0.479995924414,0.356004088097,0.0217988633097
21.092,1.65238611591,0.914217406704,0.480447704417,0.352675419467,0.0250707028341
21.112,1.65946123351,0.917907263806,0.480937156646,0.353184031354,0.0250582003852
21.132,1.66659694914,0.921632961683,0.481438953866,0.355844329157,0.0255498300029
21.152,1.67380789549,0.925402346407,0.48188013582,0.362413093615,0.0199180435939
21.172,1.68107571021,0.929205260614,0.482274524265,0.362243294434,0.0201083406685
21.192,1.68816730854,0.932920462131,0.482723600481,0.344839646029,0.02315889282
21.212,1.69507123802,0.936540160307,0.483167536108,0.345336205751,0.0242526601682
21.232,1.70214559857,0.940253077913,0.48365119831,0.355739850675,0.0245589770737
21.252,1.70934957048,0.944038631622,0.484067528581,0.36670486937,0.0185003347828
21.272,1.71671205638,0.947910838879,0.484394998078,0.363161707695,0.0206379693114
21.292,1.72380939804,0.951648677598,0.484831211244,0.34518141182,0.0234425463664
21.312,1.730657134,0.955256826241,0.485279338889,0.341328141998,0.0235814921082
21.332,1.73763677149,0.958939154831,0.48575967382,0.35023755299,0.0247585083051
21.352,1.74470072575,0.962670352665,0.486198972995,0.358547157183,0.0198264995769
21.372,1.75206025478,0.966561259359,0.486561893096,0.370237396538,0.0192622541828
21.392,1.75929780111,0.970393090824,0.486979449812,0.352143961201,0.0207920331393
21.412,1.76622047116,0.974059967617,0.487448813261,0.342679185099,0.0256752143197
21.432,1.77318337437,0.97775356413,0.487990033624,0.350273225086,0.0273710614156
21.452,1.78018714842,0.98147348562,0.488496871589,0.348844960471,0.025206804841
21.472,1.78719835894,0.985201494862,0.488969559244,0.350515234193,0.0227582023551
21.492,1.79422505664,0.988941674262,0.489398916854,0.350970069346,0.0234249911291
21.512,1.80128708361,0.9927046938,0.489827952156,0.352237917377,0.0230676244425
21.532,1.80838593229,0.996491188871,0.49020763509,0.355272724421,0.0178868251779
21.552,1.81548843529,1.0002823127,0.490556652305,0.349815691754,0.0218958352904
21.572,1.82245237378,1.00400341735,0.490986497382,0.346815653044,0.023137354061
21.592,1.82942610258,1.00773359341,0.491425551988,0.348595812393,0.0239583175557
21.612,1.83641142265,1.01147424833,0.491893886238,0.347890676888,0.0264063895987
21.632,1.84339097293,1.01521674291,0.492406607577,0.348389011244,0.025903931683
21.652,1.85040980649,1.01898452551,0.492918075498,0.34987225314,0.0259690158684
21.672,1.85747093362,1.02277962528,0.493424715963,0.352235661329,0.0256524956256
21.692,1.86453906589,1.02658330215,0.493870265811,0.352373550965,0.0195335662813
21.712,1.87158753881,1.0303795237,0.494271669365,0.347164242797,0.0238065786442
21.732,1.87851645407,1.0341156296,0.494768642391,0.344607044266,0.0255640209029
21.752,1.88544217272,1.03785428532,0.495276045396,0.346382996293,0.0260406574336
21.772,1.89239246476,1.04161116098,0.495792042216,0.347367984786,0.0260058335363
21.792,1.89936748974,1.04538593635,0.496298413503,0.347626684155,0.0256583619542
21.812,1.90637874434,1.04918492859,0.496753179128,0.351100316958,0.0200372101185
21.832,1.91340616232,1.0529961375,0.497158876948,0.346182475308,0.0233816601162
21.852,1.92028019359,1.05672830394,0.497654528742,0.341909837017,0.0252940109231
21.872,1.92716323675,1.06046929585,0.498134102279,0.344623358942,0.0234327669401
21.892,1.93407491686,1.06422998416,0.498576578535,0.34549694617,0.0238018111384
21.912,1.94100252924,1.06800339147,0.499008747919,0.345452591482,0.02340244511
21.932,1.94796913439,1.07180250422,0.499416861789,0.347851636663,0.0207406071647
21.952,1.95491869657,1.07559577384,0.499843391219,0.342931762592,0.0247375710941
21.972,1.96177068271,1.07933990172,0.500350959549,0.341196132798,0.0259001387864
21.992,1.96862682134,1.08309073098,0.50086457395,0.34234800805,0.0262460759008
22.012,1.97549559601,1.08685318378,0.501383511146,0.34342363348,0.0262553075656
22.032,1.98239277103,1.09063590965,0.501895311314,0.343794444073,0.0256707648528
22.052,1.98928940341,1.09442277819,0.502399152733,0.343666138153,0.0254625407433
22.072,1.99618321693,1.09821262727,0.502900112365,0.343554821866,0.0253779924579
22.092,2.00310614903,1.10202295616,0.503333481106,0.3456021816,0.0197977459496
22.112,2.00999750657,1.10581931889,0.503759519521,0.339960533905,0.0247178870945
22.132,2.01679465506,1.1095680923,0.504267062539,0.338514099189,0.0259453516807
22.152,2.02360158175,1.11332670704,0.504781754563,0.340003769073,0.0262893783239
22.172,2.03042523501,1.1170992942,0.505300143205,0.340771419272,0.0259219540305
22.192,2.03726256847,1.12088406738,0.505809921179,0.34081556124,0.0256584319113
22.212,2.04410133127,1.12467453583,0.506294318312,0.340936733297,0.0217744334864
22.232,2.05096996476,1.12848496722,0.506720355042,0.343049219465,0.0202368701179
22.252,2.05779723171,1.13227682139,0.50715012522,0.337271826052,0.0212251365334
22.272,2.0645419681,1.13602665363,0.507642062835,0.336070714619,0.022436519334
22.292,2.07129334717,1.13978440541,0.508143196338,0.337763805445,0.0223984478875
22.312,2.07806738776,1.14355913223,0.50862915657,0.337636047466,0.0226311879986
22.332,2.08487235308,1.14735491349,0.509124144992,0.339252304585,0.0264233066642
22.352,2.09167984353,1.15115768907,0.509618684633,0.339330092659,0.0232623513339
22.372,2.09859106198,1.15502125055,0.510012895786,0.346980244237,0.020151903623
22.392,2.10547720408,1.15887575875,0.51037406468,0.338740168719,0.0150715678371
22.412,2.11224528072,1.16266566009,0.510752745595,0.334843081518,0.0250174487793
22.432,2.11893019894,1.16641451162,0.511274163984,0.332918845501,0.0269928847163
22.452,2.12561695802,1.17016862714,0.511795243923,0.333349423122,0.0269109406176
22.472,2.1323106785,1.17393092656,0.512326516899,0.333924369087,0.0274720174853
22.492,2.13901442714,1.17770380164,0.512845417715,0.335067391077,0.0260963933479
22.512,2.14573632059,1.18149108922,0.513371541012,0.334909086075,0.0271046143861
22.532,2.15246399724,1.18528699899,0.513886317158,0.335489740032,0.0222821537731
22.552,2.15922523916,1.18910527101,0.514337710212,0.338647015423,0.0204881867525
22.572,2.16596219657,1.19291403158,0.514788125602,0.330809460898,0.0255764710435
22.592,2.17258685538,1.19666368659,0.515314214828,0.330038514525,0.0274107842126
22.612,2.17921976639,1.20042253348,0.515844852613,0.330869676863,0.0277624114947
22.632,2.18585764003,1.2041896112,0.516368308299,0.330896335675,0.0228402851076
22.652,2.19248611725,1.20795437834,0.51688104696,0.329962237114,0.0272828896614
22.672,2.19909065085,1.2117110935,0.517398639296,0.328634598137,0.0268965991161
22.692,2.20567637878,1.21546130928,0.517927193077,0.328064822999,0.0276523890742
22.712,2.21227387976,1.21922262388,0.518444409766,0.329554964392,0.0275797828459
22.732,2.21888893982,1.22299911787,0.518951148287,0.330126270554,0.0238778363903
22.752,2.22551024951,1.22678316981,0.519453614498,0.330007655487,0.0237693079119
22.772,2.23216334455,1.23058944895,0.519910974525,0.334533978346,0.0209093031406
22.792,2.23885897148,1.23442386154,0.520324058117,0.329595285123,0.0247632908552
22.812,2.24536549594,1.23815497307,0.520833503962,0.323227207365,0.0241240856603
22.832,2.25188547823,1.24189640509,0.521323454661,0.326589761174,0.0271307695743
22.852,2.25842993519,1.24565697841,0.521804245812,0.326288591005,0.0254524153476
22.872,2.26497479228,1.24942175556,0.52227793995,0.326808058438,0.0256171440935
22.892,2.27152667034,1.25319472236,0.522752114808,0.326702041529,0.0255947496789
22.912,2.27813393971,1.25700375459,0.523179026761,0.331259986346,0.0210241362195
22.932,2.28472897774,1.26080868994,0.523586769935,0.323975860913,0.0248857983491
22.952,2.29121484434,1.26455600829,0.524147294462,0.322997116998,0.0287873227322
22.972,2.2977011475,1.26830798953,0.524715255809,0.323595711905,0.0288440958464
22.992,2.30419453001,1.27206905563,0.52528650282,0.324559298158,0.0289355574315
23.012,2.31071295421,1.27584968567,0.525854573247,0.324807300698,0.0287455502668
23.032,2.31728910903,1.27966873811,0.526344590473,0.329267144427,0.0214186462933
23.052,2.32385357126,1.2834846944,0.526800123836,0.32134095469,0.026813948183
23.072,2.33028730234,1.28722885692,0.5273578152,0.320343351071,0.0291072194311
23.092,2.3367277532,1.29098181907,0.527919020428,0.321559876919,0.0271072179087
23.112,2.34317966294,1.29474567429,0.528424428105,0.322359142372,0.0268459423782
23.132,2.34964360164,1.2985212056,0.528918636039,0.322378488756,0.0265848433104
23.152,2.35610812817,1.30230132066,0.529410546741,0.322336649573,0.0264457946928
23.172,2.36260522851,1.3061050335,0.529878463335,0.326237529411,0.022523342824
23.192,2.36913415066,1.30993163655,0.530332131838,0.321353418065,0.0264453447022
23.212,2.37548453639,1.31365780695,0.5309035089,0.315131499336,0.0292595830179
23.232,2.38184058319,1.31739150233,0.531465836937,0.318599403288,0.0277268052812
23.252,2.38822897491,1.32114901182,0.531990276034,0.318937077777,0.027908749972
23.272,2.39462486577,1.32491546477,0.532501637165,0.318894091325,0.0274580255584
23.292,2.401035355,1.32869493142,0.533014169721,0.319694527563,0.0274486366618
23.312,2.40744299807,1.33247714491,0.533523731545,0.319476438206,0.0273181390474
23.332,2.41382840797,1.33625173176,0.534109857336,0.318089835708,0.0299903014268
23.352,2.42024057034,1.34004678485,0.534626598854,0.320252044281,0.0229145515103
23.372,2.42663061406,1.34383223509,0.535117401532,0.31476991043,0.0293334341542
23.392,2.43292684086,1.34756744978,0.535723190634,0.313416374062,0.0309441881087
23.412,2.4392252769,1.35130894759,0.536338422993,0.314140988268,0.0313051914185
23.432,2.44552837553,1.35505861157,0.536956104311,0.314006056063,0.0310152180803
23.452,2.45183147291,1.3588133305,0.537569688407,0.314699638591,0.0309892160873
23.472,2.4581464489,1.36258058788,0.538183634348,0.314607256719,0.0310344941164
23.492,2.46450857508,1.36638120237,0.538708895143,0.318169995958,0.0230692480308
23.512,2.47084710583,1.37017133497,0.539209191018,0.311543946626,0.0296608732874
23.532,2.4770847473,1.37390625677,0.539819556641,0.310462721222,0.0314659140877
23.552,2.48332233713,1.37764625399,0.540443808263,0.311505120325,0.0317307750469
23.572,2.48957274944,1.38139948817,0.541073294816,0.311380654868,0.031791096417
23.592,2.49588185016,1.38519329173,0.541619681787,0.316528520464,0.0235939130613
23.612,2.50218394393,1.38898678786,0.542128063708,0.30868061749,0.0298971499792
23.632,2.50837065098,1.39271560803,0.54274571892,0.308070401853,0.0321348503792
23.652,2.51456281229,1.39645320599,0.543383005181,0.308974408771,0.032295816351
23.672,2.52076389523,1.40020158596,0.54402243178,0.309609706092,0.0322187580442
23.692,2.52697443663,1.40396124443,0.544655109689,0.308832795167,0.0317512893313
23.712,2.53316648006,1.40771482485,0.545283021279,0.308003047734,0.0318411366204
23.732,2.53934042507,1.41146279295,0.545914173533,0.307134250133,0.0319826361582
23.752,2.5455059565,1.41521090428,0.546547670559,0.307558972694,0.0321166439444
23.772,2.55167683597,1.41896780634,0.547185297794,0.307417176623,0.0322034300782
23.792,2.55790226295,1.42276375119,0.547732471492,0.31279756431,0.0205725174363
23.812,2.56414768219,1.42657460306,0.548231795228,0.306080099701,0.0296384590961
23.832,2.57021679152,1.43028349411,0.548842454168,0.301587016957,0.0320513947823
23.852,2.57629135119,1.43400054105,0.549439746399,0.304267373536,0.0278449638507
23.872,2.58239500908,1.43774012624,0.550099868548,0.304272873257,0.0334469821945
23.892,2.58850257976,1.44148830796,0.550722295119,0.304186098865,0.0326758275751
23.912,2.59466432052,1.44527459969,0.551258129995,0.310217389621,0.0224508945952
23.932,2.60087230659,1.4490932454,0.551761705549,0.305352202821,0.029845387721
23.952,2.60686576277,1.45278594069,0.55238819029,0.296555582345,0.029466599834
23.972,2.61285320222,1.4564779741,0.553018198251,0.301854734392,0.0336052383322
23.992,2.61888660065,1.46020397074,0.553652128177,0.30114070209,0.0317043885641
24.012,2.62491461338,1.46393357668,0.554319851274,0.301384930577,0.0338314963833
24.032,2.63101127166,1.46770965581,0.5548298899,0.306406681012,0.0255015735623
24.052,2.63710666396,1.47148967539,0.555343796059,0.30080508023,0.0308896093381
24.072,2.64302305135,1.4751640638,0.556010646112,0.295970660286,0.0335538861566
24.092,2.64894309057,1.47884446119,0.55666105188,0.298989572585,0.0352193663799
24.112,2.6548976535,1.48255313436,0.557320807895,0.297957947119,0.0341580031111
24.132,2.66083159019,1.48625429141,0.557973898364,0.297415505401,0.0336449760915
24.152,2.66676160687,1.48995784536,0.5586199278,0.298331055511,0.0339089803682
24.172,2.67270413361,1.493675251,0.559291631467,0.298255645539,0.0326464727455
24.192,2.67869555183,1.4974278871,0.559826463354,0.300803153959,0.0265292543994
24.212,2.68463716392,1.5011535536,0.560413055487,0.294774938145,0.0339349037393
24.232,2.69049483622,1.50483279154,0.561105435156,0.293774821366,0.0348262935144
24.252,2.69635578599,1.5085187858,0.561779023715,0.294154159779,0.0349646788131
24.272,2.70222059534,1.51221294711,0.562450744661,0.295373596787,0.033681412565
24.292,2.7081143866,1.51593071083,0.563127756482,0.295617043383,0.035173541735
24.312,2.71405447844,1.51968348103,0.563706537038,0.299234144196,0.0272761501097
24.332,2.71999483606,1.52344053579,0.56426344203,0.293499531906,0.0332440214855
24.352,2.72578509007,1.52710839519,0.564958017965,0.28993753582,0.0359281038466
24.372,2.73157757953,1.5307829219,0.565659790422,0.290796508063,0.0363883322054
24.392,2.73737812099,1.53446792258,0.566361314557,0.291716812086,0.0367545973561
24.412,2.7431943519,1.53816898278,0.567055871229,0.291834465833,0.0360042536016
24.432,2.74900686444,1.54187294675,0.567702205875,0.290473531827,0.0300630304549
24.452,2.7548950144,1.54563049355,0.568253012408,0.296504760323,0.0250268062436
24.472,2.76074319799,1.54936349278,0.568783732789,0.289102181725,0.0261244742076
24.492,2.76646375713,1.55302146423,0.569452369371,0.287197161425,0.0378212642976
24.512,2.77219149628,1.55669194031,0.570230610411,0.28812834759,0.0389473541916
24.532,2.77793176827,1.56037640205,0.5710133353,0.288148176937,0.0385172716795
24.552,2.78367189469,1.56406696628,0.571788718325,0.287996473424,0.0384626910078
24.572,2.78948643985,1.5678118334,0.572435503378,0.293713920782,0.0281948268428
24.592,2.79526905451,1.57153957527,0.573048539239,0.284304617323,0.0308506785731
24.612,2.80094203831,1.57520263636,0.573736834714,0.284406923278,0.032647803278
24.632,2.80662188696,1.57887574793,0.574436498012,0.285125791141,0.0329620372417
24.652,2.81231131608,1.58256069821,0.575138352515,0.28567962034,0.0328366634298
24.672,2.81800814575,1.58625612888,0.575837697299,0.285548006051,0.0328049957995
24.692,2.8237085192,1.58995925354,0.57658531205,0.285067824711,0.0405272220882
24.712,2.82945178538,1.59369815677,0.577333593253,0.291391812386,0.0305737884193
24.732,2.83523487965,1.59746436522,0.577942478966,0.281034092126,0.0272435069818
24.752,2.84086492909,1.60113818519,0.578490984328,0.280218637955,0.0278982684605
24.772,2.84649990483,1.60482015364,0.579049747751,0.280730740258,0.0282767187821
24.792,2.85213965163,1.60850953155,0.579611361227,0.282191011669,0.0284663130433
24.812,2.85780648633,1.61222159201,0.580177892182,0.282198240379,0.028566313233
24.832,2.86350161621,1.61595665928,0.580712619632,0.288145158272,0.0219589156098
24.852,2.86928695924,1.61975455934,0.581140806622,0.288107737577,0.0216792902833
24.872,2.87493031575,1.62346332121,0.581566251534,0.275971920122,0.0213559526648
24.892,2.88048968869,1.62711862702,0.582033481925,0.278477131574,0.0294395098834
24.912,2.88604319402,1.63077608615,0.582645636873,0.276350508058,0.0303690913904
24.932,2.89159885663,1.63443922939,0.583254831496,0.277748256267,0.0312993003637
24.952,2.89717375847,1.63812039216,0.583876917653,0.277615497774,0.0313236558109
24.972,2.90279991189,1.64184024331,0.584438163624,0.283375751748,0.0241044375344
24.992,2.90844647939,1.64557755929,0.584953264504,0.275257666866,0.0303340176329
25.012,2.91393428746,1.64921442432,0.585590021377,0.273002783889,0.0323894878982
25.032,2.91942571525,1.65285838455,0.586253020008,0.274595620008,0.0344823514671
25.052,2.92493403589,1.65651959577,0.586971925831,0.274444885587,0.034614441626
25.072,2.93045323191,1.6601933522,0.587687067302,0.275017707687,0.0345038503207
25.092,2.93600981573,1.66389791762,0.58837028464,0.282544327148,0.0297692998619
25.112,2.941666604,1.66767426722,0.588878723392,0.282734947346,0.0254756479203
25.132,2.94718861988,1.67136535201,0.589383163805,0.266920764454,0.0254331587629
25.152,2.95255345231,1.67495305803,0.589902298212,0.270914871754,0.0294872270744
25.172,2.95796334135,1.6785775151,0.590639179889,0.269234571607,0.0352469759368
25.192,2.96337140798,1.68220604911,0.591384895123,0.270002151622,0.0360573940815
25.212,2.96878691345,1.68584558998,0.592140116852,0.269834465475,0.0359695663726
25.232,2.97425512256,1.68952680866,0.592827021367,0.277248315859,0.0277116030944
25.252,2.97981800201,1.69327661694,0.593383477965,0.276482022884,0.0286489426025
25.272,2.98519860473,1.69690899282,0.594067190595,0.259840297974,0.0359524549344
25.292,2.99040235105,1.70042529045,0.594792235007,0.262860515234,0.0390605038409
25.312,2.99574407803,1.70404276294,0.595609226014,0.266694865592,0.0389150606092
25.332,3.00120711393,1.70774768893,0.596281861247,0.277581616492,0.0291430816518
25.352,3.00677400987,1.71152825713,0.596864865632,0.276094719693,0.0304378249621
25.372,3.01214390643,1.71518084294,0.597584952047,0.259322523439,0.0376593113355
25.392,3.01724071632,1.71865182653,0.598333538746,0.253581916412,0.0387482385503
25.412,3.0224169754,1.72218380588,0.599178801731,0.258656680407,0.0413292398711
25.432,3.02763364838,1.72574956619,0.599980128001,0.265130622846,0.0354161120558
25.452,3.03311476782,1.72950084791,0.600610158971,0.281861943744,0.0311018426571
25.472,3.03875343314,1.73336756818,0.601221395251,0.277726056221,0.0271629475666
25.492,3.04416832597,1.73708306371,0.601769423154,0.270957764831,0.0271681311558
25.512,3.04941755797,1.74069045184,0.602464733708,0.25574366989,0.0414968271466
25.532,3.05437526309,1.74410332429,0.603337756652,0.246838744594,0.0453625520604
25.552,3.05929064876,1.74749365996,0.604249020254,0.246759248772,0.0453254493095
25.572,3.06429935715,1.75095586302,0.605202412766,0.258282975457,0.0507271580995
25.592,3.06949669151,1.75456200817,0.606241202921,0.264323388876,0.0476774126623
25.612,3.07494444018,1.75834769639,0.607038875548,0.280763605114,0.0375920372143
25.632,3.08058092444,1.76226977761,0.607775498216,0.278373865498,0.028701075394
25.652,3.08596883531,1.76601873963,0.608369522835,0.264434333525,0.0332482603444
25.672,3.09112829256,1.76961509232,0.609049633048,0.251345194734,0.0364828493128
25.692,3.09599453473,1.7730123276,0.60980100816,0.242454471321,0.0383678170602
25.712,3.10098455144,1.77650390858,0.610777373442,0.257753802235,0.0557909998156
25.732,3.10611762933,1.78010864876,0.611869628322,0.255217301925,0.0519973960505
25.752,3.11120729777,1.78369072459,0.61290179736,0.255106313929,0.0518737182839
25.772,3.11633488523,1.78730720858,0.613886518398,0.26199220285,0.0427502396949
25.792,3.12156352868,1.79100046472,0.614725572764,0.261950879798,0.0420805462873
25.812,3.12668296778,1.79461933288,0.615501466224,0.251058057587,0.0359590482021
25.832,3.1316908079,1.79816309922,0.616253892754,0.252028732635,0.0407954040693
25.852,3.13667776605,1.80169879446,0.617177291616,0.250107108155,0.0472302413675
25.872,3.14166894295,1.8052452757,0.618154743692,0.25062789267,0.0483835106714
25.892,3.14666353954,1.80880100578,0.619141824055,0.250440172621,0.0483001147422
25.912,3.15172500406,1.81241213056,0.620040733903,0.256912033829,0.0378299294795
25.932,3.15682672432,1.81605670492,0.620825771867,0.252708328848,0.042503798784
25.952,3.16173684337,1.81957205422,0.621777970187,0.24330561656,0.0490960964902
25.972,3.16659981094,1.82306052387,0.622788067009,0.247534976751,0.0523478355607
25.992,3.17154831155,1.82661855465,0.623825012716,0.248611508182,0.0506541033348
26.012,3.17651354873,1.83019596033,0.624840328238,0.249491574766,0.0494469418537
26.032,3.181479242,1.83378119138,0.625847019903,0.250166758563,0.0499792640962
26.052,3.1865612208,1.83745846716,0.626711684108,0.25577784429,0.0397427743657
26.072,3.19165419124,1.84114924332,0.627535341349,0.254028028599,0.0416405161809
26.092,3.19656157421,1.84471203841,0.628487588729,0.243590468362,0.0493008418754
26.112,3.20141707618,1.84824561583,0.629475840779,0.243871165817,0.044095363174
26.132,3.20627886068,1.85178968633,0.630374798239,0.243845671497,0.0437580271562
26.152,3.21114088792,1.85534065193,0.631276091994,0.245435301997,0.044419158634
26.172,3.21615242007,1.85900785082,0.632152369585,0.252815866134,0.0424259092786
26.192,3.22119063877,1.862701455,0.63302508136,0.252627155242,0.042459107817
26.212,3.22612579792,1.86632596372,0.633872742674,0.243765732587,0.0418988523118
26.232,3.23098719806,1.86990286155,0.634728436763,0.24292569285,0.0423527740215
26.252,3.2357178477,1.87338933773,0.635736216482,0.235595986441,0.0548367570928
26.272,3.24040987877,1.87685593484,0.636835640583,0.235955853859,0.0552749860479
26.292,3.24517978915,1.88038813163,0.637971319305,0.239956078713,0.0566673493246
26.312,3.24996883329,1.8839429561,0.639096706418,0.243952793681,0.0534435167904
26.332,3.25493185945,1.88763555792,0.640038840377,0.249741568718,0.0444745038891
26.352,3.25976540169,1.89123820707,0.641057832058,0.235050158113,0.0547337841146
26.372,3.26435666562,1.89466811176,0.64218833556,0.230742155961,0.0591425091362
26.392,3.26894974149,1.89810801461,0.64340916868,0.230427323883,0.0602622940415
26.412,3.27357080049,1.90157766662,0.644606211142,0.236866154548,0.0539878461075
26.432,3.27844469789,1.90524511638,0.645600950898,0.247762859311,0.0477571287202
26.452,3.28325404038,1.90887256984,0.64669661233,0.233812162103,0.0551122395308
26.472,3.2878641263,1.91235730042,0.647826704448,0.231160555087,0.0586428355108
26.492,3.29246837149,1.91584596741,0.649057642578,0.230923667713,0.0608335794571
26.512,3.29710576223,1.91936816272,0.650299934,0.233423045534,0.0612161585992
26.532,3.301794333,1.92293931532,0.651505222948,0.240606818221,0.0542633866635
26.552,3.30659768693,1.92660631997,0.652494165972,0.240996965506,0.0482855765413
26.572,3.31125320781,1.93016565511,0.653615902458,0.225575483504,0.0678796687207
26.592,3.31568183617,1.93355802323,0.65497302703,0.222136704675,0.0654281667903
26.612,3.32012815589,1.93697730302,0.656276907877,0.225068272109,0.0652564055424
26.632,3.32469391095,1.94049711999,0.657561268396,0.229827640839,0.0631271844235
26.652,3.32938032799,1.9441208693,0.658684958747,0.237190644664,0.0491915790456
26.672,3.33408302073,1.9477636429,0.65970418853,0.228200043764,0.0570210025497
26.692,3.3385737752,1.95125145155,0.660934650243,0.222070516309,0.0630928979239
26.712,3.34306593894,1.95475118013,0.662277075775,0.224653462844,0.0712270566903
26.732,3.34757680329,1.95827945399,0.663739391584,0.225417689903,0.0707019038911
26.752,3.35210388212,1.96183109673,0.665187655583,0.225392398619,0.0688159823865
26.772,3.35663363939,1.96539529843,0.666627812943,0.225101478008,0.0694714473971
26.792,3.36122560159,1.9690199159,0.667926230032,0.229341689667,0.0571517443801
26.812,3.36581022125,1.9726451593,0.669128390973,0.223560508016,0.0663365701944
26.832,3.37024022411,1.97615818156,0.670573056485,0.220136731259,0.0750029491041
26.852,3.37466363545,1.97967695305,0.672036717072,0.221505352895,0.0746147671262
26.872,3.37910100457,1.98321751346,0.673530396268,0.221083615488,0.0750204671903
26.892,3.38354460912,1.98677319398,0.67501760198,0.221496718569,0.0750481915702
26.912,3.38805535425,1.99039466679,0.676360321987,0.226449152779,0.0595783566614
26.932,3.39259191402,1.99404455273,0.677560702712,0.224313374312,0.0633664028124
26.952,3.39693057491,1.99754482943,0.678969867407,0.21150162024,0.0718184320665
26.972,3.40125517176,2.00104466574,0.680517921071,0.216420648454,0.0751748755159
26.992,3.4056127186,2.00458178456,0.682051830823,0.217421040474,0.0775503307617
27.012,3.40996612802,2.00812731414,0.683576313166,0.216438637221,0.0776726513441
27.032,3.41430484339,2.0116719265,0.685102306374,0.216181116721,0.0780526405997
27.052,3.41864651058,2.015230014,0.686637296643,0.216343895488,0.078531101653
27.072,3.42304517993,2.01884628718,0.688116985495,0.221180981823,0.0633322312627
27.092,3.4274503158,2.02247518888,0.689383360073,0.214755535767,0.0657018997026
27.112,3.43171845238,2.02599510499,0.690728835829,0.212564874083,0.0671782963392
27.132,3.43596709545,2.02951138715,0.692083280787,0.212487404114,0.0687289343419
27.152,3.44021427896,2.03303671976,0.693460664929,0.212245148475,0.0688616600804
27.172,3.44446822671,2.03657742887,0.694845297638,0.212635446829,0.0692695244414
27.192,3.44873060151,2.04013537469,0.696216815579,0.21629675847,0.0649565843975
27.212,3.45310258213,2.04379389356,0.697377153171,0.218290452273,0.0561217671276
27.232,3.45730407873,2.04731840379,0.698705489857,0.20454750799,0.0690655290579
27.252,3.46141305769,2.05077379066,0.700153804883,0.20630264181,0.0777338033498
27.272,3.46556446772,2.05427727703,0.701609038758,0.208539015135,0.0721847615749
27.292,3.46972878058,2.05780146187,0.703053103692,0.206493177031,0.0723021186741
27.312,3.47388400598,2.06132818638,0.704495043194,0.207021033544,0.0725310522212
27.332,3.47805629747,2.06487988004,0.70594496657,0.207512112464,0.0726524242946
27.352,3.48228547993,2.06849114464,0.707305423456,0.212230256216,0.0608047349568
27.372,3.48653558599,2.07212769343,0.708486961106,0.207940193121,0.0627963991913
27.392,3.49059140148,2.07560768236,0.709928633189,0.199307006126,0.077725550842
27.412,3.49464160356,2.0790937553,0.711440065215,0.20516156006,0.0757401687875
27.432,3.49874060521,2.08263293521,0.712956930864,0.204799909567,0.075832737137
27.452,3.50281315358,2.08615974562,0.714461085879,0.202579707346,0.0753024366115
27.472,3.50692535646,2.08973234546,0.715861854341,0.206971652372,0.0623489439116
27.492,3.51099746147,2.09327697671,0.717187347461,0.201455737342,0.0772342690268
27.512,3.5149522088,2.09673496034,0.718864173615,0.198439697483,0.0890332040946
27.532,3.51890999671,2.10020623164,0.720664983253,0.200034282991,0.0909947066869
27.552,3.52287241665,2.1036933212,0.722567899008,0.197397447249,0.0817230873651
27.572,3.52684008492,2.10719369924,0.724214880709,0.197938980093,0.0925481454923
27.592,3.53089293305,2.11078920044,0.725906579966,0.20630211797,0.0759632968998
27.612,3.53491894456,2.11436442443,0.727327338725,0.194527620276,0.0800547418927
27.632,3.53883461447,2.11786011746,0.729132898033,0.194978437572,0.0882381959888
27.652,3.54276652314,2.12138160398,0.730891257157,0.197301548657,0.0817016730083
27.672,3.54669434962,2.12490675594,0.732525077935,0.194115127547,0.0849579798138
27.692,3.55056837838,2.12840065979,0.734307184783,0.195157505607,0.0839339250111
27.712,3.55443242612,2.13189107115,0.736017278238,0.192773472536,0.0813483224846
27.732,3.55827807892,2.13537872777,0.737659796247,0.192717568077,0.080779978083
27.752,3.56211590256,2.13887185513,0.739288702338,0.192801478015,0.0818419958095
27.772,3.56594868774,2.14237232146,0.740929483284,0.192272200154,0.0821772481978
27.792,3.56977136828,2.14587509248,0.742575405268,0.1919741701,0.0821815292841
27.812,3.57358982356,2.1493860805,0.744277346461,0.193462521788,0.0823984510049
27.832,3.57743447543,2.15293212581,0.74591792183,0.195616545532,0.078240920339
27.852,3.58134586884,2.15655143266,0.747333371929,0.194563662602,0.0682504817933
27.872,3.58508336977,2.16001860114,0.748886895624,0.182983460654,0.0893074551679
27.892,3.58880558465,2.16348613478,0.750714241931,0.187677770063,0.0857628440807
27.912,3.59255453132,2.1669889182,0.752425414659,0.185881785341,0.0855631878382
27.932,3.59629351506,2.17049509382,0.754134878256,0.185782099701,0.085590649482
27.952,3.60006167906,2.1740408467,0.755856233471,0.188166083397,0.0857618213031
27.972,3.60384363786,2.17761175555,0.75756674012,0.187048292886,0.085912970814
27.992,3.60759257678,2.18116373436,0.759285618862,0.186324653005,0.0860402452935
28.012,3.61138628661,2.18477077919,0.760892464309,0.189704892,0.0744831552704
28.032,3.61510720565,2.18831702633,0.76245225497,0.181952783291,0.0884286363413
28.052,3.61876113276,2.19181588585,0.764406798015,0.18411292761,0.0920785045199
28.072,3.62239266009,2.19530055229,0.76627748984,0.178588017779,0.0938540344823
28.092,3.62600768654,2.19878943213,0.768341711394,0.183608939275,0.0937439431472
28.112,3.62963339555,2.20229885588,0.770373529742,0.178556253769,0.1076472833
28.132,3.63321938857,2.20578820297,0.772450110052,0.17931851054,0.0999343147999
28.152,3.63684877614,2.20932954964,0.77449943481,0.178973483786,0.116374076544
28.172,3.64054277679,2.21295548032,0.77663197535,0.187674334814,0.0891160294565
28.192,3.64423012311,2.21658611033,0.778446748291,0.179816442589,0.0974617528912
28.212,3.64775648158,2.22007155215,0.780524076394,0.176865868324,0.102031069814
28.232,3.65127260041,2.22355682062,0.782572757161,0.176629415266,0.105065512324
28.252,3.65476353974,2.22703620298,0.784739999563,0.174422410569,0.108240926264
28.272,3.65825571394,2.23053106483,0.786884852577,0.175928851261,0.10852716112
28.292,3.66176913436,2.2340605041,0.789009432074,0.177343777218,0.108754900371
28.312,3.66526031779,2.23758616919,0.79117318749,0.173266067021,0.103689167348
28.332,3.66872422055,2.24109769599,0.793300184719,0.173081867758,0.107103221051
28.352,3.67224722712,2.24468488877,0.795311876762,0.181407273278,0.0874380466747
28.372,3.67579084356,2.24830280643,0.797099884011,0.171207415815,0.0990204514193
28.392,3.67919629142,2.25179649711,0.799320741304,0.170126649681,0.11100653691
28.412,3.68260710687,2.25530966789,0.801499562052,0.172368504574,0.115393900615
28.432,3.68599998799,2.25882219178,0.803720139254,0.168413650781,0.111369381048
28.452,3.68937333616,2.26232897546,0.805906521331,0.169467955875,0.109781805495
28.472,3.69276594464,2.26587079203,0.808097740601,0.170806613142,0.112201678467
28.492,3.69616072197,2.26942993427,0.810305362312,0.168684145775,0.110362999172
28.512,3.69960283609,2.27305404096,0.812306536202,0.172616897477,0.0950841244582
28.532,3.70303183713,2.27667705372,0.814113354487,0.167469232838,0.0973754386163
28.552,3.70633825772,2.28018504142,0.816251239835,0.164784811489,0.112365953836
28.572,3.70964434664,2.28370935488,0.818514538937,0.165208662024,0.114875813774
28.592,3.71294607946,2.28724474945,0.820760721988,0.164961960405,0.113094188435
28.612,3.71624210526,2.29078953392,0.822982777786,0.163476222046,0.112596566741
28.632,3.7195364868,2.29434712627,0.825270713027,0.164310992019,0.116164587414
28.652,3.72287542985,2.29797278519,0.827440861382,0.17046645872,0.0947645133579
28.672,3.72625699982,2.30165436197,0.829280125646,0.164997650273,0.0938225576143
28.692,3.72944006573,2.30513579119,0.831345673613,0.157175545892,0.113905355163
28.712,3.73262850425,2.30863879942,0.833660322541,0.160412681863,0.108979395364
28.732,3.73583456372,2.31217743391,0.835868532427,0.160879449042,0.117087620633
28.752,3.73903148444,2.31572159722,0.838173297232,0.160531921312,0.108720860608
28.772,3.74220591094,2.31925330593,0.840604270726,0.157428925818,0.134701266319
28.792,3.74544389801,2.32288031027,0.843070602264,0.164574747616,0.108205708274
28.812,3.74867749755,2.32651478856,0.845068820874,0.158473653638,0.103184555988
28.832,3.75177148319,2.33000733507,0.84725009869,0.153368026672,0.119198669095
28.852,3.75487762837,2.33352728843,0.849687115251,0.155947775157,0.124269476202
28.872,3.7580000407,2.337087223,0.851900510563,0.155036328564,0.108810292941
28.892,3.76110847672,2.34064734446,0.854101574213,0.156048516388,0.109826380507
28.912,3.76421662872,2.34422283918,0.8563217347,0.155163412296,0.112186308631
28.932,3.76736460751,2.34785887126,0.858458526445,0.157567649455,0.106257754455
28.952,3.77047668759,2.35146724164,0.860492092884,0.151389912675,0.10787330294
28.972,3.77352036606,2.35501314996,0.86274574539,0.150319044376,0.11929284564
28.992,3.77657157587,2.35858562107,0.865054411165,0.152564073697,0.114832644957
29.012,3.77961492133,2.36216564105,0.867361751779,0.152444568776,0.115798475822
29.032,3.78261814203,2.3657145044,0.869706608023,0.148424465742,0.121993932231
29.052,3.78558746177,2.36923970976,0.872051367635,0.148185847978,0.115644669796
29.072,3.78858962637,2.37282183456,0.874438144039,0.152379998619,0.1242046379
29.092,3.79163374853,2.37647272697,0.876853851001,0.150048802249,0.126854543358
29.112,3.79456703363,2.38000805941,0.879332951039,0.145808991442,0.136136358626
29.132,3.79748402326,2.38353953868,0.881957104189,0.145191741022,0.12970073137
29.152,3.80039932294,2.38708681484,0.884443199384,0.14659613517,0.132969924696
29.172,3.8032830448,2.3906231023,0.887230632695,0.145331715237,0.124498626821
29.192,3.80617845496,2.39418435563,0.889731771486,0.142682559524,0.140244756919
29.212,3.80906311207,2.39775994052,0.892574668971,0.148624611601,0.127647102782
29.232,3.81205175729,2.40148179825,0.895244307164,0.146287943756,0.116617557591
29.252,3.81490345296,2.40504825116,0.897659001926,0.139531112069,0.140419070649
29.272,3.81771219518,2.40858805411,0.900472452578,0.14216349509,0.13024725737
29.292,3.82054075089,2.41216537108,0.903245024531,0.141316049632,0.129734156823
29.312,3.82336701286,2.41575929041,0.905727036956,0.141044883833,0.12325148216
29.332,3.82617785652,2.41935228976,0.908217548807,0.140396954317,0.124193896833
29.352,3.82900269,2.42298294595,0.910672902137,0.143601391177,0.116597091038
29.372,3.83185895263,2.42666882086,0.912860569265,0.138453148227,0.113606301562
29.392,3.83457315259,2.43019247159,0.915550442777,0.133653236941,0.150455778494
29.412,3.8372932575,2.43374371251,0.918555757665,0.136287816397,0.150319640364
29.432,3.84002274217,2.43732845813,0.921547222596,0.13530708192,0.150048584857
29.452,3.84273836552,2.44091723511,0.924528696397,0.134810792094,0.149662051891
29.472,3.84545435197,2.44452888688,0.927527263545,0.134855978878,0.150499971438
29.492,3.8482007381,2.44820444474,0.930450906844,0.139787645121,0.136558167595
29.512,3.85101428551,2.45198335526,0.932916907419,0.136551205652,0.116630724629
29.532,3.85366887766,2.45557414398,0.935427562742,0.131414946313,0.132305532658
29.552,3.85629077989,2.45913935626,0.938107236655,0.130930579533,0.134176279122
29.572,3.85890183166,2.4627103337,0.940806916138,0.130192406223,0.136751085617
29.592,3.86150577336,2.46629200749,0.943528776092,0.13006046677,0.135727179173
29.612,3.86411059458,2.46989607351,0.94627473766,0.130151649591,0.137059770226
29.632,3.86673812132,2.4735526623,0.9489647523,0.134052481826,0.128112536911
29.652,3.86940951036,2.47728853452,0.951362872374,0.131365396067,0.116576516653
29.672,3.87192116283,2.48082241945,0.954142385797,0.125209751312,0.136517254072
29.692,3.87440404254,2.48433702398,0.957261488172,0.124695610289,0.162154265913
29.712,3.87692001146,2.4879206812,0.960174849605,0.125704584034,0.144514230474
29.732,3.87943871744,2.49153029398,0.963034274281,0.125963310511,0.142700964379
29.752,3.88194886523,2.49515040563,0.96590315567,0.124464042466,0.142940071618
29.772,3.88450459376,2.49885835595,0.968662234798,0.129100857974,0.129281223161
29.792,3.88702993124,2.50254154719,0.971318215192,0.12226771777,0.152404119556
29.812,3.88945146295,2.50609892486,0.974602113367,0.121384317175,0.171492538051
29.832,3.89186313643,2.50966636161,0.978054649365,0.121151977278,0.172429079287
29.852,3.89426663638,2.51324805235,0.981521250868,0.120622891893,0.172874336273
29.872,3.89666003297,2.51684148533,0.984992728727,0.120240431494,0.173607443112
29.892,3.89904749841,2.52045335265,0.988473007133,0.119703252,0.173166151655
29.912,3.90146495372,2.52413872064,0.99187031504,0.124086260773,0.16006895591
29.932,3.90391492917,2.52789786675,0.994917273302,0.119938560717,0.152882659996
29.952,3.90624922501,2.53150639414,0.998209455766,0.116743721102,0.171688929163
29.972,3.90855798031,2.53510148897,1.00173752605,0.115710381033,0.17703408152
29.992,3.91085799765,2.53871154149,1.00527128848,0.115905692349,0.175823497983
30.012,3.91315349311,2.54234175902,1.00881272446,0.115144017024,0.177105575566
30.032,3.91544400786,2.54599350292,1.01237287431,0.114910224128,0.177617994066
30.052,3.91777531871,2.54974153299,1.01575652471,0.121447006975,0.14720803583
30.072,3.92013181242,2.55355308985,1.01888126836,0.114192632,0.163418677854
30.092,3.92234515556,2.55716400261,1.02241593135,0.110768944453,0.186645646797
30.112,3.92455174948,2.56079344357,1.02615842042,0.110756077556,0.184577351853
30.132,3.92675415966,2.5644439261,1.029864011,0.11062733357,0.184574961479
30.152,3.928947888,2.56811120238,1.03356485779,0.110016307472,0.184024051264
30.172,3.93114190724,2.57180968851,1.0372715667,0.109997488652,0.184605940702
30.192,3.9333883449,2.57562888538,1.04080629499,0.113767055172,0.165896435904
30.212,3.93562260515,2.57945766494,1.04401931801,0.10772799307,0.170596209921
30.232,3.93779221069,2.58320603014,1.04764455343,0.107463422587,0.189911250962
30.252,3.93994272798,2.58695090596,1.05144880588,0.106590419214,0.190974892639
30.272,3.94207726564,2.59070112333,1.0552800024,0.105960388644,0.193217747594
30.292,3.94419920674,2.59446246676,1.05913696875,0.105428950034,0.195838800154
30.312,3.94631283242,2.59824340545,1.06302515134,0.104756800821,0.196125717187
30.332,3.94845557718,2.60211491208,1.06680138539,0.107947307647,0.172902456463
30.352,3.95062597581,2.60607202439,1.07016780581,0.104820053523,0.186456900167
30.372,3.95269514181,2.60987389845,1.07402256291,0.102345511186,0.199131888564
30.392,3.95473853477,2.61366189718,1.07793761708,0.101170528516,0.197441492127
30.412,3.95676336619,2.61744998645,1.08189328963,0.10041073533,0.198955085394
30.432,3.95877460618,2.62124846541,1.08586673727,0.099965720006,0.200569903177
30.452,3.96077601055,2.62506504534,1.08986527413,0.0995816358982,0.201266425003
30.472,3.96277115987,2.62890704491,1.09388183971,0.0989470934942,0.200993301644
30.492,3.96476576286,2.63278656348,1.0978764335,0.101742192122,0.194518769753
30.512,3.96681887292,2.63681735379,1.10153331152,0.101898258969,0.174177372107
30.532,3.96878120603,2.64070383146,1.10518605823,0.0955095593076,0.19465951348
30.552,3.97069543861,2.64453262415,1.10923082561,0.094972940932,0.206944429849
30.572,3.97259679945,2.64837475241,1.11337409347,0.094403162022,0.210127589219
30.592,3.97448750731,2.6522355375,1.11754081094,0.0940767748419,0.21121495873
30.612,3.97637388377,2.6561288237,1.12172660772,0.0934348927634,0.211065585986
30.632,3.97827771889,2.66010069969,1.12584225454,0.0966418287928,0.19887439996
30.652,3.9802006975,2.66415334365,1.1296038801,0.0937139835638,0.185667326921
30.672,3.98204449498,2.66807793731,1.13356690868,0.0911481203612,0.205457660311
30.692,3.98386735278,2.67199908176,1.13771032692,0.0901737500154,0.209029908691
30.712,3.98567441686,2.67592766429,1.1418814315,0.0893680870876,0.209500816523
30.732,3.98747304615,2.67988232977,1.14608400881,0.089022274831,0.210424337125
30.752,3.98928361239,2.68390816682,1.15022043723,0.0920716395142,0.198758465165
30.772,3.99114241645,2.68808019122,1.15389550589,0.0927338148564,0.178849982979
30.792,3.99288004099,2.69203619895,1.15786528066,0.0842161617379,0.21052105597
30.812,3.99458866077,2.69596337085,1.16227079743,0.0849537471739,0.225835957579
30.832,3.99628817513,2.69991480842,1.16671714137,0.0844090272755,0.224475947552
30.852,3.99797853837,2.70389192581,1.1711668757,0.0837374462202,0.224479534506
30.872,3.99965445081,2.70788433358,1.17562284951,0.0829428661801,0.224942827595
30.892,4.00131489391,2.71188989924,1.18009497283,0.0821937752105,0.22590664698
30.912,4.00296038756,2.71591023967,1.18458068581,0.0816250198206,0.227299838077
30.932,4.00459383944,2.71995295187,1.1890854359,0.0810608261875,0.227846888287
30.952,4.00621394002,2.72401513658,1.19359703207,0.0801280260763,0.227627051365
30.972,4.00784418366,2.72815725121,1.19802586807,0.0826941198787,0.21293153278
30.992,4.00947386987,2.7323495219,1.20225687798,0.0799311737167,0.221265719797
31.012,4.0110524361,2.73646521421,1.20675043169,0.0776414064564,0.2264809124
31.032,4.0126119111,2.74058534831,1.21128416493,0.0767640160237,0.229575075571
31.052,4.01415476838,2.74471806186,1.21582627148,0.0763927685888,0.228780025619
31.072,4.01568369709,2.74887132222,1.22038056852,0.0755429886315,0.228208493933
31.092,4.01723044982,2.75313277044,1.22476643116,0.0772099312163,0.210141348821
31.112,4.01875686898,2.75739254267,1.22898561331,0.0748385095111,0.220342423492
31.132,4.02024006233,2.76159077959,1.2335323458,0.0732378733835,0.230011183235
31.152,4.02169703481,2.76577585378,1.23817546017,0.0718712277618,0.233480615849
31.172,4.02313472288,2.76996846626,1.24285370788,0.0710759329887,0.234951766406
31.192,4.02455402398,2.77417144787,1.24754886545,0.0704228480075,0.236489731872
31.212,4.02596048898,2.77840241464,1.25227590519,0.0694595723317,0.236670542182
31.232,4.02738719327,2.78276774991,1.25673821639,0.0750968932184,0.207143528484
31.252,4.02882654195,2.78721394398,1.26061467619,0.0691796040864,0.189876733412
31.272,4.03019476785,2.79151108777,1.2645968655,0.0674980643547,0.206918978114
31.292,4.03153995955,2.79579914896,1.26878986727,0.0663203609379,0.210765395878
31.312,4.03286638505,2.80008858808,1.27300957052,0.0656957500757,0.21190779987
31.332,4.03417882151,2.80439776197,1.27727933892,0.0647654147342,0.213332392484
31.352,4.03548702112,2.80876297094,1.28150086176,0.066014932626,0.204726107036
31.372,4.03680383177,2.81321567144,1.28544014226,0.0645224863027,0.194827669405
31.392,4.03807503211,2.81757919698,1.28952208852,0.0625831990234,0.211973762439
31.412,4.03932067122,2.82192740479,1.29387306392,0.0612855168264,0.219535294839
31.432,4.04054554687,2.82627262172,1.2982767389,0.060385414205,0.221900402171
31.452,4.04175086022,2.83062355112,1.30272092785,0.0594296244438,0.221989531016
31.472,4.04296066898,2.83506888144,1.30703094385,0.0601443478303,0.207353995361
31.492,4.0441507247,2.83950649096,1.31124390063,0.0584360944778,0.218125668188
31.512,4.04530733299,2.84390409269,1.31573297877,0.0569494875133,0.225861246075
31.532,4.04644269541,2.8482987289,1.32028440654,0.055845787919,0.22908173088
31.552,4.04755765151,2.85269787396,1.3248840036,0.0549337071494,0.231090082525
31.572,4.04865323012,2.85710635509,1.3295095266,0.0541140828088,0.231554334033
31.592,4.04973306025,2.86153889281,1.3341679286,0.0531595907257,0.232772190618
31.612,4.05081042982,2.86605625845,1.33875877329,0.0538473941573,0.222358541514
31.632,4.05188079675,2.87062441329,1.34311394203,0.0524682246907,0.221182898875
31.652,4.05291695198,2.8751441123,1.34770753398,0.0508704770941,0.234015199513
31.672,4.05393110289,2.87966459463,1.35238897341,0.0498971582453,0.233848579377
31.692,4.05492195563,2.88417885998,1.35711343866,0.0486662277731,0.237036265329
31.712,4.05589098736,2.88869533836,1.36187717011,0.0476008353706,0.239930713768
31.732,4.05683825118,2.89321762063,1.36667893439,0.0465542990186,0.239891027448
31.752,4.05777086774,2.89778305879,1.37144725671,0.0471107245752,0.232987444588
31.772,4.05873750145,2.90262375178,1.37593129408,0.0479053211497,0.21601229743
31.792,4.05969055216,2.90750699973,1.38007900416,0.0471298367019,0.199224713153
31.812,4.06062200383,2.91237140712,1.38424225222,0.0450459201369,0.239589353127
31.832,4.0614900302,2.91705243531,1.3894318253,0.0428891397275,0.268155960836
31.852,4.06233007124,2.9217046058,1.3950078479,0.041515660823,0.285978243339
31.872,4.0631407882,2.9263465414,1.40078526705,0.0399848030341,0.288461563402
31.892,4.06392759197,2.93101172985,1.40654442517,0.0396781660136,0.279165140026
31.912,4.06473978526,2.93597511331,1.41146271104,0.0400206651663,0.222617597455
31.932,4.06553324952,2.94097181488,1.41573884024,0.0395841075798,0.207641590786
31.952,4.06631244429,2.94602149319,1.41989106463,0.0384288697368,0.207671168058
31.972,4.0670713603,2.95108292215,1.42408626548,0.0377680587554,0.211131431086
31.992,4.0678092957,2.95614866975,1.42830783669,0.0364959474579,0.213055492247
32.012,4.06851165872,2.96111784763,1.43274086736,0.0345915942431,0.22983557628
32.032,4.06918693349,2.96606271853,1.43751055105,0.0333313069472,0.246604098884
32.052,4.06983393684,2.97098621817,1.44259124834,0.0319243515178,0.257501396096
32.072,4.07045792827,2.97593353747,1.44771642448,0.0312113632102,0.252142376632
32.092,4.07106645263,2.98095476524,1.45257706778,0.0300376031543,0.235155723458
32.112,4.07165662443,2.98601846945,1.45713524095,0.0293220397143,0.225416845269
32.132,4.07222639383,2.99111041475,1.46164305163,0.0281112518503,0.22552748264
32.152,4.07276790206,2.99615172898,1.46631698566,0.0265986671475,0.241827114071
32.172,4.07328353933,3.00118852675,1.47132715526,0.0253373936907,0.25857902816
32.192,4.07376088822,3.00613442737,1.47716349644,0.0223250668444,0.321974210812
32.212,4.07421280649,3.01110581367,1.48339587654,0.0216063766676,0.32593799726
32.232,4.07463650541,3.01610822184,1.49036287288,0.0202750170875,0.34863571274
32.252,4.07503448906,3.02132355977,1.49728424039,0.0190273360078,0.326517110065
32.272,4.07541106877,3.02667063913,1.50362142773,0.0174076350268,0.302194944461
32.292,4.07576543381,3.03210728061,1.50919929959,0.0170143503092,0.278293503921
32.312,4.07609208293,3.0375977326,1.51514406719,0.0164363728171,0.32295908454
32.332,4.0763841724,3.04314437046,1.52173139274,0.0146882678406,0.349376185174
32.352,4.07664015664,3.0487725475,1.52868544059,0.011569354168,0.348244692573
32.372,4.07685729786,3.05442251338,1.53559414493,0.00976517585873,0.337869065234
32.392,4.07704374475,3.06031928943,1.54213977474,0.0084573247525,0.310032629164
32.412,4.07720023312,3.06640469148,1.54831032694,0.00685827491572,0.306467996425
32.432,4.07732111962,3.0726277592,1.5545079323,0.00486344567092,0.304261303674
32.452,4.07740548214,3.0789648869,1.56069531694,0.00437239710831,0.318427137149
32.472,4.07745051886,3.08536251249,1.56685825208,0.00213527254559,0.314150320399
32.492,4.07745697865,3.09209155757,1.57282055953,0.000154662892444,0.301468023919
32.512,4.07742329471,3.0990742155,1.57865317863,-0.00167392826699,0.306963197445
32.532,4.07734521552,3.1061742699,1.5844759355,-0.00587465666717,0.277427642522
32.552,4.07722696366,3.11337478733,1.59030342966,-0.00623783508289,0.296734623149
32.572,4.07706208733,3.12074641772,1.59613677954,-0.00883858898629,0.293945278242
32.592,4.07684902752,3.12831274577,1.60197566685,-0.0120112087067,0.291014355932
32.612,4.07657901239,3.13623529138,1.60763648756,-0.0146089432944,0.282241944557
32.632,4.07625143285,3.1444829561,1.61335530402,-0.0177999202395,0.286413958679
32.652,4.07586756487,3.15292153333,1.61904319022,-0.0206139442374,0.281290722954
32.672,4.07542733749,3.16154453091,1.62466666267,-0.0231837372302,0.281267880867
32.692,4.07492897094,3.17033054615,1.63021447801,-0.0263860459702,0.276249371051
32.712,4.07437407545,3.17923726539,1.63573087582,-0.029240563645,0.272199966391
32.732,4.07375132251,3.18842615119,1.64091558924,-0.0328704732009,0.247284008471
32.752,4.07305673538,3.19798896822,1.64563678911,-0.0364781746001,0.226310430314
32.772,4.07229283294,3.20789505819,1.65004216949,-0.039510681309,0.21942286232
32.792,4.07147844453,3.21786064097,1.65431425239,-0.0416885088617,0.203107902476
32.812,4.0706258077,3.22782265809,1.65826080957,-0.0436018838477,0.19664488571
32.832,4.0697319172,3.23778110643,1.66209553852,-0.0455100000192,0.182797233932
32.852,4.06880334345,3.24773630173,1.66573003632,-0.0473425633016,0.18184827585
32.872,4.06783761312,3.25768800999,1.66925814763,-0.0490432481191,0.173555831457
32.892,4.06683769315,3.26763629129,1.67273277108,-0.0508286793125,0.173822735037
32.912,4.06580689421,3.2775767089,1.67635574636,-0.0524916948002,0.188735680279
32.932,4.064733664,3.28751723219,1.68019370069,-0.0545461930657,0.194442434547
32.952,4.0636225555,3.29745373404,1.68408415948,-0.056461695985,0.19446393119
32.972,4.06247212021,3.3073857997,1.68790069073,-0.0583670042024,0.182827632564
32.992,4.06128768058,3.31731375106,1.69156404325,-0.0600672853367,0.189392269939
33.012,4.06006402228,3.32723685822,1.69561633048,-0.062222024613,0.213813926476
33.032,4.05879747764,3.33715465644,1.70000596126,-0.0644291694732,0.225720101932
33.052,4.05748683888,3.34706675691,1.70454798501,-0.0664821910109,0.232274130931
33.072,4.05613167122,3.35697145139,1.70929019139,-0.0690291695426,0.239876523626
33.092,4.05472711835,3.36687065584,1.71427578786,-0.0715037384667,0.254107392358
33.112,4.0532721062,3.37676261336,1.71935401958,-0.0738872023134,0.254242690231
33.132,4.05176677646,3.38664696602,1.7245585377,-0.0765286508494,0.261701993507
33.152,4.05021339447,3.3965041583,1.729798357,-0.0776444666328,0.265676152195
33.172,4.04865479223,3.40608763697,1.73520896336,-0.0782472531337,0.272320949277
33.192,4.04709397809,3.41536268405,1.74104072213,-0.0777123019005,0.310721626368
33.212,4.04554250324,3.42424812416,1.74743307285,-0.0771986782768,0.336490324426
33.232,4.04400844282,3.43272308118,1.75427084084,-0.0765417594966,0.352726769512
33.252,4.04248422265,3.44079948216,1.7616347117,-0.0768755013873,0.375795927187
33.272,4.04097751539,3.448473972,1.76951007262,-0.074613829547,0.407209659693
33.292,4.03949419889,3.45573816886,1.77782393623,-0.0741404108227,0.434960815508
33.312,4.03802834162,3.46259638256,1.78664320665,-0.0727772210872,0.439662492125
33.332,4.03659136298,3.46905059018,1.79592911526,-0.0708780176543,0.478840879743
33.352,4.03518359749,3.47510002771,1.80567792921,-0.0693276570102,0.505056371295
33.372,4.03381035536,3.48074311854,1.81590352165,-0.0670462477305,0.512619313454
33.392,4.03247304534,3.48599533106,1.82671744887,-0.0654274506917,0.540019183746
33.412,4.031188704,3.49081557456,1.83715878177,-0.0627712775061,0.485409823221
33.432,4.02995628823,3.49526051689,1.84728168019,-0.0605851647685,0.503815540322
33.452,4.02878395428,3.49931481414,1.85711885419,-0.0571748895366,0.480190594496
33.472,4.02768459814,3.50297611399,1.86650994375,-0.0534208475764,0.458483902098
33.492,4.02667233471,3.50624607583,1.87541721713,-0.0489381357839,0.433361855634
33.512,4.02575335644,3.50912609872,1.8838299053,-0.0440956580834,0.408705226245
33.532,4.0249355692,3.51161849817,1.89174906269,-0.0388690451982,0.384020052479
33.552,4.02422627493,3.5137254917,1.89917447536,-0.0332906370364,0.35932827232
33.572,4.0236323004,3.51544942867,1.90610390141,-0.027392855341,0.334368931325
33.592,4.02315926257,3.51679269365,1.91252887053,-0.0212696596512,0.308484008255
33.612,4.022791675,3.51782581319,1.91783168399,-0.0148189510401,0.236038747249
33.632,4.02256507933,3.51848491001,1.92209475221,-0.00869732584972,0.204296086555
33.652,4.0224821976,3.51875981662,1.92592771609,-0.00113917078781,0.17936562227
33.672,4.02253961379,3.5186507557,1.92944818613,0.00620132203376,0.16852924677
33.692,4.02273924959,3.518159036,1.93256157095,0.0139663426079,0.143125044877
33.712,4.02308431785,3.51728262921,1.93529964684,0.0209283163572,0.128799794116
33.732,4.02357329897,3.51603786363,1.93766277996,0.0282354851378,0.10850510079
33.752,4.02420843802,3.5144156125,1.93959989971,0.0345133193773,0.084712616301
33.772,4.02499474083,3.51241286863,1.94115257628,0.0428353146533,0.0626464418039
33.792,4.02592934532,3.51003182786,1.94234695586,0.050937552542,0.058121078436
33.812,4.02700941208,3.50725823248,1.94331585006,0.0577604214163,0.0348098271535
33.832,4.02823874514,3.50411357609,1.943810756,0.0655171623005,0.0144545790829
33.852,4.02961555049,3.50059579894,1.94383804284,0.0726560800627,-0.0121579991965
33.872,4.03113859455,3.49670617217,1.94356253329,0.080090151431,-0.0139116762446
33.892,4.03280484695,3.49244334439,1.94334072633,0.0873008337908,-0.00983824409556
33.912,4.03461579635,3.48780764772,1.94314067292,0.0945494958852,-0.00941260002494
33.932,4.03657130799,3.48279897489,1.94296690471,0.101777299829,-0.00825081184631
33.952,4.03867149839,3.47741738241,1.94280321762,0.109001755087,-0.00741773767241
33.972,4.0409160947,3.47166277899,1.94265113776,0.116233226716,-0.0074077333561
33.992,4.04330522682,3.46553518682,1.94251110466,0.123452421595,-0.0066239197346
34.012,4.04583887633,3.45903459902,1.94238753076,0.130664129386,-0.00503230658871
34.032,4.04851684829,3.452160983,1.94228284019,0.137903660769,-0.00505157248574
34.052,4.05133941325,3.44491439864,1.94218780837,0.145124164728,-0.00434908246771
34.072,4.05430647417,3.43729482873,1.9420981784,0.152349492522,-0.00400923048565
34.092,4.05741793761,3.42930223699,1.94201439291,0.159573089634,-0.00397966258824
34.112,4.06067392221,3.42093665607,1.94193258848,0.166802985408,-0.00330699125086
34.132,4.06407420792,3.41219801408,1.94186596753,0.174018549643,-0.00307348128665
34.152,4.06761904166,3.40308639997,1.94180484886,0.181238663592,-0.00274870936043
34.172,4.07124493593,3.39376610419,1.94174610551,0.181767619923,-0.00261765082572
34.192,4.07486975709,3.38444593051,1.94169117347,0.181734867373,-0.00254820908886
34.212,4.07849413233,3.37512559968,1.94163914976,0.181707283242,-0.0020690752763
34.232,4.0821179835,3.36580507325,1.94159425738,0.181689677175,-0.00205890424846
34.252,4.08574147423,3.35648439994,1.94155258933,0.181668132224,-0.00178471255895
34.272,4.08936457708,3.34716357939,1.94151264709,0.181651217351,-0.00180988652695
34.292,4.09298731973,3.33784261556,1.94147404453,0.181632717775,-0.00170455457557
34.312,4.09660970346,3.32852151281,1.94143580675,0.18161542038,-0.00171765190095
34.332,4.10023173657,3.31920027157,1.94139871875,0.181597726394,-0.00164116637399
34.352,4.1038534314,3.30987889868,1.9413618684,0.181587223395,-0.00155731679773
34.372,4.10747478938,3.300557392,1.9413294063,0.181565179849,-0.00141022335326
34.392,4.11109585295,3.29123577278,1.94129702469,0.181549445624,-0.00143884079608
34.412,4.11471662408,3.28191403768,1.94126653239,0.181535909412,-0.00131524588213
34.432,4.11833711742,3.27259219496,1.94123626181,0.181523715462,-0.00126260577586
34.452,4.12195732313,3.26327023997,1.94120746112,0.181508509509,-0.00124131848117
34.472,4.1255772664,3.25394818319,1.94117844664,0.181495164066,-0.00125913195402
34.492,4.12919693819,3.24462602033,1.94114922077,0.181481355276,-0.00126434942709
34.512,4.13281634046,3.23530375176,1.9411203738,0.181467369682,-0.00121475113343
34.532,4.1364354716,3.22598137877,1.94109202574,0.181454633432,-0.00122152445701
34.552,4.14005434811,3.21665890499,1.94106468748,0.18144082024,-0.00111215943462
34.572,4.1436729674,3.20733633347,1.94103836906,0.181429537347,-0.00112078549385
34.592,4.14729134072,3.19801366686,1.94101075411,0.18141680023,-0.00119403287598
34.612,4.15090944218,3.18869092769,1.94098338387,0.181391886776,-0.00115871284533
34.632,4.15452692444,3.1793690858,1.9409456019,0.181204535821,-0.00295518437441
34.652,4.15814456761,3.17004623684,1.9408975423,0.181227888102,-0.00379653364009
34.672,4.1617615713,3.16072345861,1.94084569037,0.181105742978,-0.000950395477105
34.692,4.16537720392,3.15140263757,1.94081588816,0.181097850014,-0.0010421032358
34.712,4.16899275759,3.14208130892,1.94078874399,0.181077158312,-0.00104301990049
34.732,4.17260817911,3.13275958802,1.94076436633,0.181056595852,-0.00103443591522
34.752,4.17622349419,3.12343748873,1.94074338158,0.181035311588,-0.000995691788147
34.772,4.17983872225,3.11411503081,1.94072530586,0.181016898099,-0.00106604273307
34.792,4.18345379691,3.10479243471,1.94070687589,0.181007813928,-0.00107046981448
34.812,4.18706870013,3.09546977366,1.94068825747,0.180999346097,-0.00109957036762
34.832,4.19068342791,3.08614704696,1.94066920318,0.180990209835,-0.00110274911559
34.852,4.19429797494,3.07682425322,1.94064948599,0.180980966027,-0.00115367878381
34.872,4.19791233438,3.06750138986,1.94062910907,0.180971549326,-0.00118960625579
34.892,4.20152649916,3.0581784553,1.94060781039,0.180961461282,-0.00122141918948
34.912,4.20514046245,3.0488554454,1.9405858837,0.180951197757,-0.00126245715836
34.932,4.20875421642,3.03953235611,1.94056350452,0.180940128019,-0.00130404876456
34.952,4.21236776119,3.03020918952,1.94054020681,0.1809298312,-0.00131474788142
34.972,4.21598108869,3.02088594033,1.9405168646,0.180919347712,-0.00131569927412
34.992,4.21959421067,3.01156264025,1.94049285524,0.180908219151,-0.00135733233146
35.012,4.22320710318,3.00223926138,1.9404686075,0.180892747123,-0.0014486015046
35.032,4.22681976426,2.99291582167,1.94044080747,0.180884969336,-0.00153756230723
35.052,4.23043215931,2.98359227849,1.94041299702,0.180868997696,-0.00158912375268
35.072,4.23404429395,2.97426864063,1.94038377331,0.180858273421,-0.00160472463611
35.092,4.23765614374,2.96494489023,1.94035424429,0.180844612377,-0.00176694642667
35.112,4.24126771624,2.95562104259,1.94032151958,0.180829275792,-0.00177854447645
35.132,4.24487895792,2.94629706299,1.94028839436,0.180811046084,-0.00203893321095
35.152,4.24848988776,2.9369729896,1.94024939606,0.18079492323,-0.00209189412737
35.172,4.25210042931,2.92764875608,1.94021037351,0.180769986499,-0.00220895716673
35.192,4.25571059595,2.91832439598,1.94016716578,0.18075580756,-0.00231102199925
35.212,4.25932035211,2.90899987094,1.94012392496,0.180735733126,-0.00231008744899
35.232,4.26292967149,2.89967521634,1.9400734612,0.18071228912,-0.00270360497592
35.252,4.26653851872,2.89035038519,1.94002239828,0.180688467974,-0.00270063622804
35.272,4.27014683859,2.8810254079,1.93996098328,0.1806599345,-0.00322889419473
35.292,4.27375458902,2.87170021602,1.93989942217,0.180631223665,-0.00322524622585
35.312,4.27736170504,2.86237485168,1.93982477706,0.180596542109,-0.00395468855959
35.332,4.28096813317,2.8530492533,1.93974855332,0.180562120462,-0.00396958041651
35.352,4.284573803,2.84372350486,1.93965472011,0.180519819034,-0.0050602477189
35.372,4.28817856543,2.8343974444,1.93955674454,0.180473430498,-0.00504433171861
35.392,4.29178238273,2.82507131346,1.93942939869,0.180420774567,-0.00670827760823
35.412,4.29538500857,2.81574486569,1.93929843585,0.180357300927,-0.00669475209173
35.432,4.29898627421,2.80641831066,1.93912126882,0.180296879641,-0.00968179924077
35.452,4.3025858091,2.79709155958,1.93892869759,0.180203678285,-0.00967579984917
35.472,4.30618336113,2.78776436993,1.93868062779,0.18012413776,-0.0141198841141
35.492,4.30977835912,2.77843731483,1.93839472556,0.1799894872,-0.0140414617058
35.512,4.31337032661,2.7691094877,1.93797593398,0.17981219028,-0.0299345350375
35.532,4.3169572135,2.75978431971,1.93730034708,0.179488464348,-0.0333930582146
35.552,4.32053709207,2.75045736319,1.93646807479,0.179059538655,-0.05033025719
35.572,4.32410722418,2.74113368156,1.93526326389,0.178554642248,-0.0696279758478
35.592,4.32766540708,2.73180686892,1.93365114037,0.178929979477,-0.092672321206
35.612,4.33119517082,2.72248838389,1.93172769392,0.174890756135,-0.102308043769
35.632,4.33461765343,2.7133902253,1.92915803555,0.168287462847,-0.151335948994
35.652,4.3378664089,2.70468956002,1.92654590156,0.1585362438,-0.128267628289
35.672,4.34095065915,2.69635689892,1.92411377771,0.150370620946,-0.116631637977
35.692,4.34387991277,2.68839027989,1.92205437169,0.142860377784,-0.0943840587378
35.712,4.34666298368,2.68077946105,1.92040210831,0.136000709914,-0.0705299117145
35.732,4.34930063576,2.67353169478,1.91912880801,0.128668014889,-0.0537522664884
35.752,4.35179582235,2.66665067035,1.91821700077,0.121448727679,-0.0363929162878
35.772,4.35415136577,2.66013935428,1.9176603049,0.114470997655,-0.0199257429013
35.792,4.35636839735,2.65400391799,1.91743786195,0.107538811202,-0.0035734250425
35.812,4.35844810136,2.64824618204,1.91752275232,0.100785380089,0.00738472361166
35.832,4.36039319609,2.64286335111,1.91762483399,0.0940682302681,0.00419814243865
35.852,4.3622031489,2.63785671081,1.91770420941,0.0872866775038,0.00350557323472
35.872,4.36387657438,2.63322886556,1.91775931373,0.0804163085101,0.00269401593841
35.892,4.36541382666,2.62897775572,1.91781360944,0.0736398561026,0.00272112577987
35.912,4.36681524583,2.6251029919,1.91785840685,0.0668437694243,0.00220514523834
35.932,4.36808077401,2.62160444439,1.91790270562,0.0600483905735,0.0022202705903
35.952,4.36920932464,2.61848459737,1.91794437804,0.0532135009596,0.00153077845982
35.972,4.37020154671,2.61574212425,1.91798938935,0.0463731931118,0.00209711497893
35.992,4.37105778809,2.61337590379,1.91802499638,0.0395802818211,0.00177033787137
36.012,4.37177797057,2.61138583316,1.91806014907,0.0327628141342,0.00148186271415
