33.802,-0.101483495877,-7.25462049341e-06,0.0109276639589,-4.41051828065e-05,0.000322880871238
33.822,-0.101484371941,-7.26355033063e-06,0.010934133063,-4.41050937496e-05,0.000322881168556
33.842,-0.101485248003,-7.27248571688e-06,0.010940602173,-4.41050046976e-05,0.000322881465928
33.862,-0.101486124063,-7.28142665209e-06,0.0109470712889,-4.4104915654e-05,0.000322881763342
33.882,-0.101385891206,-6.0993082386e-06,0.0109687459679,0.0137043026275,0.00147348823245
33.902,-0.100901693284,-7.78694933639e-07,0.010996027072,0.0337107039824,0.00126484895657
33.922,-0.100017470748,8.95166152824e-06,0.0110190451449,0.0537105856966,0.00110759822947
33.942,-0.0987332574187,2.31114571779e-05,0.0110398822397,0.0737101488611,0.000980971075236
33.962,-0.097049059405,4.17152553465e-05,0.0110595436946,0.0937089977953,0.000982546888251
33.982,-0.0949648766329,6.47771017267e-05,0.0110775275781,0.11370837532,0.000881510220428
34.002,-0.0924807101958,9.23084951908e-05,0.0110942164571,0.133707630201,0.000798764922591
34.022,-0.0895965633663,0.000124319925766,0.0111102185131,0.153706415309,0.0007994805616
34.042,-0.086312431152,0.000160821799472,0.0111242657409,0.173705907994,0.000674356066064
34.062,-0.0826283154783,0.000201820098956,0.0111370460329,0.193705171178,0.000583115164656
34.082,-0.0785442177502,0.000247319692443,0.0111487660261,0.213703959411,0.000585642020249
34.102,-0.0740601430029,0.000297328289927,0.011160046932,0.233702876909,0.000550180617065
34.122,-0.0691760921675,0.000351852555535,0.0111710707788,0.25370158574,0.000550562808003
34.142,-0.0638920625044,0.000410899577223,0.0111811640456,0.273700620548,0.000492960897671
34.162,-0.0582080561289,0.000474474754972,0.0111908415498,0.293699552282,0.000447894759847
34.182,-0.0521240718956,0.00054257923916,0.0111998228794,0.313698251625,0.0004488623321
34.202,-0.0456401117037,0.000615220974506,0.0112083299027,0.333697115224,0.000413261285337
34.222,-0.0387561767989,0.000692402532854,0.0112166197458,0.353695760547,0.000413973572567
34.242,-0.0314722678056,0.000774129400341,0.0112246342664,0.373694470796,0.00039916120455
34.262,-0.0237883872746,0.000860405743254,0.0112328519737,0.393692817303,0.000446905389604
34.282,-0.0157045393023,0.000951246100424,0.011241725071,0.4136914547,0.000427331005883
34.302,-0.00722071684197,0.00104665307355,0.0112499964758,0.433690132003,0.000411247437637
34.322,0.00166307865014,0.00114663268051,0.0112579970747,0.453688774446,0.000397024081043
34.342,0.0109468465489,0.00125118847386,0.0112657557464,0.473687388357,0.000384513850921
34.362,0.0206305861185,0.00136032465622,0.0112733374287,0.493685974332,0.000373394411768
34.382,0.0306131027382,0.00147282702305,0.0112819506337,0.499928897201,0.00043515417504
34.402,0.0406115687278,0.00158568150027,0.011290624559,0.499921642325,0.000426069352836
34.422,0.0506100046002,0.00169862508967,0.0112991322746,0.4999213833,0.000425002583897
34.442,0.060608436937,0.00181165393976,0.0113074118112,0.499921244317,0.000409952527331
34.462,0.0706068628353,0.00192476613068,0.0113161036347,0.499920781193,0.000450619673517
34.482,0.0806052824036,0.00203796600515,0.0113249583415,0.499920581595,0.000441446239434
34.502,0.0906036976259,0.00215125374599,0.0113337591411,0.499920397906,0.000433438525156
34.522,0.10060210899,0.00226462814335,0.0113424749071,0.499920177882,0.000435134024106
34.542,0.110600516867,0.00237808843632,0.0113510370928,0.499920052143,0.00042065267392
34.562,0.12059892158,0.00249163277149,0.0113594781419,0.499919885537,0.000415812671036
34.582,0.130597323545,0.00260525873885,0.0113677355176,0.499919741664,0.000410311139777
34.602,0.14059572238,0.00271896576981,0.0113759358378,0.49991959703,0.000405631400395
34.622,0.150594118266,0.00283275288112,0.0113840843921,0.49991945271,0.00040230171084
34.642,0.160592511628,0.00294661852083,0.0113921556015,0.499919322039,0.000402343278932
34.662,0.170590902692,0.00306056273252,0.0114001628515,0.499919221641,0.000398227031353
34.682,0.180589290031,0.00317458521613,0.0114084456951,0.499918989032,0.000418795238759
34.702,0.190587674232,0.00328868893522,0.0114168495387,0.499918900303,0.000414353882741
34.722,0.200586057626,0.00340287290566,0.0114250864947,0.499918871792,0.00040864484989
34.742,0.210584440288,0.00351713671098,0.0114332453636,0.499918845192,0.000404038885179
34.762,0.220582822441,0.00363147938921,0.0114413457911,0.499918834017,0.000399832473419
34.782,0.230581204545,0.00374589994425,0.0114493688055,0.499918829392,0.00039660945243
34.802,0.240579586999,0.00386039767,0.0114573103466,0.499918849813,0.000395186143208
34.822,0.250577970436,0.00397497201909,0.0114651203732,0.499918916029,0.000387564743588
34.842,0.26057635499,0.00408962175158,0.0114728544173,0.499918977374,0.00038370307748
34.862,0.270574739148,0.00420434705564,0.0114808471021,0.499918920213,0.000401719161775
34.882,0.280573124155,0.00431915012628,0.0114888357566,0.499919009805,0.000396697197745
34.902,0.290571511256,0.00443403054604,0.0114967208806,0.499919120537,0.00039194425934
34.922,0.300569900412,0.00454898791629,0.0115045663293,0.499919240111,0.00038744597444
34.942,0.310568292102,0.00466402140521,0.011512329686,0.499919357334,0.000386123921127
34.962,0.320566686637,0.00477913087113,0.0115199888122,0.499919518183,0.0003786185625
34.982,0.330565084235,0.00489431529783,0.011527557113,0.499919670397,0.000374436696829
35.002,0.3405634851,0.00500957392083,0.0115350183051,0.49991983,0.000370490509367
35.022,0.350561889033,0.00512490631649,0.0115424318812,0.49991998892,0.00036675902476
35.042,0.360560296237,0.00524031175804,0.0115497713398,0.499920143623,0.000365048570326
35.062,0.370558706631,0.00535579027687,0.0115570573951,0.499920308915,0.000361188524503
35.082,0.380557120266,0.00547134137826,0.0115642878213,0.499920462296,0.000359694154989
35.102,0.390555536051,0.00558696531667,0.011571655315,0.499920542284,0.000369504438869
35.122,0.400553954328,0.00570266372308,0.011579028741,0.499920708543,0.000362931531882
35.142,0.410552375934,0.00581843580372,0.0115862897475,0.499920851378,0.000361480770979
35.162,0.420550800419,0.00593428164287,0.0115934955269,0.49992100623,0.000355679970174
35.182,0.43054922785,0.00605020024381,0.0116006118951,0.499921131431,0.000354400940163
35.202,0.440547657876,0.00616619141054,0.0116076572329,0.499921264522,0.00034925004529
35.222,0.450546090246,0.00628225446741,0.0116146462827,0.499921364028,0.000348196244363
35.242,0.460544524698,0.00639838912401,0.0116215660494,0.499921468294,0.000343697076226
35.262,0.470542960864,0.00651459485577,0.0116284445338,0.499921537663,0.000342852018892
35.282,0.480541398014,0.00663087128719,0.0116353562923,0.499921528632,0.000353287547658
35.302,0.490539834917,0.00674722052104,0.0116424218924,0.499921560238,0.000350623856987
35.322,0.500538272412,0.00686364210385,0.0116494379304,0.499921576671,0.000350015077294
35.342,0.510536710019,0.00698013663347,0.0116564439137,0.499921579179,0.000346944438334
35.362,0.520535147949,0.00709670313449,0.0116633390049,0.499921583272,0.000344078188961
35.382,0.530533585377,0.00721334150424,0.0116702159182,0.499921557701,0.000341007143866
35.402,0.540532022117,0.00733005094738,0.0116770363721,0.499921508105,0.000339608234062
35.422,0.550530457619,0.0074468312619,0.0116838336482,0.499921436446,0.000338546577118
35.442,0.56052889143,0.00756368210256,0.0116906220026,0.499921338001,0.000339058029167
35.462,0.570527323167,0.00768060335272,0.0116974010405,0.499921228224,0.000338346533685
35.482,0.580525752286,0.00779759461321,0.0117042168717,0.499921051785,0.000346392827122
35.502,0.590524177754,0.00791465739213,0.0117111676926,0.499920894131,0.000347221608066
35.522,0.600522600126,0.00803179150691,0.0117180965674,0.499920742345,0.000345291376424
35.542,0.61052101912,0.00814899689551,0.0117250290529,0.499920561223,0.000346421743107
35.562,0.620519434465,0.00826627342986,0.0117319595055,0.499920374581,0.000346299874291
35.582,0.630517845811,0.00838362111653,0.0117389106617,0.499920177863,0.00034540638481
35.602,0.64051625318,0.00850103938754,0.0117458449899,0.499919968228,0.000346513722986
35.622,0.650514656286,0.00861852837487,0.0117527827805,0.499919758072,0.000345691479152
35.642,0.660513054989,0.00873608772706,0.0117597296159,0.49991953454,0.000346229152019
35.662,0.670511448541,0.0088537174559,0.0117668026814,0.499919257812,0.000354929182733
35.682,0.680509837042,0.00897141863584,0.0117739390943,0.499919018191,0.000356453387599
35.702,0.690508220866,0.00908919139732,0.0117810855882,0.499918790461,0.000355864093153
35.722,0.70050660011,0.00920703541117,0.0117882369737,0.499918560365,0.000357083509342
35.742,0.710504974854,0.00932495062604,0.0117953853492,0.499918341959,0.000356386468304
35.762,0.720503345151,0.00944293670849,0.0118025420349,0.499918122222,0.000356827293343
35.782,0.730501711071,0.00956099351416,0.0118097135367,0.499917908943,0.000357232981993
35.802,0.740500072818,0.00967912089739,0.0118168903583,0.499917705041,0.000357653531967
35.822,0.750498430561,0.00979731870793,0.0118240775462,0.499917511293,0.000357997259227
35.842,0.760496784494,0.00991558682137,0.0118312802438,0.499917324813,0.000359161169678
35.862,0.770495134869,0.0100339252037,0.0118384947262,0.499917156487,0.000359335001337
35.882,0.780493481568,0.0101523339174,0.0118457996276,0.49991696235,0.000366331450406
35.902,0.790491824877,0.0102708137911,0.0118531665837,0.49991681612,0.000367084246476
35.922,0.800490165687,0.0103893649051,0.0118605093552,0.499916702546,0.000365755868059
35.942,0.810488504245,0.0105079870834,0.0118678535936,0.499916605233,0.000364424278524
35.962,0.820486841018,0.0106266800734,0.0118751793238,0.499916520526,0.000364127853081
35.982,0.830485176363,0.0107454436072,0.0118824872054,0.499916458528,0.000363403408405
36.002,0.840483510642,0.0108642775623,0.0118897798607,0.499916413736,0.000362699249933
36.022,0.850481844178,0.0109831817758,0.0118970653351,0.499916386923,0.000361920431594
36.042,0.860480177393,0.0111021560336,0.0119043340777,0.499916377053,0.000361614238137
36.062,0.870478510254,0.0112212005126,0.011911660686,0.499916358013,0.000365625666245
36.082,0.880476843247,0.011340315752,0.0119190008452,0.499916381995,0.000365062406659
36.102,0.890475177062,0.0114595017818,0.0119263056402,0.499916435345,0.000362731811311
36.122,0.900473512087,0.0115787583398,0.0119335740081,0.499916501551,0.000361153766113
36.142,0.910471848585,0.0116980852421,0.0119408143619,0.499916582894,0.000359455314377
36.162,0.920470186864,0.0118174823201,0.0119480239079,0.49991667526,0.000358413325533
36.182,0.930468527221,0.0119369494488,0.0119551965392,0.499916784896,0.000356542561289
36.202,0.940466869924,0.0120564864646,0.0119623282585,0.499916909976,0.000353949197677
36.222,0.950465215199,0.0121760931623,0.0119694202542,0.499917041293,0.000352036123828
36.242,0.960463563241,0.0122957692884,0.0119764680023,0.499917182222,0.000349952384237
36.262,0.970461914105,0.0124155145784,0.0119834936905,0.499917303178,0.000352797286884
36.282,0.980460267457,0.0125353298542,0.011990561778,0.499917446107,0.000351379933522
36.302,0.990458623833,0.0126552149303,0.0119975878571,0.499917600661,0.000349141060669
36.322,1.00045698331,0.0127751698541,0.0120045775775,0.499917753141,0.000347601947071
36.342,1.01045534594,0.0128951945171,0.0120115175002,0.49991791255,0.000344752881797
36.362,1.02045371172,0.0130152886802,0.0120184083533,0.49991806884,0.000342003365648
36.382,1.03045208057,0.0131354520926,0.0120252531883,0.499918214364,0.000340564532826
36.402,1.04045045237,0.013255684601,0.0120320516563,0.499918359313,0.000338018765837
36.422,1.05044882693,0.0133759860082,0.0120388129348,0.499918492537,0.000336126117014
36.442,1.06044720407,0.0134963561456,0.0120455385906,0.499918612978,0.00033485536096
36.462,1.07044558352,0.0136167949676,0.012052238831,0.499918721348,0.000333670399136
36.482,1.08044396478,0.0137373025183,0.0120589600507,0.499918796631,0.000335891878363
36.502,1.0904423477,0.0138578791904,0.0120656672622,0.499918882246,0.000333737102856
36.522,1.10044073214,0.0139785248954,0.0120723466298,0.499918947499,0.000332908177278
36.542,1.11043911775,0.0140992395646,0.0120790031087,0.499918998761,0.000331651655334
36.562,1.12043750423,0.0142200230858,0.0120856319277,0.499919035342,0.000330040099279
36.582,1.13043589124,0.0143408752876,0.0120922366561,0.499919050872,0.000329131358733
36.602,1.14043427839,0.0144617960242,0.0120988203177,0.499919047432,0.000328401994906
36.622,1.15043266526,0.0145827851882,0.0121053922201,0.499919024277,0.000327825355666
36.642,1.16043105145,0.0147038427007,0.0121119561532,0.499918981504,0.000327410834316
36.662,1.17042943656,0.0148249683654,0.0121185203338,0.499918910743,0.000330058433291
36.682,1.18042781979,0.0149461628264,0.0121251541175,0.499918811422,0.000331285735629
36.702,1.19042620112,0.0150674260386,0.0121317867443,0.499918710608,0.000331262679693
36.722,1.20042458026,0.0151887581106,0.012138419721,0.499918594812,0.000330929214571
36.742,1.21042295686,0.015310158926,0.012145053566,0.499918459306,0.000331253208524
36.762,1.22042133058,0.0154316283997,0.0121516946432,0.499918307113,0.00033171844768
36.782,1.23041970105,0.0155531664868,0.0121583501885,0.499918139227,0.000332307500686
36.802,1.24041806798,0.0156747731607,0.0121650232942,0.499917955112,0.000333451524207
36.822,1.25041643111,0.0157964484326,0.012171713595,0.499917762672,0.000333855400175
36.842,1.26041479022,0.0159181922388,0.0121784215467,0.49991755522,0.00033519237805
36.862,1.27041314483,0.0160400047012,0.0121851990938,0.499917321887,0.000339141691612
36.882,1.28041149491,0.0161618861901,0.0121920089094,0.499917098261,0.000340145444595
36.902,1.29040984043,0.0162838367332,0.0121988415868,0.499916869625,0.000341217275028
36.922,1.30040818129,0.0164058563215,0.0122057029839,0.499916634621,0.000342748027346
36.942,1.31040651743,0.0165279449813,0.0122125902427,0.499916399901,0.000343880091292
36.962,1.32040484887,0.0166501026886,0.012219497445,0.499916167444,0.000344639610015
36.982,1.3304031756,0.0167723293784,0.0122264307722,0.499915932512,0.000346172462265
37.002,1.3404014977,0.0168946250419,0.0122333835965,0.499915705515,0.000346934086411
37.022,1.35039981526,0.0170169896233,0.0122403604464,0.499915481974,0.000348031141578
37.042,1.36039812839,0.0171394231118,0.0122473615692,0.499915265821,0.000349073849347
37.062,1.37039643724,0.0172619253431,0.0122543899005,0.499915049256,0.000352625927459
37.082,1.38039474172,0.0173844970014,0.0122614927621,0.499914842922,0.000353960939356
37.102,1.39039304235,0.017507137898,0.0122686123434,0.499914658243,0.000354984538124
37.122,1.40039133943,0.0176298482052,0.0122757467728,0.499914488621,0.000355629492624
37.142,1.41038963327,0.0177526278675,0.0122828904863,0.499914336257,0.000355814960194
37.162,1.4203879242,0.0178754768013,0.0122900436811,0.499914198162,0.000356243153318
37.182,1.43038621254,0.017998394945,0.0122972026791,0.499914077401,0.00035654659094
37.202,1.44038449862,0.0181213822607,0.0123043706693,0.499913974362,0.000356703796239
37.222,1.45038278282,0.0182444387012,0.0123115424637,0.499913888478,0.000357050302111
37.242,1.46038106553,0.0183675642444,0.0123187141524,0.499913823452,0.000356923296598
37.262,1.47037934711,0.0184907588433,0.0123258872951,0.499913775952,0.000356954816925
37.282,1.48037762774,0.0186140225968,0.0123330951083,0.499913735007,0.000358870365863
37.302,1.49037590798,0.0187373557516,0.0123402986331,0.499913729065,0.000357897224126
37.322,1.50037418829,0.0188607582325,0.0123474863863,0.499913739496,0.000357490830012
37.342,1.51037246907,0.0189842299556,0.0123546529423,0.49991377184,0.000356287518736
37.362,1.52037075065,0.0191077708046,0.0123618014429,0.499913819898,0.00035526960781
37.382,1.53036903337,0.0192313807014,0.0123689289759,0.499913884752,0.000354127813313
37.402,1.54036731757,0.0193550595601,0.0123760331427,0.499913964335,0.000352956334965
37.422,1.55036560355,0.0194788072764,0.0123831105038,0.499914058997,0.00035179522749
37.442,1.56036389159,0.0196026237872,0.0123901590154,0.499914167361,0.000350327625476
37.462,1.57036218179,0.0197265090518,0.0123972060293,0.49991427461,0.000350888951933
37.482,1.58036047438,0.0198504632833,0.0124042367132,0.499914403429,0.000349221641518
37.502,1.5903587697,0.0199744864026,0.0124112278377,0.499914542071,0.00034749348721
37.522,1.60035706787,0.0200985783383,0.0124181868957,0.499914686895,0.000345722213642
37.542,1.610355369,0.0202227389754,0.0124251107221,0.499914835029,0.000344215557159
37.562,1.62035367318,0.0203469682325,0.0124319974783,0.499914987508,0.000342401906654
37.582,1.63035198045,0.0204712660131,0.0124388476195,0.499915142167,0.000340315246138
37.602,1.64035029081,0.0205956322043,0.0124456593707,0.499915293942,0.000338577200435
37.622,1.65034860423,0.0207200666538,0.0124524309653,0.499915443969,0.000336780138995
37.642,1.6603469206,0.020844569288,0.0124591687736,0.499915588189,0.000335060384034
37.662,1.67034523979,0.0209691399125,0.0124658784304,0.499915715638,0.000335416654794
37.682,1.68034356142,0.0210937789275,0.0124725931564,0.49991583948,0.000334213487344
37.702,1.69034188553,0.0212184861748,0.0124792754114,0.499915957806,0.000332674936561
37.722,1.7003402119,0.0213432616719,0.0124859268947,0.499916064606,0.000331241608898
37.742,1.71033854029,0.0214681053385,0.0124925509029,0.499916158034,0.000329922118552
37.762,1.72033687042,0.021593017094,0.0124991470381,0.499916238165,0.000328482389924
37.782,1.73033520198,0.0217179968474,0.0125057204679,0.49991630094,0.000327434060501
37.802,1.74033353464,0.021843044506,0.01251227218,0.499916346902,0.000326509087111
37.822,1.75033186804,0.0219681600204,0.0125188059904,0.499916375018,0.000325742900503
37.842,1.76033020182,0.0220933433261,0.0125253270057,0.499916384456,0.000325119397841
37.862,1.77032853558,0.0222185943759,0.0125318384262,0.499916373724,0.000324880596413
37.882,1.78032686875,0.0223439132652,0.0125383787987,0.499916332474,0.000326523338082
37.902,1.79032520111,0.0224693001891,0.0125449138716,0.499916285013,0.000326098467842
37.922,1.80032353229,0.0225947551058,0.0125514461449,0.499916217224,0.000326083474928
37.942,1.81032186192,0.0227202779806,0.0125579797693,0.49991613024,0.000326225924688
37.962,1.82032018959,0.0228458687939,0.0125645197404,0.499916024402,0.000326517000684
37.982,1.83031851494,0.0229715275354,0.0125710694268,0.499915899365,0.000327179933878
38.002,1.84031683761,0.0230972542089,0.0125776302455,0.499915758253,0.000327759838395
38.022,1.85031515728,0.0232230488085,0.0125842031907,0.499915602069,0.000328267251472
38.042,1.86031347364,0.0233489113096,0.0125907920009,0.499915429616,0.000329105676777
38.062,1.87031178622,0.0234748418003,0.0125974292911,0.499915232237,0.000331845965383
38.082,1.88031009486,0.023600840507,0.0126040919269,0.499915032981,0.000332868169353
38.102,1.89030839939,0.0237269074651,0.0126107776447,0.499914823339,0.000333983921535
38.122,1.90030669959,0.0238530426942,0.0126174888145,0.499914604557,0.000335173949519
38.142,1.91030499531,0.0239792462033,0.01262422667,0.499914377315,0.000336641208363
38.162,1.92030328642,0.0241055180267,0.012630991727,0.499914145644,0.000337941067951
38.182,1.93030157284,0.0242318581753,0.0126377824367,0.499913911484,0.000339078506477
38.202,1.94029985451,0.0243582666455,0.0126446013233,0.499913674453,0.00034042829372
38.222,1.95029813143,0.0244847434438,0.0126514467369,0.499913437747,0.000341789838535
38.242,1.9602964036,0.0246112885826,0.0126583206611,0.49991320309,0.000343130651442
38.262,1.97029467105,0.0247379020483,0.0126652312153,0.499912963481,0.000346092053609
38.282,1.98029293376,0.0248645841598,0.0126721947662,0.499912736571,0.000347366899479
38.302,1.99029119201,0.0249913349324,0.0126791834169,0.499912519122,0.000348691477471
38.322,2.00028944601,0.0251181544435,0.0126861939749,0.499912312891,0.000349607097051
38.342,2.01028769596,0.025245042671,0.0126932271281,0.499912116683,0.000350630979314
38.362,2.0202859421,0.0253719996102,0.0127002792074,0.499911933294,0.000351565282137
38.382,2.0302841847,0.0254990252555,0.012707350295,0.499911763881,0.000352386131561
38.402,2.04028242405,0.0256261196093,0.0127144385214,0.499911609797,0.000353084591504
38.422,2.05028066048,0.025753282671,0.012721540706,0.499911471829,0.000353689639114
38.442,2.06027889432,0.0258805144129,0.0127286537235,0.499911351232,0.000354270327925
38.462,2.07027712594,0.0260078148451,0.0127357746496,0.49991124935,0.000354564377604
38.482,2.08027535569,0.0261351839458,0.0127429033137,0.499911165243,0.000354876365455
38.502,2.09027358384,0.0262626217973,0.0127500594765,0.49991109295,0.000356188643137
38.522,2.10027181086,0.0263901285457,0.0127572164091,0.499911048852,0.000355846129656
38.542,2.11027003721,0.026517704122,0.0127643658784,0.499911023002,0.000355689409972
38.562,2.12026826327,0.0266453485184,0.0127715069211,0.499911018052,0.000355047796414
38.582,2.13026648942,0.0267730616557,0.0127786358711,0.499911031132,0.000354432195263
38.602,2.14026471604,0.0269008434746,0.0127857504939,0.499911062476,0.000353677188774
38.622,2.15026294347,0.0270286939261,0.0127928491813,0.499911110967,0.000352812133049
38.642,2.16026117207,0.0271566129314,0.0127999282979,0.499911176049,0.00035192108188
38.662,2.17025940204,0.0272846005144,0.012807006103,0.499911249453,0.000352011641147
38.682,2.18025763376,0.0274126567636,0.0128140634206,0.499911344434,0.000350736221399
38.702,2.19025586754,0.0275407816223,0.0128210925881,0.499911452794,0.000349366396793
38.722,2.20025410363,0.0276689750177,0.0128280933569,0.499911572537,0.00034790961375
38.742,2.21025234225,0.0277972368698,0.0128350627775,0.499911702144,0.000346380057962
38.762,2.22025058356,0.0279255670986,0.0128420004089,0.499911839777,0.000344789787161
38.782,2.23024882772,0.0280539656227,0.0128489045313,0.499911983711,0.000343154057208
38.802,2.24024707483,0.0281824323605,0.0128557747957,0.499912132017,0.000341486447559
38.822,2.25024532496,0.0283109672327,0.0128626108453,0.499912282793,0.000339801151511
38.842,2.26024357814,0.0284395701609,0.0128694123448,0.499912434135,0.000338114730445
38.862,2.2702418343,0.0285682410813,0.012876191202,0.499912576767,0.000337749954079
38.882,2.28024009334,0.0286969800927,0.0128829503556,0.499912721791,0.000336111145729
38.902,2.29023835528,0.0288257871688,0.0128896757229,0.49991286278,0.000334607479563
38.922,2.30023662002,0.0289546622505,0.0128963659329,0.499912997997,0.000332903602431
38.942,2.31023488737,0.0290836052428,0.0129030250917,0.499913123469,0.00033142492953
38.962,2.32023315714,0.0292126160762,0.0129096550552,0.499913238362,0.000330032543417
38.982,2.33023142911,0.0293416946903,0.0129162581714,0.499913341118,0.000328737456152
39.002,2.340229703,0.0294708410221,0.0129228364943,0.499913429584,0.000327695688193
39.022,2.35022797854,0.0296000550312,0.0129293924279,0.49991350387,0.000326632448452
39.042,2.36022625541,0.0297293366606,0.0129359259006,0.499913562924,0.000325568513487
39.062,2.37022453323,0.0298586858673,0.0129424541409,0.499913597178,0.000325979503187
39.082,2.38022281161,0.0299881027667,0.0129489781474,0.499913619565,0.000325301636536
39.102,2.39022109026,0.0301175873731,0.0129554919872,0.499913623203,0.000324928596464
39.122,2.40021936879,0.0302471396703,0.0129619969728,0.499913608634,0.000324567304503
39.142,2.41021764684,0.030376759636,0.0129684959585,0.499913575419,0.000324227061055
39.162,2.42021592401,0.0305064472415,0.0129749927086,0.499913521556,0.000324220138329
39.182,2.43021419991,0.0306362024558,0.0129814886498,0.499913449282,0.000324296616246
39.202,2.44021247414,0.0307660252756,0.0129879894172,0.499913357343,0.000324558575584
39.222,2.45021074633,0.0308959156936,0.0129944983103,0.49991324612,0.000325100381748
39.242,2.46020901611,0.0310258737244,0.0130010183387,0.499913117581,0.000325655978456
39.262,2.47020728311,0.0311558993794,0.0130075530171,0.499912971265,0.000326471576102
39.282,2.48020554697,0.0312859926957,0.0130141133121,0.499912803898,0.00032830099539
39.302,2.49020380734,0.0314161538282,0.013020702996,0.499912627138,0.000329069598427
39.322,2.50020206402,0.0315463828219,0.0130273111017,0.499912436935,0.000330112785776
39.342,2.51020031675,0.0316766796934,0.0130339405737,0.499912234668,0.000331254912755
39.362,2.52019856531,0.031807044456,0.0130405945749,0.49991202178,0.000332478154972
39.382,2.53019680949,0.031937477134,0.01304727495,0.499911800014,0.000333772808487
39.402,2.54019504913,0.032067977755,0.0130539829046,0.499911571168,0.000335124741263
39.422,2.55019328411,0.0321985463559,0.0130607208591,0.499911337002,0.000336515885703
39.442,2.56019151434,0.0323291829694,0.0130674887193,0.49991109894,0.000338053842182
39.462,2.57018973969,0.032459887679,0.0130743012176,0.499910854371,0.000340408888338
39.482,2.5801879602,0.0325906606506,0.0130811490089,0.499910615304,0.000341841729038
39.502,2.59018617595,0.032721501916,0.013088023995,0.499910379799,0.00034322200558
39.522,2.60018438699,0.032852411519,0.0130949289427,0.499910148281,0.000344584944129
39.542,2.61018259344,0.0329833894885,0.0131018626815,0.499909922637,0.000345935373524
39.562,2.62018079544,0.0331144358423,0.0131088232299,0.499909705297,0.000347271921671
39.582,2.63017899316,0.0332455506244,0.0131158112867,0.499909497258,0.000348560452071
39.602,2.64017718685,0.0333767338589,0.0131228213613,0.499909302023,0.000349533477193
39.622,2.65017537673,0.0335079855539,0.0131298529902,0.49990911964,0.000350405063633
39.642,2.66017356309,0.0336393057087,0.0131369026758,0.499908951105,0.000351283756734
39.662,2.67017174622,0.0337706943232,0.01314396971,0.499908797501,0.000352140089858
39.682,2.68016992635,0.0339021514709,0.013151069177,0.499908654983,0.000353725558115
39.702,2.6901681039,0.0340336772711,0.0131581813086,0.499908536436,0.000354075340707
39.722,2.70016627926,0.0341652717187,0.0131653013627,0.499908435332,0.000354517217056
39.742,2.7101644528,0.0342969348032,0.0131724255802,0.499908354282,0.000354585836304
39.762,2.7201626249,0.0344286665016,0.0131795525798,0.499908291845,0.000354614274969
39.782,2.73016079596,0.0345604667868,0.0131866790432,0.499908248274,0.000354594854537
39.802,2.74015896637,0.0346923356416,0.0131938002223,0.499908225289,0.000354214622662
39.822,2.75015713651,0.0348242730213,0.0132009142815,0.499908220895,0.000353786137124
39.842,2.76015530677,0.0349562788864,0.0132080173648,0.499908235351,0.000353212943563
39.862,2.77015347746,0.0350883532203,0.0132151196441,0.499908262468,0.000353404286856
39.882,2.78015164893,0.0352204961044,0.0132222126879,0.499908311394,0.000352642036932
39.902,2.79014982158,0.0353527075255,0.0132292869029,0.499908377807,0.000351646209671
39.922,2.80014799574,0.0354849874355,0.0132363394395,0.499908460174,0.000350423007083
39.942,2.81014617172,0.035617335763,0.0132433662613,0.499908556233,0.000349204762381
39.962,2.82014434977,0.0357497524388,0.0132503662527,0.499908664959,0.000347885989686
39.982,2.83014253014,0.0358822373939,0.013257338188,0.499908784799,0.000346478279102
40.002,2.84014071302,0.0360147905619,0.0132642804011,0.499908914157,0.000344996637081
40.022,2.8501388986,0.0361474118769,0.0132711917031,0.499909051302,0.000343455113998
40.042,2.86013708701,0.0362801012671,0.0132780711218,0.499909193915,0.000341964359695
40.062,2.87013527835,0.0364128586724,0.0132849177805,0.499909341113,0.000340346552997
40.082,2.88013347267,0.0365456839906,0.0132917332646,0.499909487966,0.000339366874066
40.102,2.89013166993,0.0366785773277,0.0132985289692,0.499909634722,0.000337922445447
40.122,2.90012987018,0.036811538592,0.0133052908887,0.499909782937,0.00033619660367
40.142,2.91012807337,0.0369445677521,0.0133120192522,0.499909926965,0.000334621112189
40.162,2.92012627943,0.0370776647238,0.0133187140083,0.499910065944,0.00033306004727
40.182,2.93012448821,0.0372108294456,0.013325376956,0.499910197325,0.000331574292212
40.202,2.94012269955,0.0373440618512,0.0133320106709,0.499910319503,0.000330161618
40.222,2.95012091323,0.0374773618894,0.013338616821,0.499910430815,0.000328845152622
40.242,2.96011912904,0.0376107294965,0.0133451968358,0.499910529471,0.000327700843421
40.262,2.97011734664,0.0377441646645,0.0133517636651,0.499910610325,0.000327303140865
40.282,2.98011556577,0.0378776674476,0.0133583137484,0.49991067974,0.000326324988985
40.302,2.99011378614,0.0380112378169,0.0133648445948,0.499910733397,0.000325521865333
40.322,3.00011200741,0.0381448757475,0.0133713589691,0.499910770015,0.000324789372847
40.342,3.01011022924,0.0382785812063,0.0133778605128,0.499910788534,0.000324201400526
40.362,3.02010845125,0.0384123541691,0.0133843525804,0.499910787868,0.000323852876039
40.382,3.03010667306,0.0385461946205,0.0133908364792,0.499910769068,0.00032348047085
40.402,3.04010489429,0.0386801025321,0.0133973149538,0.49991073088,0.000323267397558
40.422,3.05010311455,0.0388140778846,0.0134037928047,0.499910672408,0.000323318784467
40.442,3.06010133344,0.0389481206623,0.0134102717452,0.499910595226,0.000323479246389
40.462,3.07009955055,0.0390822308622,0.0134167611603,0.49991049444,0.000324588220373
40.482,3.08009776546,0.0392164086067,0.0134232706091,0.499910378169,0.000325129416759
40.502,3.09009597785,0.0393506539345,0.0134297913885,0.499910245127,0.000325743474154
40.522,3.10009418741,0.0394849668714,0.0134363253081,0.499910095739,0.000326409118292
40.542,3.11009239378,0.039619347425,0.0134428760575,0.499909929959,0.000327287869857
40.562,3.12009059666,0.0397537956178,0.0134494467754,0.499909749424,0.000328282870747
40.582,3.13008879577,0.0398883114782,0.0134560402112,0.499909555089,0.000329466222234
40.602,3.14008699085,0.0400228950451,0.0134626581686,0.499909349306,0.000330661259522
40.622,3.15008518169,0.0401575463581,0.0134693021629,0.499909133676,0.000331859060617
40.642,3.16008336809,0.0402922654353,0.0134759725592,0.499908908735,0.000333284321185
40.662,3.17008154988,0.0404270523239,0.0134826763653,0.499908673785,0.000335340904051
40.682,3.18007972691,0.0405619071523,0.0134894191864,0.499908436417,0.000336834230446
40.702,3.19007789913,0.0406968299961,0.0134961923807,0.499908196965,0.000338288414099
40.722,3.20007606653,0.0408318209054,0.0135029971025,0.49990795602,0.000339833194916
40.742,3.2100742291,0.0409668799258,0.0135098314366,0.499907716889,0.000341209419352
40.762,3.22007238688,0.0411020070908,0.0135166958513,0.499907480507,0.000342566705451
40.782,3.23007053996,0.0412372024186,0.0135235883345,0.499907248501,0.000343965816632
40.802,3.24006868843,0.0413724659459,0.0135305098555,0.499907022588,0.000345390514856
40.822,3.25006683246,0.0415077977098,0.0135374590407,0.499906805792,0.000346592930614
40.842,3.26006497222,0.0416431977324,0.0135444336155,0.499906598374,0.00034787140608
40.862,3.27006310791,0.041778666056,0.013551439514,0.49990639942,0.000349586607208
40.882,3.28006123976,0.0419142027889,0.0135584730596,0.499906216761,0.00035057673545
40.902,3.2900593681,0.0420498079727,0.0135655260083,0.499906049021,0.000351459225815
40.922,3.30005749324,0.0421854816273,0.013572596292,0.499905897001,0.000352225940817
40.942,3.31005561549,0.042321223753,0.0135796811102,0.49990576153,0.000352919687212
40.962,3.32005373522,0.0424570343662,0.0135867775584,0.499905644105,0.000353404458263
40.982,3.33005185278,0.0425929134659,0.0135938832914,0.499905545059,0.000353742201817
41.002,3.34004996854,0.0427288610494,0.0136009951176,0.499905464598,0.000354005102404
41.022,3.35004808292,0.0428648771054,0.013608107927,0.499905404274,0.000353971125416
41.042,3.36004619628,0.0430009616062,0.0136152187582,0.499905363394,0.000353786652553
41.062,3.37004430899,0.0431371145344,0.0136223327967,0.49990533773,0.000354164275164
41.082,3.38004242142,0.0432733359517,0.0136294463933,0.499905334027,0.000353804553896
41.102,3.39004053399,0.043409625862,0.013636550059,0.499905349825,0.000353230224435
41.122,3.40003864707,0.0435459842392,0.0136436408304,0.499905384093,0.000352446844984
41.142,3.41003676103,0.0436824110228,0.0136507143857,0.499905435046,0.000351662806397
41.162,3.4200348762,0.0438189061852,0.0136577696112,0.499905502937,0.000350610620211
41.182,3.4300329929,0.0439554696615,0.0136648026442,0.499905585354,0.000349584418819
41.202,3.44003111142,0.0440921014042,0.0136718115119,0.49990568235,0.000348309438439
41.222,3.45002923203,0.0442288013464,0.0136787937186,0.499905791485,0.000347006040011
41.242,3.46002735496,0.0443655694277,0.0136857484008,0.499905911461,0.000345615018235
41.262,3.47002548039,0.0445024055868,0.0136926775689,0.499906037322,0.000344779283114
41.282,3.48002360845,0.0446393098508,0.0136995842839,0.499906173427,0.000343241062117
41.302,3.49002173933,0.0447762821768,0.0137064587877,0.499906315765,0.000341668646434
41.322,3.50001987312,0.0449133225077,0.013713300725,0.499906461545,0.000340137602875
41.342,3.51001800988,0.0450504307835,0.0137201094749,0.499906609533,0.000338527042455
41.362,3.52001614963,0.0451876069338,0.0137268840147,0.499906757838,0.000336853951545
41.382,3.53001429235,0.0453248508873,0.0137336257542,0.499906903704,0.000335263278552
41.402,3.54001243798,0.0454621625784,0.0137403343465,0.499907045673,0.000333708234853
41.422,3.5500105864,0.0455995419443,0.0137470115934,0.499907181755,0.000332199067033
41.442,3.56000873749,0.0457369889311,0.0137536588752,0.49990731002,0.0003307621296
41.462,3.57000689108,0.0458745034764,0.0137602770949,0.499907428872,0.000329443087926
41.482,3.58000504694,0.0460120855301,0.013766871415,0.499907533639,0.000328742782094
41.502,3.59000320478,0.0461497351451,0.0137734495383,0.499907628089,0.000327614977651
41.522,3.6000013644,0.0462874522949,0.0137800050578,0.499907709594,0.000326478109948
41.542,3.6099995255,0.046425236939,0.0137865380175,0.499907776035,0.000325458128773
41.562,3.61999768778,0.0465630890366,0.0137930522277,0.499907825352,0.000324705351595
41.582,3.62999585087,0.0467010085571,0.0137995514413,0.499907857852,0.000323960550787
41.602,3.63999401443,0.0468389954653,0.0138060377215,0.499907871598,0.000323490412683
41.622,3.64999217809,0.0469770497392,0.0138125137404,0.499907867211,0.000323046170963
41.642,3.65999034146,0.0471151713576,0.0138189839974,0.499907843237,0.000322813520089
41.662,3.66998850414,0.0472533603093,0.013825451478,0.499907799527,0.00032279661748
41.682,3.67998666571,0.0473916166107,0.0138319264412,0.499907733365,0.000323424384821
41.702,3.68998482579,0.0475299403368,0.0138384082104,0.499907651203,0.000323584867998
41.722,3.69998298401,0.0476683315041,0.013844896019,0.499907550046,0.0003239633641
41.742,3.70998114002,0.0478067901171,0.013851392634,0.499907430511,0.000324490070392
41.762,3.71997929344,0.0479453161903,0.0138579019491,0.499907293241,0.000325155567403
41.782,3.72997744393,0.048083909742,0.013864426498,0.499907139196,0.000325954721381
41.802,3.73997559115,0.0482225707962,0.0138709693006,0.499906969409,0.000326877361543
41.822,3.7499737348,0.0483612993826,0.0138775327179,0.499906785144,0.000327915764681
41.842,3.75997187461,0.0485000955311,0.0138841191445,0.499906587456,0.000329115573456
41.862,3.76997001031,0.0486389592802,0.0138907336919,0.499906375818,0.000330827601739
41.882,3.77996814166,0.0487778907419,0.0138973818338,0.49990615605,0.00033218329554
41.902,3.7899662685,0.0489168899794,0.0139040587196,0.499905928624,0.00033355587739
41.922,3.79996439071,0.0490559570405,0.0139107642087,0.499905694842,0.000334981284384
41.942,3.80996250816,0.0491950919717,0.0139175002335,0.499905456393,0.000336444333241
41.962,3.81996062079,0.0493342948075,0.0139242660924,0.499905215324,0.000337925781971
41.982,3.82995872857,0.0494735655977,0.0139310634122,0.49990497351,0.000339372587835
42.002,3.83995683149,0.0496129043719,0.0139378907912,0.49990473275,0.00034089339496
42.022,3.84995492961,0.0497523111777,0.0139447483554,0.499904495468,0.000342293273315
42.042,3.859953023,0.0498917860467,0.0139516359763,0.499904262609,0.000343761169212
42.062,3.86995111175,0.0500313290342,0.0139585585826,0.499904034197,0.000345566123963
42.082,3.87994919602,0.0501709402399,0.0139655124235,0.499903816542,0.000346906483469
42.102,3.88994727603,0.0503106197147,0.0139724921052,0.499903609766,0.000348109558001
42.122,3.89994535201,0.0504503674928,0.0139794965026,0.499903414913,0.000349216323887
42.142,3.90994342422,0.0505901835995,0.0139865219918,0.499903233835,0.000350165402715
42.162,3.91994149294,0.0507300680494,0.0139935671274,0.499903066922,0.000351105620101
42.182,3.92993955847,0.0508700208583,0.014000628518,0.499902916538,0.000351812100771
42.202,3.93993762116,0.0510100420346,0.0140077046565,0.499902782791,0.000352435617357
42.222,3.94993568135,0.051150131587,0.0140147926571,0.499902666608,0.000352971625848
42.242,3.9599337394,0.0512902895214,0.0140218891606,0.499902569225,0.000353307700589
42.262,3.9699317957,0.0514305158359,0.0140289911591,0.49990249086,0.000353493134424
42.282,3.9799298506,0.0515708105382,0.0140361017225,0.499902429232,0.00035394740858
42.302,3.9899279045,0.0517111736766,0.014043214125,0.499902389371,0.000353822536862
42.322,3.99992595781,0.0518516052368,0.0140503215241,0.499902369121,0.000353543680078
42.342,4.00992401092,0.0519921051992,0.0140574219026,0.499902367912,0.000353115158135
42.362,4.01992206421,0.0521326735366,0.0140645124526,0.49990238512,0.000352553456518
42.382,4.02992011804,0.0522733102133,0.0140715896115,0.499902420411,0.000351872665969
42.402,4.03991817278,0.0524140151978,0.0140786501071,0.499902473219,0.00035097017194
42.422,4.04991622875,0.0525547884421,0.0140856917191,0.49990254188,0.000349990416709
42.442,4.05991428626,0.0526956298973,0.0140927119823,0.49990262525,0.000348941639315
42.462,4.06991234562,0.0528365395199,0.0140997085666,0.499902722537,0.0003477360262
42.482,4.07991040705,0.0529775172572,0.0141066822214,0.499902829773,0.000346848660881
42.502,4.08990847077,0.0531185631122,0.0141136337641,0.499902949261,0.000345498969962
42.522,4.09990653701,0.0532596770467,0.0141205550899,0.499903078596,0.000343990770357
42.542,4.10990460593,0.0534008590002,0.0141274456906,0.499903214868,0.000342477022087
42.562,4.11990267766,0.0535421089114,0.014134304582,0.499903356495,0.000340921811958
42.582,4.12990075229,0.0536834267187,0.0141411311167,0.499903501586,0.000339340093634
42.602,4.13989882986,0.0538248123592,0.0141479250729,0.499903647958,0.000337796675198
42.622,4.14989691039,0.0539662657751,0.0141546862418,0.499903794177,0.00033620855886
42.642,4.15989499383,0.054107786907,0.0141614154916,0.499903937772,0.000334686872866
42.662,4.16989308015,0.0542493756978,0.0141681119097,0.499904077672,0.000333107060203
42.682,4.17989116921,0.054391032086,0.0141747777903,0.499904210891,0.000331669318479
42.702,4.18988926085,0.0545327560442,0.0141814208647,0.499904333983,0.000330634753887
42.722,4.19988735491,0.0546745475731,0.014188036641,0.499904449577,0.000329267538843
42.742,4.20988545118,0.0548164066174,0.0141946246602,0.499904554201,0.000328035895788
42.762,4.21988354944,0.0549583331395,0.0142011878592,0.499904646112,0.000326837942577
42.782,4.2298816494,0.0551003270889,0.0142077284171,0.499904723316,0.000325849146648
42.802,4.23987975077,0.0552423884305,0.0142142489356,0.499904785477,0.000324889862809
42.822,4.24987785321,0.0553845171274,0.0142207519013,0.499904830604,0.000324156652699
42.842,4.25987595639,0.0555267131539,0.0142272405602,0.499904858404,0.000323516233245
42.862,4.26987405994,0.0556689764887,0.0142337180977,0.499904867673,0.000323065987692
42.882,4.27987216345,0.0558113071363,0.0142401933628,0.499904856006,0.000323093171489
42.902,4.28987026657,0.0559537051304,0.0142466634952,0.499904827556,0.000322852257113
42.922,4.29986836892,0.0560961704645,0.0142531313401,0.499904779487,0.00032281349081
42.942,4.3098664701,0.0562387031353,0.0142595999061,0.499904711979,0.00032292958451
42.962,4.31986456973,0.0563813031463,0.0142660727867,0.499904625191,0.000323198608484
42.982,4.32986266741,0.0565239705069,0.0142725530311,0.499904519523,0.000323617329787
43.002,4.33986076278,0.0566667052314,0.0142790440242,0.49990439531,0.000324225189483
43.022,4.34985885547,0.0568095073413,0.0142855482679,0.49990425379,0.00032492825918
43.042,4.35985694514,0.0569523768602,0.0142920683188,0.499904095891,0.000325720612605
43.062,4.36985503147,0.057095313794,0.0142986081633,0.499903920371,0.000327050163152
43.082,4.37985311412,0.0572383182621,0.0143051755091,0.499903731775,0.000328144843093
43.102,4.38985119285,0.0573813902844,0.0143117666601,0.499903530829,0.00032931550962
43.122,4.39984926741,0.0575245299165,0.0143183832216,0.499903318384,0.000330617553442
43.142,4.40984733761,0.0576677372048,0.0143250264731,0.499903096696,0.000331910753498
43.162,4.41984540326,0.0578110121873,0.0143316983218,0.499902866765,0.000333311648274
43.182,4.42984346423,0.0579543549015,0.0143383991206,0.499902630709,0.000334758876576
43.202,4.4398415204,0.0580977653942,0.0143451305331,0.499902390309,0.000336240613663
43.222,4.44983957171,0.05824124371,0.0143518931217,0.499902147508,0.000337740121926
43.242,4.45983761813,0.0583847898952,0.0143586869749,0.499901904269,0.000339242667585
43.262,4.46983565967,0.0585284039873,0.0143655137441,0.499901660431,0.000341120155337
43.282,4.47983369634,0.0586720860989,0.0143723770793,0.499901421748,0.000342574224593
43.302,4.48983172827,0.0588158362749,0.0143792704309,0.499901188446,0.000344034233218
43.322,4.49982975559,0.0589596545699,0.0143861922149,0.499900962825,0.000345352090483
43.342,4.50982777847,0.0591035410157,0.0143931412546,0.49990074592,0.000346640894692
43.362,4.51982579709,0.0592474956449,0.0144001160308,0.499900539621,0.000347845020323
43.382,4.5298238117,0.0593915184877,0.0144071147355,0.499900345505,0.000348952020248
43.402,4.53982182255,0.0595356095718,0.0144141353889,0.499900165021,0.00034995039952
43.422,4.54981982992,0.0596797689217,0.0144211757418,0.499899999478,0.000350829225558
43.442,4.55981783414,0.0598239965597,0.0144282332983,0.499899849965,0.00035158692164
43.462,4.56981583553,0.0599682924843,0.0144353062039,0.499899715836,0.000352555475485
43.482,4.57981383441,0.0601126567843,0.0144423966026,0.499899600859,0.000353072777763
43.502,4.58981183119,0.060257089456,0.0144494944231,0.499899505307,0.000353353997079
43.522,4.59980982626,0.0604015905101,0.0144565976781,0.499899428614,0.000353524178123
43.542,4.60980781998,0.06054615994,0.0144637026208,0.49989937131,0.000353542708426
43.562,4.61980581277,0.0606907977341,0.0144708066197,0.499899333406,0.000353405268354
43.582,4.629803805,0.0608355038759,0.0144779064184,0.499899314627,0.000353155456044
43.602,4.63980179707,0.0609802783467,0.0144849987125,0.499899315073,0.000352715153001
43.622,4.64979978934,0.0611251211186,0.0144920799288,0.499899334269,0.000352090701115
43.642,4.6597977822,0.0612700321578,0.0144991477018,0.499899371051,0.000351366263346
43.662,4.66979577596,0.0614150114351,0.0145062036689,0.499899422747,0.000350854184757
43.682,4.67979377095,0.0615600589614,0.0145132425495,0.49989949231,0.000349861611059
43.702,4.68979176752,0.0617051746993,0.0145202599428,0.499899576569,0.000348794507881
43.722,4.69978976593,0.061850358605,0.0145272534712,0.499899674473,0.00034758153637
43.742,4.70978776644,0.0619956106311,0.0145342211503,0.499899784518,0.000346238873048
43.762,4.71978576929,0.0621409307129,0.0145411600082,0.499899904825,0.000344848880698
43.782,4.72978377467,0.0622863187956,0.0145480690916,0.499900033786,0.00034339390902
43.802,4.73978178272,0.0624317748172,0.0145549476486,0.499900169607,0.000341884264874
43.822,4.74977979356,0.0625772987191,0.0145617946445,0.499900310477,0.00034033499241
43.842,4.75977780728,0.0627228904432,0.0145686095259,0.499900454369,0.000338773014951
43.862,4.76977582392,0.0628685499157,0.0145753928031,0.499900597955,0.000337514165966
43.882,4.77977384345,0.0630142771484,0.0145821491342,0.49990074188,0.000335981090578
43.902,4.78977186586,0.0631600720786,0.0145888729871,0.499900883848,0.000334387571751
43.922,4.79976989109,0.063305934659,0.01459556498,0.499901020921,0.000332908252711
43.942,4.80976791902,0.0634518648338,0.0146022257163,0.499901151954,0.000331406548885
43.962,4.81976594951,0.0635978625466,0.0146088569375,0.49990127454,0.000330007238348
43.982,4.82976398237,0.0637439277462,0.0146154599938,0.499901387174,0.000328688874923
44.002,4.83976201739,0.0638900603851,0.0146220369884,0.499901488039,0.000327499133155
44.022,4.84976005431,0.0640362604221,0.014628589789,0.499901576013,0.000326377705535
44.042,4.85975809285,0.0641825278176,0.014635120633,0.499901649541,0.000325371822567
44.062,4.86975613272,0.0643288625377,0.0146416325565,0.499901707175,0.000324525420557
44.082,4.87975417355,0.0644752645735,0.0146481331584,0.499901746407,0.000324069650524
44.102,4.88975221502,0.0646217339354,0.0146546198762,0.499901769935,0.000323424720077
44.122,4.89975025677,0.0647682706045,0.0146610957398,0.499901774849,0.000322968642059
44.142,4.90974829844,0.0649148745601,0.0146675631837,0.499901761027,0.000322652504626
44.162,4.91974633963,0.0650615457971,0.0146740263758,0.499901727657,0.000322504390356
44.182,4.92974437995,0.0652082843075,0.0146804880205,0.499901674905,0.000322526584341
44.202,4.93974241901,0.0653550900985,0.0146869515294,0.499901602946,0.000322642280301
44.222,4.94974045642,0.0655019631711,0.0146934196095,0.499901511459,0.000322982046706
44.242,4.95973849181,0.0656489035365,0.014699895232,0.499901401536,0.000323402051661
44.262,4.96973652477,0.065795911216,0.0147063860773,0.49990127133,0.00032431415401
44.282,4.97973455495,0.0659429862755,0.0147128931728,0.499901125381,0.000325048832597
44.302,4.98973258203,0.0660901287479,0.0147194169285,0.499900963105,0.000325914971891
44.322,4.99973060568,0.0662373386648,0.0147259599349,0.499900785573,0.000326900013589
44.342,5.00972862562,0.0663846160581,0.0147325245007,0.499900594073,0.000327990843208
44.362,5.01972664158,0.0665319609653,0.0147391129391,0.499900389847,0.000329188110306
44.382,5.02972465331,0.066679373424,0.0147457271577,0.499900174529,0.000330471767153
44.402,5.03972266062,0.0668268534766,0.0147523688624,0.499899949747,0.000331831531526
44.422,5.04972066332,0.066974401165,0.0147590394949,0.499899717142,0.000333279555303
44.442,5.05971866128,0.0671220165386,0.0147657400865,0.499899478809,0.00033474363767
44.462,5.0697166544,0.0672696996486,0.0147724745153,0.4998992349,0.000336512301971
44.482,5.0797146426,0.0674174505797,0.0147792430872,0.499898990095,0.0003380511671
44.502,5.08971262588,0.067565269392,0.0147860424432,0.499898745728,0.000339527174411
44.522,5.09971060426,0.067713156131,0.0147928733283,0.499898502979,0.000341020684429
44.542,5.1097085778,0.0678611108419,0.014799735085,0.499898263804,0.000342517733866
44.562,5.11970654659,0.0680091335727,0.0148066268118,0.499898030593,0.000343903099101
44.582,5.12970451076,0.0681572243619,0.014813547287,0.499897804529,0.000345294787756
44.602,5.13970247049,0.0683053832486,0.0148204948341,0.49989758802,0.000346548482036
44.622,5.14970042599,0.0684536102656,0.0148274682149,0.499897382202,0.00034774619125
44.642,5.15969837747,0.0686019054441,0.0148344651022,0.499897188842,0.00034884598287
44.662,5.1696963252,0.0687502688175,0.0148414869717,0.499897007617,0.000350128862971
44.682,5.17969426945,0.0688987004508,0.0148485309111,0.499896843016,0.000350990313454
44.702,5.18969221057,0.0690472003777,0.014855591525,0.499896694886,0.000351728287146
44.722,5.1996901489,0.0691957686118,0.014862666065,0.499896563887,0.000352357911226
44.742,5.20968808479,0.0693444051676,0.0148697515549,0.499896451126,0.000352813016607
44.762,5.21968601862,0.0694931100482,0.014876844529,0.499896357251,0.000353089037938
44.782,5.22968395076,0.0696418832502,0.0148839423724,0.499896282318,0.000353243376498
44.802,5.2396818816,0.0697907247666,0.0148910414666,0.499896226788,0.000353245586875
44.822,5.24967981154,0.0699396345853,0.0148981390165,0.499896190667,0.000353092801099
44.842,5.25967774096,0.0700886126902,0.0149052318045,0.499896173827,0.000352787093615
44.862,5.26967567024,0.0702376590636,0.0149123192848,0.499896174327,0.000352618201517
44.882,5.27967359973,0.0703867737177,0.0149193990482,0.499896194595,0.000352007463913
44.902,5.28967152983,0.0705359566366,0.0149264648718,0.49989623275,0.000351266833305
44.922,5.29966946089,0.0706852077835,0.0149335139298,0.499896287639,0.000350417931747
44.942,5.30966739322,0.0708345271242,0.0149405435089,0.499896358588,0.000349385533324
44.962,5.31966532715,0.0709839146119,0.0149475510499,0.499896443846,0.00034827827178
44.982,5.32966326294,0.0711333701961,0.0149545341395,0.499896542508,0.00034704936798
45.002,5.33966120084,0.0712828938275,0.0149614909404,0.499896652769,0.000345737014435
45.022,5.34965914108,0.0714324854518,0.0149684198992,0.499896772966,0.000344374747026
45.042,5.35965708384,0.071582145017,0.014975319624,0.499896901689,0.000342916212867
45.062,5.36965502927,0.0717318724674,0.0149821888146,0.49989703687,0.000341435934987
45.082,5.37965297746,0.0718816677564,0.0149890300335,0.499897175449,0.00034013308947
45.102,5.38965092849,0.0720315308578,0.0149958398337,0.499897318416,0.000338533315079
45.122,5.39964888243,0.0721814617138,0.0150026168464,0.499897462214,0.000336958127272
45.142,5.40964683925,0.0723314602651,0.0150093612453,0.499897604968,0.000335392162479
45.162,5.41964479893,0.0724815264539,0.0150160735881,0.499897744732,0.000333850577752
45.182,5.42964276138,0.0726316602255,0.015022754604,0.499897879614,0.000332348739661
45.202,5.43964072647,0.0727818615245,0.015029405193,0.499898007614,0.000330929662057
45.222,5.44963869407,0.0729321303035,0.015036026779,0.499898127229,0.000329550290646
45.242,5.45963666397,0.0730824665143,0.0150426209544,0.499898236473,0.000328281279162
45.262,5.46963463597,0.0732328701118,0.0150491888134,0.499898334217,0.00032705122477
45.282,5.47963260979,0.0733833410425,0.01505573386,0.499898417371,0.000326173238755
45.302,5.48963058513,0.0735338793225,0.0150622616333,0.499898486408,0.000325236833851
45.322,5.49962856171,0.0736844849138,0.0150687706717,0.499898540212,0.000324353112091
45.342,5.50962653921,0.0738351577956,0.0150752632095,0.499898576872,0.00032366379509
45.362,5.51962451726,0.0739858979465,0.0150817423027,0.499898596026,0.000323058600093
45.382,5.52962249551,0.0741367053456,0.0150882110988,0.499898596444,0.000322636709305
45.402,5.53962047358,0.074287579978,0.0150946726307,0.499898577947,0.000322358132316
45.422,5.54961845108,0.0744385218356,0.0151011300783,0.499898540073,0.000322252900609
45.442,5.55961642762,0.0745895309183,0.0151075867079,0.499898482774,0.000322282506064
45.462,5.56961440281,0.0747406072289,0.0151140460749,0.499898405907,0.000322492743121
45.482,5.57961237623,0.0748917507922,0.015120515181,0.499898308604,0.00032305529525
45.502,5.58961034752,0.0750429616507,0.0151269936551,0.499898193783,0.000323564973296
45.522,5.59960831632,0.0751942398262,0.0151334831673,0.499898061285,0.000324162985807
45.542,5.60960628228,0.0753455853391,0.0151399870535,0.499897911515,0.000324898087403
45.562,5.61960424506,0.0754969982147,0.0151465081885,0.499897745302,0.000325792447055
45.582,5.62960220433,0.0756484784801,0.0151530488594,0.499897564014,0.000326801587291
45.602,5.63960015982,0.0758000261718,0.0151596116856,0.499897368869,0.000327922192417
45.622,5.64959811125,0.0759516413275,0.0151661990688,0.499897161314,0.000329140263515
45.642,5.6595960584,0.0761033239878,0.0151728127753,0.499896942796,0.000330469809817
45.662,5.66959400106,0.0762550741994,0.0151794543583,0.499896715257,0.00033184522403
45.682,5.67959193906,0.0764068919981,0.0151861259251,0.49989647955,0.000333471281601
45.702,5.68958987225,0.0765587774852,0.0151928317063,0.499896238358,0.000334974604756
45.722,5.69958780057,0.0767107306938,0.0151995680021,0.499895994153,0.000336476519396
45.742,5.70958572395,0.0768627516874,0.0152063359578,0.499895748174,0.000337993055826
45.762,5.71958364239,0.0770148405136,0.0152131355523,0.499895502257,0.000339534598016
45.782,5.72958155591,0.0771669972228,0.0152199665706,0.499895258606,0.000341031654898
45.802,5.73957946457,0.0773192218634,0.0152268284338,0.499895019142,0.000342470180286
45.822,5.74957736848,0.0774715144755,0.0152337197802,0.499894785506,0.000343887134147
45.842,5.75957526778,0.0776238750999,0.0152406395424,0.499894559625,0.000345241810903
45.862,5.76957316262,0.0777763037791,0.0152475890902,0.499894341844,0.000346760928781
45.882,5.7795710532,0.0779288005817,0.0152545667466,0.499894136364,0.00034794396137
45.902,5.78956893979,0.078081365552,0.015261568128,0.49989394358,0.000349056922924
45.922,5.79956682266,0.0782339987224,0.0152685909233,0.499893765032,0.000350031009072
45.942,5.8095647021,0.0783867001196,0.0152756328013,0.49989360196,0.000350856427567
45.962,5.81956257843,0.0785394697602,0.0152826907287,0.499893455112,0.000351603703229
45.982,5.829560452,0.0786923076617,0.0152897620183,0.499893325932,0.000352161143295
46.002,5.83955832317,0.0788452138319,0.0152968438459,0.499893214805,0.000352598589946
46.022,5.8495561923,0.0789981882749,0.0153039330662,0.499893122456,0.000352887433813
46.042,5.85955405979,0.0791512309914,0.0153110268842,0.49989304915,0.000353047953998
46.062,5.869551926,0.0793043419787,0.0153181221339,0.499892995357,0.000353029413372
46.082,5.87954979135,0.0794575212279,0.0153252155953,0.499892960857,0.000352881383219
46.102,5.8895476562,0.0796107687338,0.0153323071662,0.499892944456,0.000352761183951
46.122,5.89954552094,0.0797640845046,0.0153393916562,0.499892947949,0.000352309546002
46.142,5.90954338595,0.0799174685193,0.0153464642784,0.499892970128,0.000351663884991
46.162,5.9195412516,0.0800709207454,0.0153535224251,0.499893009875,0.000350879542056
46.182,5.92953911823,0.0802244411451,0.0153605634829,0.499893066021,0.000350012047026
46.202,5.93953698617,0.08037802968,0.0153675845626,0.499893138002,0.000348973253164
46.222,5.94953485572,0.0805316863057,0.0153745835386,0.4998932241,0.000347851454069
46.242,5.95953272714,0.0806854109737,0.0153815580441,0.499893323204,0.000346637938037
46.262,5.96953060069,0.0808392036388,0.015388506353,0.499893433782,0.000345316322326
46.282,5.97952847657,0.0809930642485,0.0153954266166,0.499893554068,0.000343941791192
46.302,5.98952635495,0.0811469927623,0.0154023209374,0.499893681323,0.000342678097423
46.322,5.99952423599,0.0813009891492,0.0154091846953,0.499893816181,0.000341140705792
46.342,6.0095221198,0.0814550533516,0.0154160163391,0.499893955424,0.000339595415634
46.362,6.01952000645,0.0816091853092,0.0154228156495,0.499894097171,0.000338030022748
46.382,6.02951789596,0.081763384964,0.0154295826016,0.499894239483,0.000336460579258
46.402,6.03951578834,0.0819176522592,0.0154363173857,0.499894380308,0.000334926144302
46.422,6.04951368352,0.0820719871399,0.0154430201727,0.499894517972,0.000333395399785
46.442,6.05951158143,0.0822263895513,0.0154496915504,0.499894650577,0.000331884027666
46.462,6.06950948195,0.0823808594382,0.0154563327918,0.499894775903,0.000330474729972
46.482,6.07950738488,0.0825353967621,0.0154629485534,0.499894891324,0.000329305707736
46.502,6.08950529005,0.082690001501,0.015469537659,0.499894997373,0.000328026440956
46.522,6.09950319725,0.0828446736135,0.0154761011168,0.49989509142,0.000326845542007
46.542,6.1095011062,0.0829994130588,0.0154826413177,0.499895171916,0.000325772179855
46.562,6.11949901662,0.083154219802,0.0154891608167,0.499895237452,0.000324823668744
46.582,6.1294969282,0.0833090938102,0.015495661924,0.499895286991,0.000324013362373
46.602,6.1394948406,0.0834640350622,0.0155021476521,0.499895319597,0.000323301419471
46.622,6.14949275348,0.0836190435295,0.0155086203057,0.499895334101,0.000322774446798
46.642,6.15949066647,0.0837741191981,0.0155150829399,0.499895330245,0.000322352390868
46.662,6.16948857918,0.0839292620528,0.015521539191,0.499895307059,0.000322125673163
46.682,6.17948649121,0.0840844721019,0.0155279958915,0.499895263299,0.000322240073127
46.702,6.18948440218,0.0842397493698,0.0155344523257,0.499895201458,0.000322275944115
46.722,6.19948231171,0.0843950938608,0.0155409116478,0.499895120158,0.000322488522284
46.742,6.20948021941,0.0845505055835,0.0155473768349,0.499895019786,0.000322853226624
46.762,6.2194781249,0.0847059845523,0.0155538513864,0.499894900778,0.00032336480094
46.782,6.22947602781,0.0848615307876,0.0155603381725,0.499894763826,0.000324018640317
46.802,6.23947392779,0.0850171443132,0.0155668399594,0.499894609769,0.000324808481892
46.822,6.2494718245,0.0851728251579,0.0155733595826,0.499894439615,0.00032572536367
46.842,6.25946971764,0.0853285733537,0.0155798996304,0.499894254422,0.00032678201703
46.862,6.26946760691,0.0854843889385,0.0155864623298,0.499894055743,0.000327924155312
46.882,6.27946549205,0.0856402719588,0.0155930525296,0.499893843809,0.000329343236599
46.902,6.28946337283,0.0857962224823,0.0155996703825,0.499893622321,0.000330662445792
46.922,6.29946124906,0.0859522405579,0.0156063162792,0.499893392038,0.000332052694962
46.942,6.30945912059,0.0861083262323,0.0156129916936,0.499893154646,0.000333498205142
46.962,6.31945698728,0.0862644795538,0.015619697621,0.499892911992,0.000334984492406
46.982,6.32945484907,0.0864207005711,0.0156264346203,0.499892665984,0.000336497352416
47.002,6.33945270589,0.0865769893335,0.0156332032139,0.499892418531,0.000338019990491
47.022,6.34945055774,0.0867333458902,0.0156400034098,0.499892171593,0.000339538210488
47.042,6.35944840465,0.0868897702891,0.0156468350112,0.49989192699,0.000341057198571
47.062,6.36944624669,0.0870462625801,0.0156536975153,0.49989168685,0.000342519245204
47.082,6.37944408396,0.087202822809,0.0156605900465,0.499891452838,0.000343951830715
47.102,6.3894419166,0.0873594510309,0.0156675144453,0.499891225865,0.000345474608512
47.122,6.39943974479,0.0875161473089,0.0156744661993,0.499891009823,0.000346720964176
47.142,6.40943756876,0.0876729116813,0.0156814432471,0.499890805101,0.000347900278397
47.162,6.41943538876,0.0878297441779,0.0156884433489,0.499890613337,0.000348972689499
47.182,6.42943320504,0.08798664483,0.0156954646262,0.499890435836,0.000349932417736
47.202,6.43943101793,0.0881436136629,0.0157025046438,0.499890273869,0.000350769097111
47.222,6.44942882773,0.0883006506968,0.01570956061,0.499890128525,0.000351473685634
47.242,6.4594266348,0.0884577559478,0.0157166296821,0.499890000745,0.000352037454047
47.262,6.4694244395,0.0886149294258,0.0157237089473,0.499889891167,0.000352473887308
47.282,6.47942224219,0.088772171143,0.0157307974423,0.499889799517,0.000352913593719
47.302,6.48942004325,0.0889294811238,0.0157378914495,0.499889727974,0.000353027045834
47.322,6.49941784308,0.0890868593677,0.0157449859902,0.499889675959,0.000352986667647
47.342,6.50941564208,0.0892443058656,0.0157520780475,0.499889643341,0.000352792928877
47.362,6.51941344063,0.0894018206011,0.0157591645621,0.499889629902,0.000352446451027
47.382,6.52941123912,0.0895594035547,0.0157662424083,0.499889635251,0.000351952208153
47.402,6.53940903791,0.0897170546988,0.0157733085093,0.499889658705,0.000351331887313
47.422,6.54940683737,0.0898747740062,0.0157803599202,0.499889699695,0.000350554096493
47.442,6.55940463784,0.0900325614414,0.0157873937768,0.499889757279,0.000349625723783
47.462,6.56940243962,0.0901904169631,0.0157944085701,0.499889829117,0.000348787558602
47.482,6.57940024302,0.0903483405532,0.015801403133,0.499889915938,0.000347639292085
47.502,6.58939804831,0.0905063321731,0.0158083730058,0.499890015597,0.000346395965393
47.522,6.59939585573,0.0906643917755,0.0158153161366,0.499890126467,0.000345064805732
47.542,6.60939366549,0.0908225193085,0.0158222309167,0.499890246879,0.000343658139374
47.562,6.61939147777,0.0909807147183,0.0158291159353,0.499890375102,0.000342190387796
47.582,6.6293892927,0.0911389779486,0.0158359701212,0.499890509212,0.000340695588643
47.602,6.63938711038,0.0912973089445,0.0158427925861,0.499890647544,0.000339148983565
47.622,6.64938493088,0.0914557076485,0.0158495828221,0.499890788079,0.000337585705859
47.642,6.65938275422,0.0916141740032,0.0158563405246,0.49989092898,0.000336002128658
47.662,6.66938058038,0.0917727079498,0.0158630670603,0.499891067095,0.000334637834321
47.682,6.6793784093,0.0919313094567,0.0158697639845,0.49989120245,0.000333110541307
47.702,6.68937624089,0.0920899784771,0.0158764298512,0.499891332431,0.000331633085709
47.722,6.69937407503,0.0922487149615,0.0158830658163,0.499891455093,0.000330214544308
47.742,6.70937191156,0.0924075188608,0.0158896732153,0.499891568668,0.000328868839556
47.762,6.71936975027,0.0925663901285,0.0158962536265,0.499891671486,0.000327609784853
47.782,6.72936759092,0.0927253287214,0.0159028090111,0.499891761978,0.000326449075848
47.802,6.73936543326,0.0928843346001,0.0159093416566,0.499891838599,0.000325417440386
47.822,6.74936327699,0.0930434077309,0.0159158538398,0.499891900249,0.000324486875935
47.842,6.7593611218,0.0932025480838,0.0159223480984,0.499891945773,0.000323666898168
47.862,6.76935896735,0.0933617556295,0.0159288281007,0.499891973016,0.000323183458842
47.882,6.77935681327,0.0935210303738,0.0159352983287,0.499891983031,0.000322657370974
47.902,6.78935465921,0.0936803723057,0.0159417592952,0.499891974493,0.000322284716016
47.922,6.79935250477,0.093839781418,0.0159482142402,0.499891946833,0.000322064059981
47.942,6.80935034958,0.0939992577071,0.0159546664346,0.499891899762,0.000321999316225
47.962,6.81934819325,0.0941588011721,0.0159611189605,0.499891833194,0.00032209100375
47.982,6.82934603538,0.09431841182,0.0159675749876,0.49989174734,0.000322332725949
48.002,6.83934387559,0.0944780896607,0.0159740376813,0.499891642433,0.000322738535038
48.022,6.8493417135,0.0946378347121,0.0159805100914,0.499891519137,0.000323259600639
48.042,6.85933954875,0.0947976469927,0.0159869951304,0.499891377934,0.000323940072956
48.062,6.86933738097,0.0949575265334,0.0159934982591,0.499891218722,0.000324926267626
48.082,6.87933520983,0.0951174733864,0.0160000203873,0.499891044565,0.000325865592547
48.102,6.88933303504,0.0952774875887,0.0160065633138,0.499890855747,0.000326921657652
48.122,6.89933085632,0.0954375691784,0.0160131293927,0.49989065356,0.000328082983972
48.142,6.9093286734,0.0955977181972,0.0160197206861,0.499890439483,0.000329339246724
48.162,6.91932648608,0.0957579346871,0.0160263389701,0.499890215025,0.000330693050737
48.182,6.92932429415,0.0959182186961,0.0160329857285,0.499889982069,0.00033209685283
48.202,6.93932209746,0.0960785702719,0.0160396622427,0.499889742394,0.00033353565021
48.222,6.94931989591,0.0962389894619,0.016046369363,0.499889497596,0.000335049503593
48.242,6.9593176894,0.0963994763162,0.0160531076706,0.499889249931,0.000336551061515
48.262,6.9693154779,0.096560030883,0.0160598776981,0.499889000959,0.000338095354873
48.282,6.97931326139,0.0967206532173,0.0160666814146,0.499888751917,0.00033978192671
48.302,6.98931103991,0.0968813433926,0.0160735178816,0.499888506591,0.00034125947694
48.322,6.99930881354,0.0970421014578,0.0160803847436,0.499888265873,0.000342734247024
48.342,7.00930658241,0.097202927463,0.0160872813915,0.499888031857,0.00034412109213
48.362,7.01930434666,0.0973638214484,0.016094206399,0.499887806004,0.000345477835908
48.382,7.02930210648,0.0975247834554,0.0161011583022,0.499887590364,0.000346718191333
48.402,7.03929986208,0.0976858135196,0.0161081353321,0.4998873862,0.000347900337441
48.422,7.04929761372,0.0978469116759,0.0161151355496,0.499887195261,0.000348959758754
48.442,7.05929536167,0.098008077954,0.0161221563535,0.499887018936,0.000349886466058
48.462,7.06929310625,0.0981693123772,0.0161291954198,0.499886858161,0.000350721894962
48.482,7.07929084776,0.098330614972,0.0161362522173,0.499886713367,0.000351550486077
48.502,7.08928858656,0.0984919857758,0.016143322701,0.499886587038,0.000352094603954
48.522,7.09928632302,0.0986534248019,0.016150402911,0.499886479133,0.000352494341765
48.542,7.10928405751,0.098814932057,0.0161574897553,0.499886390182,0.000352752694477
48.562,7.11928179042,0.0989765075429,0.0161645801886,0.499886320522,0.000352845254053
48.582,7.12927952214,0.0991381512546,0.0161716711085,0.499886270185,0.000352800415641
48.602,7.13927725306,0.0992998631826,0.0161787589331,0.499886239417,0.000352567990031
48.622,7.14927498357,0.0994616433107,0.0161858408073,0.499886227642,0.000352203037994
48.642,7.15927271405,0.0996234916151,0.0161929131739,0.499886234669,0.000351684593126
48.662,7.16927044487,0.0997854080721,0.0161999736286,0.499886259628,0.00035104147515
48.682,7.17926817637,0.0999473926545,0.0162070204676,0.499886301152,0.000350388082785
48.702,7.1892659089,0.100109445347,0.0162140507685,0.499886359783,0.000349441482523
48.722,7.19926364277,0.100271566114,0.0162210602835,0.499886433622,0.000348395705128
48.742,7.20926137829,0.100433754912,0.0162280468037,0.49988652136,0.000347239311596
48.762,7.21925911571,0.100596011696,0.0162350085329,0.499886621546,0.000345984603831
48.782,7.22925685528,0.100758336414,0.016241943363,0.499886732584,0.000344659167099
48.802,7.23925459718,0.100920729018,0.0162488496837,0.49988685297,0.000343244766945
48.822,7.2492523416,0.101083189455,0.0162557260664,0.499886980955,0.000341754397566
48.842,7.25925008866,0.101245717668,0.0162625712322,0.49988711456,0.000340237478296
48.862,7.26924783844,0.101408313604,0.0162693869684,0.499887251012,0.00033884374599
48.882,7.27924559102,0.10157097723,0.0162761711812,0.499887390213,0.000337281504828
48.902,7.2892433464,0.101733708489,0.0162829230617,0.499887529325,0.000335736382404
48.922,7.29924110458,0.101896507328,0.0162896427001,0.49988766662,0.00033417549581
48.942,7.30923886549,0.10205937369,0.0162963307071,0.499887799827,0.000332679312158
48.962,7.31923662902,0.102222307523,0.0163029877547,0.499887927406,0.00033119728533
48.982,7.32923439505,0.102385308773,0.0163096150641,0.49988804728,0.000329792833079
49.002,7.33923216341,0.102548377393,0.0163162141633,0.499888157693,0.000328479802459
49.022,7.34922993388,0.102711513338,0.016322786766,0.49988825716,0.000327238646542
49.042,7.35922770623,0.102874716566,0.016329334701,0.499888344066,0.000326098070676
49.062,7.36922548019,0.10303798704,0.0163358612998,0.499888416223,0.000325206625636
49.082,7.37922325544,0.103201324746,0.0163423696516,0.499888473678,0.00032429947766
49.102,7.3892210317,0.103364729658,0.0163488604553,0.499888514959,0.000323517764664
49.122,7.39921880861,0.103528201755,0.0163553365912,0.499888538835,0.000322879317714
49.142,7.40921658581,0.103691741017,0.0163618011736,0.499888544545,0.000322385576889
49.162,7.41921436294,0.103855347428,0.016368257174,0.499888531417,0.00032205577098
49.182,7.42921213961,0.104019020983,0.0163747079357,0.499888499179,0.000321852515138
49.202,7.43920991544,0.104182761674,0.0163811560914,0.499888447581,0.000321812073181
49.222,7.44920769003,0.104346569505,0.0163876049961,0.499888376526,0.000321926027921
49.242,7.459205463,0.104510444479,0.0163940578722,0.499888286137,0.000322195762618
49.262,7.46920323395,0.104674386606,0.0164005188241,0.499888175974,0.00032276276027
49.282,7.47920100249,0.104838395931,0.0164069923733,0.499888048053,0.000323327300554
49.302,7.48919876828,0.105002472475,0.0164134791241,0.499887902576,0.000324031615114
49.322,7.49919653098,0.105166616269,0.0164199820017,0.499887740233,0.000324884798039
49.342,7.50919429025,0.105330827347,0.0164265036422,0.499887562247,0.000325847275685
49.362,7.51919204578,0.105495105741,0.0164330463678,0.499887369848,0.000326909223257
49.382,7.52918979732,0.10565945149,0.0164396126256,0.499887164226,0.000328090548386
49.402,7.53918754459,0.105823864633,0.0164462042718,0.499886946979,0.000329362640189
49.422,7.5491852874,0.105988345216,0.0164528233391,0.499886719622,0.000330729000459
49.442,7.55918302555,0.106152893286,0.0164594711601,0.499886484044,0.000332145456034
49.462,7.56918075888,0.10631750889,0.0164661497222,0.499886241245,0.000333741450209
49.482,7.57917848729,0.106482192099,0.0164728611803,0.499885994307,0.000335257857871
49.502,7.58917621071,0.106646942969,0.016479604071,0.499885744887,0.000336765502692
49.522,7.5991739291,0.106811761551,0.0164863785712,0.499885494583,0.00033829755002
49.542,7.60917164248,0.106976647895,0.016493184549,0.499885245498,0.000339814337292
49.562,7.61916935088,0.107141602049,0.0165000217683,0.499884999455,0.000341308215761
49.582,7.62916705438,0.10730662406,0.0165068896143,0.499884758384,0.000342761362169
49.602,7.63916475311,0.107471713976,0.0165137870898,0.499884524147,0.000344159842279
49.622,7.64916244722,0.107636871839,0.0165207129034,0.499884298448,0.000345503498733
49.642,7.6591601369,0.10780209769,0.0165276654323,0.499884083137,0.000346749808115
49.662,7.66915782238,0.107967391564,0.0165346433463,0.499883879135,0.000348016703239
49.682,7.67915550389,0.108132753522,0.0165416461715,0.499883688885,0.000349068786189
49.702,7.68915318175,0.108298183587,0.0165486691615,0.499883513554,0.000349994379411
49.722,7.69915085624,0.108463681792,0.016555710099,0.499883354135,0.000350793408619
49.742,7.70914852772,0.108629248156,0.0165627662313,0.49988321166,0.000351457150643
49.762,7.71914619651,0.108794882696,0.0165698345652,0.499883087,0.000351979653701
49.782,7.72914386301,0.108960585421,0.0165769121887,0.499882980828,0.000352354460538
49.802,7.73914152757,0.109126356336,0.0165839961108,0.49988289357,0.000352592602444
49.822,7.74913919058,0.109292195444,0.0165910830523,0.499882825693,0.000352662706531
49.842,7.75913685245,0.109458102738,0.0165981697627,0.499882777313,0.000352564136121
49.862,7.76913451353,0.109624078212,0.016605255117,0.499882747374,0.000352461642642
49.882,7.77913217424,0.109790121867,0.0166123343694,0.499882737278,0.00035207123765
49.902,7.78912983494,0.109956233684,0.0166194040503,0.499882745826,0.00035153307632
49.922,7.79912749602,0.110122413638,0.0166264611723,0.499882772268,0.000350867212632
49.942,7.80912515781,0.1102886617,0.0166335027471,0.499882815926,0.000350050816141
49.962,7.81912282067,0.110454977835,0.0166405260141,0.4998828758,0.000349092098739
49.982,7.82912048489,0.110621362001,0.0166475283098,0.499882950591,0.000348029361613
50.002,7.83911815078,0.110787814155,0.0166545072512,0.499883039056,0.000346858764233
50.022,7.84911581858,0.110954334249,0.0166614608865,0.499883139737,0.000345591114863
50.042,7.85911348853,0.111120922236,0.0166683875365,0.499883251053,0.000344240360289
50.062,7.86911116082,0.111287578062,0.0166752854235,0.499883371308,0.000342830271961
50.082,7.87907836041,0.111453557389,0.0166785326638,0.495747464745,-7.20642805733e-05
50.102,7.88871880132,0.111613811348,0.0166788454949,0.470434025445,0.000161645199054
50.122,7.89796129396,0.111767417522,0.0166877103326,0.451454997449,0.000785926462261
50.142,7.90680226504,0.11191448355,0.0166976062662,0.435591138139,0.000662265131219
50.162,7.91523892547,0.112054905271,0.0167065218329,0.410454088742,0.000150436727937
50.182,7.92328074219,0.112188711461,0.0167160020655,0.391424546606,0.000546658338686
50.202,7.93092164867,0.112315962874,0.0167251191715,0.375591550649,0.000683493007941
50.222,7.93815844647,0.112436560376,0.0167340884211,0.350463026405,0.000145340754799
50.242,7.9450004323,0.112550506032,0.0167435978315,0.331432668168,0.000536995390063
50.262,7.95144150818,0.112657874663,0.0167527238134,0.315600011564,0.000700563538216
50.282,7.95747847653,0.112758570595,0.0167616949733,0.290471718691,0.000139289962995
50.302,7.96312063423,0.112852588947,0.0167712507416,0.271441180351,0.000531138641427
50.322,7.96836188268,0.112940007773,0.01678043853,0.255608657148,0.000718953449403
50.342,7.97319902317,0.113020735246,0.0167894530912,0.230480355738,0.000135363378472
50.362,7.9776413527,0.113094759648,0.0167990745947,0.211449703398,0.000527170917354
50.382,7.98168277279,0.113162162186,0.0168083274913,0.195617248571,0.000734662103713
50.402,7.98532008459,0.1132228538,0.0168173893312,0.170488948089,0.000132832919523
50.422,7.98856258518,0.113276817195,0.0168270802824,0.151458205565,0.00052460898568
50.442,7.99140417621,0.113324136155,0.016836408239,0.13562579817,0.000749539305063
50.462,7.99384165871,0.113364724224,0.0168455336592,0.110497507884,0.000131465136582
50.482,7.99588432985,0.113398559101,0.0168553098536,0.0914666973314,0.00052317959675
50.502,7.99752609136,0.113425726829,0.0168647286261,0.075634320682,0.000764629852694
50.522,7.99876374423,0.113446143405,0.0168739340233,0.0505060497417,0.000131056631686
50.542,7.99960658565,0.113459781763,0.016883811068,0.0314751883973,0.000522685791841
50.562,8.00004851743,0.113466730063,0.0168933362874,0.0156428275843,0.000780260104402
50.582,8.0001206607,0.113467701856,0.0169017105804,-4.66250390717e-05,0.000344304703571
50.602,8.00011976998,0.11346769541,0.0169083049609,-4.45478971538e-05,0.000326392878512
50.622,8.00011888469,0.113467681294,0.0169148442035,-4.45860063136e-05,0.000326219737147
50.642,8.00011799903,0.113467667076,0.0169213824878,-4.4591768757e-05,0.000326209971174
50.662,8.00011711334,0.11346765285,0.0169279207009,-4.45921278927e-05,0.000326208952559
50.682,8.00011622764,0.113467638617,0.0169344589052,-4.4591944763e-05,0.000326208755536
50.702,8.00011534195,0.113467624379,0.0169409971066,-4.45917090835e-05,0.000326208644773
50.722,8.00011445627,0.113467610135,0.0169475353058,-4.45914682594e-05,0.000326208542015
50.742,8.00011357059,0.113467595886,0.016954073503,-4.45912273553e-05,0.000326208443066
50.762,8.00011268491,0.113467581631,0.0169606116981,-4.45909865886e-05,0.000326208344172
50.782,8.00011179924,0.11346756737,0.0169671498912,-4.45907461732e-05,0.000326208246589
50.802,8.00011091357,0.113467553104,0.0169736880823,-4.45905057509e-05,0.000326208151674
50.822,8.00011002791,0.113467538832,0.0169802262715,-4.45902657747e-05,0.000326208058281
50.842,8.00010914225,0.113467524554,0.0169867644587,-4.45900257637e-05,0.000326207967157
50.862,8.0001082566,0.113467510271,0.016993302644,-4.45897863869e-05,0.000326207874914
50.882,8.00010737095,0.113467495983,0.0169998408274,-4.45895466608e-05,0.00032620778626
50.902,8.00010648531,0.113467481688,0.017006379009,-4.4589307777e-05,0.000326207696909
50.922,8.00010559967,0.113467467388,0.0170129171888,-4.45890688266e-05,0.000326207609936
50.942,8.00010471404,0.113467453083,0.0170194553668,-4.45888299896e-05,0.000326207526336
50.962,8.00010382841,0.113467438772,0.0170259935431,-4.45885915417e-05,0.000326207442215
50.982,8.00010294279,0.113467424455,0.0170325317176,-4.45883533279e-05,0.000326207361196
51.002,8.00010205717,0.113467410132,0.0170390698904,-4.45881150704e-05,0.000326207279771
51.022,8.00010117155,0.113467395804,0.0170456080616,-4.4587877365e-05,0.000326207201317
51.042,8.00010028594,0.113467381471,0.0170521462311,-4.45876395801e-05,0.000326207123728
51.062,8.00009940034,0.113467367131,0.017058684399,-4.45874018307e-05,0.000326207046541
51.082,8.00009851474,0.113467352787,0.0170652225654,-4.45871650268e-05,0.000326206970952
51.102,8.00009762914,0.113467338436,0.0170717607302,-4.45869278642e-05,0.000326206898048
51.122,8.00009674355,0.11346732408,0.0170782988935,-4.45866909523e-05,0.000326206826528
51.142,8.00009585797,0.113467309718,0.0170848370552,-4.45864546464e-05,0.000326206754571
51.162,8.00009497239,0.113467295351,0.0170913752156,-4.45862180538e-05,0.000326206686425
51.182,8.00009408681,0.113467280978,0.0170979133744,-4.4585982447e-05,0.0003262066201
51.202,8.00009320124,0.113467266599,0.017104451532,-4.45857465104e-05,0.000326206555566
51.222,8.00009231567,0.113467252215,0.0171109896881,-4.45855110967e-05,0.000326206491542
51.242,8.00009143011,0.113467237825,0.0171175278429,-4.45852752967e-05,0.000326206426826
51.262,8.00009054455,0.11346722343,0.0171240659964,-4.45850397079e-05,0.000326206362255
51.282,8.000089659,0.113467209029,0.0171306041485,-4.45848047504e-05,0.000326206304667
51.302,8.00008877345,0.113467194622,0.0171371422994,-4.45845701223e-05,0.000326206246083
51.322,8.0000878879,0.11346718021,0.0171436804491,-4.45843353329e-05,0.000326206187924
51.342,8.00008700236,0.113467165792,0.0171502185976,-4.45841009926e-05,0.000326206130217
51.362,8.00008611683,0.113467151368,0.0171567567449,-4.45838667439e-05,0.000326206076424
51.382,8.0000852313,0.113467136939,0.017163294891,-4.4583632857e-05,0.00032620602271
51.402,8.00008434577,0.113467122504,0.017169833036,-4.45833991742e-05,0.00032620597214
51.422,8.00008346025,0.113467108064,0.01717637118,-4.45831653264e-05,0.000326205919601
51.442,8.00008257474,0.113467093618,0.0171829093228,-4.45829318342e-05,0.00032620587092
51.462,8.00008168923,0.113467079166,0.0171894474647,-4.458269904e-05,0.000326205824762
51.482,8.00008080372,0.113467064709,0.0171959856055,-4.45824662577e-05,0.000326205777818
51.502,8.00007991822,0.113467050246,0.0172025237454,-4.45822334696e-05,0.000326205732402
51.522,8.00007903272,0.113467035778,0.0172090618843,-4.45820007881e-05,0.000326205689625
51.542,8.00007814723,0.113467021304,0.0172156000222,-4.45817681012e-05,0.000326205646
51.562,8.00007726174,0.113467006824,0.0172221381593,-4.45815363937e-05,0.000326205606022
51.582,8.00007637625,0.113466992339,0.0172286762955,-4.45813045329e-05,0.000326205566411
51.602,8.00007549078,0.113466977848,0.0172352144309,-4.45810728381e-05,0.000326205528194
51.622,8.0000746053,0.113466963351,0.0172417525654,-4.45808412926e-05,0.000326205490144
51.642,8.00007371983,0.113466948849,0.0172482906992,-4.45806101529e-05,0.000326205456052
51.662,8.00007283437,0.113466934341,0.0172548288322,-4.45803791806e-05,0.000326205422693
51.682,8.00007194891,0.113466919828,0.0172613669645,-4.45801483812e-05,0.000326205390105
51.702,8.00007106345,0.113466905309,0.0172679050961,-4.45799173901e-05,0.000326205357346
51.722,8.000070178,0.113466890784,0.017274443227,-4.45796869451e-05,0.000326205328206
51.742,8.00006929255,0.113466876254,0.0172809813572,-4.457945687e-05,0.000326205300452
51.762,8.00006840711,0.113466861718,0.0172875194868,-4.45792270317e-05,0.000326205273858
51.782,8.00006752167,0.113466847177,0.0172940576158,-4.45789970351e-05,0.000326205247468
51.802,8.00006663624,0.11346683263,0.0173005957443,-4.45787675118e-05,0.000326205220495
51.822,8.00006575081,0.113466818077,0.0173071338722,-4.4578538524e-05,0.00032620519969
51.842,8.00006486539,0.113466803519,0.0173136719996,-4.45783091212e-05,0.000326205178023
51.862,8.00006397997,0.113466788955,0.0173202101265,-4.45780801644e-05,0.000326205156471
51.882,8.00006309455,0.113466774385,0.017326748253,-4.45778513661e-05,0.000326205137239
51.902,8.00006220914,0.11346675981,0.017333286379,-4.45776225931e-05,0.000326205120313
51.922,8.00006132373,0.113466745229,0.0173398245046,-4.45773944464e-05,0.000326205102612
51.942,8.00006043833,0.113466730643,0.0173463626298,-4.45771662511e-05,0.000326205087944
51.962,8.00005955294,0.113466716051,0.0173529007547,-4.45769383905e-05,0.000326205073696
51.982,8.00005866754,0.113466701453,0.0173594388793,-4.45767105591e-05,0.000326205062113
52.002,8.00005778216,0.11346668685,0.0173659770035,-4.45764832568e-05,0.000326205051808
52.022,8.00005689677,0.113466672241,0.0173725151275,-4.45762559218e-05,0.000326205040775
52.042,8.0000560114,0.113466657627,0.0173790532512,-4.45760284771e-05,0.000326205032548
52.062,8.00005512602,0.113466643006,0.0173855913747,-4.45758017562e-05,0.000326205024725
52.082,8.00005424065,0.113466628381,0.017392129498,-4.45755748955e-05,0.000326205018766
52.102,8.00005335529,0.113466613749,0.0173986676211,-4.45753484774e-05,0.000326205014041
52.122,8.00005246993,0.113466599112,0.0174052057441,-4.45751222472e-05,0.000326205011099
52.142,8.00005158457,0.11346658447,0.017411743867,-4.45748960446e-05,0.000326205007945
