27.362,-0.101201305972,-4.66787251101e-06,0.00884491018777,-4.41343282401e-05,0.000322789602517
27.382,-0.101202182642,-4.675014681e-06,0.00885137748127,-4.41342360616e-05,0.000322789868803
27.402,-0.10120305931,-4.6821624056e-06,0.00885784478004,-4.41341439009e-05,0.000322790135241
27.422,-0.101072736805,-3.44177288494e-06,0.00896308553236,0.0156639245012,0.00901380700712
27.442,-0.100549331741,1.2951706332e-06,0.00911705140872,0.0356713355539,0.00740032912745
27.462,-0.0996257620798,9.75495222623e-06,0.00923808207998,0.0556806830953,0.0057354412137
27.482,-0.0983021017871,2.20453577686e-05,0.00934404885517,0.07568814016,0.00427694039328
27.502,-0.0965783242366,3.82054679307e-05,0.00942992990977,0.0956895755291,0.00391742919308
27.522,-0.0944544931087,5.82602807268e-05,0.00950540445958,0.115691157911,0.00377121445672
27.542,-0.0919308520724,8.20985933845e-05,0.00962051172752,0.135649408798,0.0120882513613
27.562,-0.0890080515267,0.000110898969738,0.0098590612424,0.155655961607,0.00752457588703
27.582,-0.0856842202019,0.000143485810012,0.00989822206215,0.175702791957,0.000983003076554
27.602,-0.081960127803,0.000180370102547,0.00991794289324,0.195705215228,0.000828195514269
27.622,-0.0778360120262,0.000221280172586,0.0099338891318,0.215705143456,0.000797836674998
27.642,-0.0733119096466,0.000266243764936,0.00994933660874,0.235704342176,0.000768246956144
27.662,-0.0683878397683,0.000315262656084,0.00996707988074,0.255702415904,0.000910278512247
27.682,-0.0630638248842,0.000368355170725,0.00999122454284,0.275696282902,0.0018428252975
27.702,-0.0573398943659,0.000425647465451,0.010022987501,0.29569999803,0.000755460451752
27.722,-0.0512158971607,0.000487029270085,0.0100398226616,0.315699102608,0.000881455411448
27.742,-0.0446919073746,0.000552566760673,0.010055070532,0.335699616366,0.00059627645514
27.762,-0.0377679170243,0.000622217998561,0.0100671377566,0.355698711921,0.000603737547344
27.782,-0.0304439406857,0.000695980989961,0.0100779115629,0.375698072632,0.00052483880819
27.802,-0.0227199904371,0.000773858353314,0.0100895645557,0.395696488734,0.000597912804823
27.822,-0.0145961371175,0.000855832597256,0.0101166741948,0.415680349191,0.00337875516659
27.842,-0.00607256925312,0.000942308772399,0.0101832674916,0.435676447371,0.00330914880218
27.862,0.00285121609968,0.00103322487529,0.0102006691184,0.455690876823,0.000739509932921
27.882,0.0121750556325,0.00112838120422,0.0102116047017,0.475692196918,0.000403266845465
27.902,0.0218988954541,0.0012277171548,0.0102200187188,0.495690936348,0.000456012795071
27.922,0.0318909960673,0.00132980707935,0.010230453447,0.499931281887,0.000526274301302
27.942,0.0418895559892,0.00143215420043,0.0102402584344,0.499927147671,0.000427744593528
27.962,0.0518881027014,0.00153459570166,0.0102489009627,0.49992695205,0.000432193588221
27.982,0.0618866456623,0.00163712762351,0.0102574423235,0.499926979459,0.000381328641161
28.002,0.0718851900563,0.0017397351142,0.0102650268265,0.499926825338,0.000385108758487
28.022,0.0818837283537,0.00184241673691,0.0102731165517,0.499925993809,0.00050645891994
28.042,0.091882252529,0.00194519922065,0.0102825617186,0.499926218904,0.000390155909511
28.062,0.101880781406,0.00204805973927,0.0102904697039,0.499926085188,0.000395214689803
28.082,0.111879306509,0.00215099948159,0.0102984487969,0.499925874158,0.000398289794879
28.102,0.121877827374,0.00225401782631,0.0103064880226,0.499925657205,0.000402795394814
28.122,0.131876344053,0.00235711522467,0.0103145983862,0.499925459093,0.000405432494302
28.142,0.141874856829,0.00246029214387,0.010322774069,0.499925274804,0.000407884083302
28.162,0.151873366124,0.00256354891901,0.0103309894612,0.499925107101,0.000410197819161
28.182,0.161871872216,0.00266688582478,0.0103392495427,0.499924955397,0.000412310748825
28.202,0.17187037545,0.00277030314059,0.0103475490134,0.499924821156,0.00041422926525
28.222,0.181868876225,0.00287380106415,0.0103558765231,0.499924705762,0.000415897062798
28.242,0.191867374889,0.00297737992171,0.01036423302,0.49992461454,0.00041629154117
28.262,0.201865871782,0.003081039765,0.0103726254275,0.499924530419,0.000418714217704
28.282,0.211864367335,0.00318478090672,0.0103810352292,0.499924475874,0.000419503964184
28.302,0.22186286185,0.00328860365609,0.0103894805777,0.49992443326,0.000420623372174
28.322,0.231861355827,0.00339250814042,0.0103979349111,0.499924414616,0.00042126515449
28.342,0.241859849687,0.00349649452964,0.0104063899186,0.499924420018,0.000420863427731
28.362,0.251858343792,0.00360056287977,0.0104148488208,0.499924439382,0.000421144181603
28.382,0.261856838492,0.00370471329096,0.0104233103151,0.499924473155,0.000421958305584
28.402,0.271855334107,0.00380894591767,0.0104317733961,0.499924529897,0.000421579220589
28.422,0.281853830974,0.0039132609423,0.0104402372956,0.499924598592,0.000421399348811
28.442,0.291852329466,0.0040176583899,0.0104486856968,0.499924686923,0.000420724476091
28.462,0.301850829855,0.00412213837903,0.0104571211587,0.499924787805,0.000419699222707
28.482,0.311849332399,0.00422670089386,0.0104655403527,0.499924899933,0.000418916038516
28.502,0.321847837326,0.00433134599937,0.010473941062,0.499925022738,0.000417997583739
28.522,0.331846344831,0.00443607371066,0.0104823211296,0.4999251531,0.000417257589461
28.542,0.341844855072,0.00454088409466,0.0104906783178,0.499925292749,0.000416048034847
28.562,0.351843368184,0.00464577715661,0.0104990096642,0.499925438013,0.00041458280973
28.582,0.361841884254,0.00475075286411,0.0105073139219,0.49992558594,0.000413278349775
28.602,0.37184040335,0.00485581119892,0.0105155866805,0.499925735994,0.000411891313587
28.622,0.381838925448,0.00496095216237,0.0105238331344,0.499925884499,0.000410519722086
28.642,0.391837450528,0.00506617571685,0.0105320504857,0.499926030865,0.000409149068081
28.662,0.401835978528,0.00517148184516,0.0105402377029,0.499926173488,0.000407682073909
28.682,0.411834509343,0.00527687050624,0.0105483948561,0.499926309965,0.000406228504061
28.702,0.421833042828,0.00538234164943,0.0105565226691,0.499926438123,0.000404869336561
28.722,0.4318315788,0.00548789523402,0.0105646227817,0.499926556686,0.000403520824725
28.742,0.441830117045,0.00559353120902,0.0105726963597,0.49992666338,0.000402335578796
28.762,0.451828657333,0.00569924952224,0.0105807419295,0.499926758475,0.000401010881469
28.782,0.4618271994,0.00580505009603,0.0105887600832,0.499926839988,0.000399668287666
28.802,0.471825742936,0.00591093284419,0.0105967549173,0.49992690502,0.000398591055413
28.822,0.481824287597,0.00601689770445,0.0106047319673,0.499926951915,0.000397881609867
28.842,0.491822833042,0.0061229446417,0.0106126919379,0.499926982614,0.00039704816811
28.862,0.501821378902,0.00622907363116,0.0106206397941,0.499926994573,0.000396179223598
28.882,0.511819924853,0.0063352845408,0.0106285688292,0.49992698904,0.000395743800868
28.902,0.521818470485,0.00644157736393,0.0106364870135,0.49992696568,0.000394905034932
28.922,0.531817015448,0.00654795196827,0.0106443916937,0.499926921614,0.000394562854678
28.942,0.541815559299,0.00665440829017,0.0106522948691,0.499926857603,0.000394352000191
28.962,0.551814101662,0.00676094624221,0.0106601967494,0.499926772509,0.000394681854939
28.982,0.561812642154,0.00686756582877,0.0106680997757,0.499926670829,0.000394741260276
29.002,0.571811180413,0.00697426697975,0.0106760060264,0.499926551117,0.000394926251944
29.022,0.581809716077,0.00708104965415,0.010683918201,0.499926416519,0.000394723723966
29.042,0.591808248852,0.00718791374951,0.0106918326904,0.499926263644,0.000395139244974
29.062,0.601806778408,0.00729485916738,0.010699753536,0.499926095466,0.000395664204956
29.082,0.611805304414,0.00740188584625,0.010707689588,0.49992591285,0.000396258382514
29.102,0.621803826602,0.00750899376376,0.0107156423027,0.499925717278,0.000397009313541
29.122,0.631802344743,0.00761618280962,0.0107236120749,0.499925508684,0.000398286722243
29.142,0.641800858584,0.0077234531092,0.0107316073016,0.499925294713,0.000398657788043
29.162,0.651799368095,0.00783080440261,0.0107396053845,0.499925073322,0.000399457022819
29.182,0.661797873085,0.00793823668853,0.0107476199472,0.499924844793,0.000400383314184
29.202,0.671796373432,0.00804574983334,0.0107556542925,0.499924612048,0.000401329396872
29.222,0.681794869067,0.00815334378026,0.0107637099238,0.499924377196,0.000402283509479
29.242,0.691793359938,0.00826101850674,0.0107717923655,0.499924141872,0.000403225388446
29.262,0.701791846085,0.00836877394217,0.0107798973497,0.499923905458,0.000404763115253
29.282,0.711790327509,0.00847661013329,0.0107880338561,0.499923672227,0.000406262985663
29.302,0.72178880431,0.00858452716927,0.0107961979444,0.499923450029,0.000406597732254
29.322,0.731787276741,0.00869252480584,0.0108043701896,0.499923231985,0.000407901186335
29.342,0.741785744868,0.00880060320129,0.0108125671025,0.499923027167,0.000408054547662
29.362,0.751784208998,0.00890876204888,0.0108207693995,0.499922828929,0.000409229430169
29.382,0.761782669322,0.00901700140543,0.0108289820027,0.499922648782,0.000409115165206
29.402,0.771781126136,0.00912532108699,0.0108371996965,0.49992248277,0.000408866237337
29.422,0.781779579744,0.00923372087556,0.0108454191472,0.499922325525,0.00040980701374
29.442,0.791778030418,0.00934220073391,0.0108536428163,0.499922190809,0.00040931474774
29.462,0.80177647857,0.00945076045285,0.0108618582667,0.499922070859,0.000409340713392
29.482,0.811774924483,0.0095593998903,0.0108700747949,0.499921968338,0.000409207917488
29.502,0.821773368498,0.00966811897105,0.0108782938061,0.499921884184,0.000408921427753
29.522,0.831771811019,0.00977691756813,0.0108865085411,0.499921816147,0.00040912204448
29.542,0.841770252398,0.00988579570435,0.0108947201127,0.499921773767,0.000407898824822
29.562,0.851768693126,0.00999475314886,0.0109029108405,0.499921746425,0.000407343445727
29.582,0.861767133584,0.0101037897484,0.0109110786274,0.499921742643,0.00040628754811
29.602,0.87176557415,0.0102129053384,0.0109192237589,0.499921755721,0.000405258113034
29.622,0.881764015128,0.010322099791,0.0109273550569,0.499921786008,0.000404127471259
29.642,0.891762456919,0.0104313729192,0.0109354622996,0.499921832165,0.000403375686035
29.662,0.901760899856,0.0105407247004,0.010943544623,0.499921897906,0.000401925624236
29.682,0.911759344264,0.0106501550258,0.0109516007173,0.499921982265,0.000399779189582
29.702,0.921757790543,0.0107596635959,0.0109596126791,0.499922079449,0.000398067414214
29.722,0.931756238944,0.0108692502709,0.010967584428,0.499922189554,0.000396293666377
29.742,0.941754689653,0.0109789148664,0.0109755263588,0.499922307591,0.000395021236639
29.762,0.951753142906,0.0110886572628,0.0109834305086,0.499922439112,0.00039307285915
29.782,0.961751598899,0.0111984773219,0.0109912943467,0.49992258217,0.000390453456176
29.802,0.971750057844,0.0113083748181,0.0109991085799,0.499922729532,0.000388422378422
29.822,0.981748519834,0.0114183495286,0.0110068763447,0.499922881508,0.000386344209504
29.842,0.991746984879,0.0115284013021,0.0110146080504,0.49992303569,0.000384226240192
29.862,1.00174545304,0.0116385299837,0.011022299553,0.499923188041,0.000382702114017
29.882,1.01174392429,0.0117487354913,0.0110299526967,0.499923342259,0.000380601894315
29.902,1.02174239865,0.0118590176539,0.0110375597261,0.499923494064,0.000378539343181
29.922,1.03174087599,0.0119693763412,0.0110451285087,0.499923643513,0.000375937581807
29.942,1.04173935627,0.012079811319,0.0110526512984,0.499923781079,0.000374554611651
29.962,1.05173783929,0.0121903224841,0.0110601330289,0.499923915652,0.000372113011962
29.982,1.06173632488,0.0123009096186,0.0110675735125,0.499924037369,0.000370320453753
30.002,1.07173481279,0.0124115725919,0.0110749828673,0.499924145067,0.000368771320346
30.022,1.08173330276,0.0125223112562,0.0110823585767,0.499924241411,0.000367182463019
30.042,1.09173179453,0.0126331254799,0.0110897033862,0.499924322219,0.00036609506268
30.062,1.10173028778,0.0127440151865,0.0110970207152,0.499924388113,0.000364755939955
30.082,1.11172878213,0.012854980262,0.0111043212069,0.499924433952,0.000364067506734
30.102,1.12172727726,0.0129660206768,0.011111601216,0.499924467525,0.000362474620744
30.122,1.13172577291,0.0130771362634,0.0111188482045,0.49992448364,0.00036109959928
30.142,1.14172426866,0.0131883268257,0.0111260750864,0.499924477729,0.000360363581435
30.162,1.15172276406,0.0132995922655,0.0111332925316,0.499924450365,0.000359924226464
30.182,1.16172125874,0.0134109324633,0.0111405003974,0.499924404353,0.000359853186768
30.202,1.17171975227,0.0135223474771,0.0111477091294,0.499924340428,0.00035922362948
30.222,1.18171824435,0.013633837068,0.0111549067539,0.499924256131,0.000359479677896
30.242,1.19171673455,0.013745401291,0.011162104242,0.499924156175,0.000359053120556
30.262,1.20171522252,0.0138570400012,0.0111693026841,0.499924035858,0.000359261249205
30.282,1.21171370792,0.0139687530793,0.0111765016135,0.499923898408,0.000359608431776
30.302,1.22171219035,0.0140805404947,0.0111837140013,0.499923744072,0.000360070941122
30.322,1.23171066951,0.0141924021985,0.0111909407399,0.499923572337,0.000361123438763
30.342,1.24170914514,0.014304338174,0.0111981766208,0.499923391716,0.000361400198625
30.362,1.25170761695,0.0144163483456,0.0112054308028,0.499923196042,0.000362207493449
30.382,1.26170608471,0.0145284326779,0.0112127027741,0.499922989576,0.00036311859608
30.402,1.2717045482,0.0146405911427,0.0112199979133,0.499922771583,0.000364533365828
30.422,1.28170300727,0.0147528237383,0.0112273150492,0.499922548391,0.000365577961634
30.442,1.29170146179,0.0148651304373,0.0112346547429,0.499922319654,0.000366671970086
30.462,1.30169991167,0.01497751122,0.01124201603,0.499922089379,0.00036739463717
30.482,1.31169835687,0.0150899660386,0.0112494011539,0.499921855088,0.000368561266835
30.502,1.32169679736,0.0152024948269,0.0112568084081,0.499921621113,0.000369698075628
30.522,1.33169523316,0.0153150976067,0.0112642417767,0.499921388949,0.000370857742324
30.542,1.34169366432,0.0154277743091,0.0112717000602,0.499921158926,0.00037234218153
30.562,1.35169209096,0.0155405249669,0.0112791818021,0.499920936767,0.00037340847446
30.582,1.36169051321,0.0156533495476,0.0112866837045,0.499920724386,0.000374044153913
30.602,1.37168893125,0.0157662479897,0.0112942048929,0.499920519548,0.000374982075011
30.622,1.38168734531,0.0158792202456,0.0113017431559,0.499920325849,0.000375850816284
30.642,1.39168575559,0.015992266289,0.0113093006873,0.499920144579,0.000376606948363
30.662,1.40168416236,0.0161053860784,0.0113168750215,0.499919975529,0.000377621819032
30.682,1.41168256593,0.0162185796093,0.0113244624194,0.499919823725,0.000378155145186
30.702,1.4216809666,0.01633184685,0.0113320625848,0.499919688257,0.000378558728815
30.722,1.43167936475,0.0164451877627,0.0113396678112,0.499919572194,0.000378485795473
30.742,1.44167776073,0.016558602257,0.0113472764972,0.499919470904,0.000378970445283
30.762,1.45167615493,0.0166720902788,0.0113548837028,0.49991939185,0.000378628031537
30.782,1.4616745477,0.0167856517435,0.0113624896244,0.499919330182,0.000378472138065
30.802,1.47167293944,0.0168992865947,0.01137009226,0.499919287839,0.000378171772164
30.822,1.48167133053,0.0170129947492,0.0113776885511,0.499919263268,0.000378034105569
30.842,1.49166972136,0.0171267761722,0.0113852744814,0.499919259656,0.000377427218022
30.862,1.50166811231,0.0172406307903,0.0113928483755,0.499919274886,0.000376673840533
30.882,1.51166650378,0.017354558527,0.0114004034141,0.499919310201,0.000375472466733
30.902,1.52166489615,0.0174685592585,0.011407935012,0.499919361776,0.000374456808828
30.922,1.53166328974,0.0175826328758,0.0114154439381,0.499919429838,0.000373305732789
30.942,1.54166168486,0.0176967793003,0.0114229305357,0.499919513266,0.000372041881654
30.962,1.55166008181,0.0178109984271,0.0114303894199,0.499919611322,0.000370650924053
30.982,1.56165848089,0.0179252901678,0.0114378200332,0.499919720831,0.000369453897098
31.002,1.57165688229,0.0180396544914,0.0114452239282,0.499919843239,0.000367690869828
31.022,1.5816552863,0.0181540912057,0.0114525899344,0.49991997571,0.000366238864621
31.042,1.59165369309,0.0182686002718,0.0114599189944,0.499920117897,0.000364265992985
31.062,1.6016521028,0.0183831815139,0.0114672099874,0.499920264992,0.00036252089173
31.082,1.61165051551,0.0184978348293,0.0114744667313,0.499920416294,0.000360740409485
31.102,1.62164893131,0.0186125601195,0.0114816863494,0.499920570286,0.000358947832999
31.122,1.63164735023,0.018727357277,0.011488868436,0.499920724939,0.000357154719115
31.142,1.64164577225,0.0188422262017,0.0114960149143,0.499920878143,0.000355370057875
31.162,1.65164419732,0.0189571667987,0.011503124959,0.499921028183,0.000353620424229
31.182,1.66164262537,0.019072178975,0.0115102001113,0.499921173056,0.000351914519851
31.202,1.67164105627,0.0191872626396,0.0115172418247,0.499921310075,0.000350339673774
31.222,1.68163948985,0.0193024176922,0.0115242505631,0.499921438746,0.000348940146905
31.242,1.69163792593,0.0194176440813,0.0115312279569,0.499921558596,0.000347211479305
31.262,1.70163636429,0.0195329416946,0.0115381740265,0.499921665336,0.000345826761137
31.282,1.71163480467,0.0196483104337,0.0115450908674,0.499921758563,0.000344559189768
31.302,1.72163324677,0.0197637502251,0.0115519860446,0.499921835461,0.000343629352775
31.322,1.73163169026,0.0198792610251,0.0115588597981,0.499921897584,0.000342602922948
31.342,1.74163013485,0.0199948427721,0.011565712292,0.499921943931,0.000341494870751
31.362,1.75162858017,0.0201104953825,0.0115725465479,0.499921971266,0.0003407581011
31.382,1.76162702587,0.0202262187862,0.0115793655697,0.499921980015,0.000340172106901
31.402,1.77162547153,0.0203420129344,0.0115861752705,0.499921969524,0.000339737313219
31.422,1.78162391678,0.0204578777933,0.0115929790504,0.499921939592,0.000339454058422
31.442,1.79162236123,0.0205738133339,0.0115997804203,0.49992188912,0.00033954142747
31.462,1.80162080447,0.020689819541,0.0116065811707,0.499921820362,0.000339573984421
31.482,1.81161924612,0.0208058964051,0.0116133870449,0.499921732354,0.00033975428397
31.502,1.82161768582,0.0209220439149,0.0116201968483,0.499921626935,0.000339894846491
31.522,1.8316161232,0.0210382620293,0.0116270143935,0.49992150153,0.000340579394368
31.542,1.84161455791,0.0211545507413,0.0116338411111,0.499921361027,0.000341009801889
31.562,1.8516129896,0.0212709100307,0.0116406833483,0.499921203204,0.000341757237604
31.582,1.86161141796,0.0213873399017,0.0116475426027,0.499921030448,0.000342629759847
31.602,1.8716098427,0.021503840359,0.0116544210844,0.499920844057,0.000343613261994
31.622,1.88160826356,0.0216204114144,0.0116613216878,0.499920645444,0.000344692969614
31.642,1.89160668031,0.0217370530762,0.0116682455538,0.499920436231,0.000345858489664
31.662,1.90160509276,0.0218537653617,0.0116751943394,0.499920218098,0.000347097497888
31.682,1.91160350075,0.0219705482872,0.0116821708682,0.499919991845,0.00034857015292
31.702,1.92160190412,0.0220874018933,0.0116891769977,0.499919761084,0.000349902429733
31.722,1.93160030282,0.0222043262086,0.011696212565,0.499919526094,0.00035144197657
31.742,1.94159869678,0.0223213212816,0.0117032782416,0.499919291341,0.000352642285477
31.762,1.95159708602,0.0224383871106,0.0117103710263,0.499919055509,0.0003541924621
31.782,1.96159547055,0.0225555237263,0.0117174908215,0.499918823819,0.000355386081232
31.802,1.97159385047,0.0226727311252,0.0117246373034,0.499918596386,0.000356547425391
31.822,1.98159222586,0.0227900093056,0.0117318104318,0.49991837351,0.000357989999731
31.842,1.99159059687,0.0229073582903,0.0117390090581,0.499918160218,0.000359047012282
31.862,2.00158896367,0.0230247780795,0.0117462326886,0.49991795504,0.000360344392781
31.882,2.01158732647,0.0231422686978,0.0117534800995,0.499917761976,0.000361394027454
31.902,2.02158568552,0.0232598301713,0.0117607501474,0.499917581507,0.000362275244591
31.922,2.03158404111,0.0233774624779,0.0117680358361,0.49991741648,0.000363057453791
31.942,2.04158239355,0.0234951656046,0.0117753353821,0.499917266684,0.000363753403449
31.962,2.05158074314,0.0236129395472,0.0117826493938,0.499917132991,0.000364339675411
31.982,2.06157909022,0.0237307842918,0.0117899744879,0.499917016844,0.000364787715986
32.002,2.07157743516,0.0238486998294,0.0117973080201,0.499916918991,0.000365091881879
32.022,2.08157577833,0.0239666861393,0.0118046471286,0.499916839271,0.000365389213833
32.042,2.09157412012,0.0240847432136,0.0118119884334,0.499916779526,0.000365393814125
32.062,2.10157246092,0.0242028710249,0.0118193277064,0.499916739952,0.000365111095434
32.082,2.11157080112,0.0243210695252,0.0118266611534,0.499916719178,0.000364814748747
32.102,2.12156914112,0.0244393386671,0.0118339862495,0.499916717593,0.000364367415562
32.122,2.13156748129,0.0245576784012,0.0118413001737,0.499916734802,0.000363771392371
32.142,2.14156582201,0.0246760886833,0.0118486011783,0.499916770181,0.000363031528627
32.162,2.15156416363,0.0247945694648,0.0118558855958,0.499916823068,0.000362155392088
32.182,2.16156250649,0.0249131206903,0.0118631505459,0.499916892504,0.000361150614826
32.202,2.17156085092,0.025031742306,0.0118703943055,0.499916977302,0.000360029483529
32.222,2.18155919721,0.0251504342409,0.0118776140065,0.499917075704,0.000358910216346
32.242,2.19155754563,0.0252691964479,0.0118848073767,0.499917187493,0.000357573845342
32.262,2.20155589644,0.0253880288523,0.01189197084,0.499917311232,0.00035603442137
32.282,2.21155424984,0.0255069313776,0.0118991048653,0.499917443754,0.000354547985802
32.302,2.221552606,0.025625903934,0.0119062055577,0.499917584444,0.000352983293643
32.322,2.23155096507,0.0257449464587,0.0119132743714,0.499917730971,0.000351380459854
32.342,2.24154932713,0.0258640588753,0.0119203100371,0.499917881674,0.00034974587771
32.362,2.25154769226,0.0259832411105,0.0119273125562,0.499918034043,0.000348209233353
32.382,2.26154606047,0.0261024931017,0.0119342815259,0.499918187294,0.000346558808941
32.402,2.27154443175,0.0262218147807,0.0119412180781,0.499918338293,0.000345031080557
32.422,2.28154280606,0.026341206087,0.0119481212422,0.499918486363,0.000343424827332
32.442,2.29154118331,0.0264606669431,0.0119549895053,0.499918629673,0.000341759729172
32.462,2.30153956336,0.0265801972696,0.0119618253463,0.499918765637,0.000340157998837
32.482,2.31153794606,0.026699796991,0.0119686316955,0.499918891376,0.000338834655005
32.502,2.32153633119,0.02681946605,0.0119754082689,0.499919007518,0.000337396092472
32.522,2.33153471853,0.0269392043828,0.011982159443,0.499919110213,0.000336256355822
32.542,2.34153310781,0.0270590119438,0.0119888862132,0.49991919971,0.000335127477382
32.562,2.35153149874,0.0271788886878,0.0119955908086,0.499919274668,0.000334022117783
32.582,2.36152989101,0.0272988345628,0.0120022754706,0.499919332946,0.000333144999224
32.602,2.37152828428,0.0274188495223,0.0120089426501,0.49991937403,0.000332409464068
32.622,2.38152667819,0.0275389335315,0.0120155966098,0.499919396993,0.000331814431229
32.642,2.39152507238,0.0276590865603,0.0120222393723,0.499919401332,0.000331370649263
32.662,2.40152346646,0.0277793085848,0.0120288749898,0.499919386473,0.000331078454857
32.682,2.41152186003,0.0278995995906,0.0120355067362,0.499919352186,0.000330939329449
32.702,2.42152025272,0.0280199595682,0.0120421374611,0.499919298437,0.000330957518582
32.722,2.43151864413,0.0281403885078,0.0120487695899,0.499919225374,0.000331132962194
32.742,2.44151703387,0.0282608864098,0.0120554077933,0.49991913317,0.000331455250252
32.762,2.45151542156,0.0283814532784,0.0120620548306,0.499919021984,0.00033201394087
32.782,2.46151380684,0.0285020891328,0.0120687136212,0.499918893385,0.000332626950965
32.802,2.47151218936,0.0286227939859,0.0120753858665,0.499918748287,0.000333292517077
32.822,2.48151056878,0.0287435678444,0.0120820742324,0.499918586821,0.000334169461749
32.842,2.49150894481,0.028864410726,0.0120887820259,0.499918410544,0.000335162903229
32.862,2.50150731715,0.0289853226568,0.0120955117205,0.499918220836,0.000336262758023
32.882,2.51150568554,0.0291063036721,0.0121022662684,0.499918019116,0.000337459149511
32.902,2.52150404977,0.029227353804,0.0121090467322,0.499917806849,0.000338754495662
32.922,2.53150240964,0.029348473089,0.0121158545412,0.499917586063,0.000340155272143
32.942,2.541500765,0.0294696615717,0.0121226904881,0.499917358986,0.000341477653474
32.962,2.55149911573,0.0295909192827,0.012129556071,0.499917126469,0.000342918961412
32.982,2.56149746175,0.0297122462528,0.0121364512061,0.49991689091,0.000344380061538
33.002,2.57149580302,0.029833642526,0.0121433770854,0.499916654134,0.000345851312318
33.022,2.58149413954,0.0299551081394,0.0121503341092,0.499916417743,0.000347390698413
33.042,2.59149247133,0.0300766431377,0.0121573215986,0.49991618446,0.000348833902251
33.062,2.60149079847,0.0301982475638,0.0121643390915,0.499915956148,0.000350169839671
33.082,2.61148912109,0.0303199214405,0.0121713846146,0.4999157337,0.000351595295997
33.102,2.62148743933,0.0304416648076,0.0121784571195,0.499915520253,0.000352815455978
33.122,2.63148575338,0.0305634776826,0.0121855549379,0.499915316472,0.000354026222039
33.142,2.64148406345,0.0306853600909,0.012192677197,0.499915124263,0.000355144063047
33.162,2.65148236979,0.0308073120571,0.0121998218482,0.499914945171,0.000356156846557
33.182,2.66148067268,0.0309293336025,0.0122069864772,0.499914780587,0.000357055403858
33.202,2.67147897243,0.0310514247417,0.0122141688832,0.499914631369,0.000357896558165
33.222,2.68147726935,0.0311735854939,0.0122213667082,0.499914499242,0.00035853597572
33.242,2.69147556381,0.0312958158677,0.0122285769141,0.499914384483,0.00035910217117
33.262,2.70147385617,0.031418115865,0.0122357949002,0.499914288876,0.000359393902335
33.282,2.71147214679,0.031540485484,0.0122430195808,0.499914211818,0.000359556812485
33.302,2.72147043608,0.0316629246953,0.012250245883,0.499914154066,0.000359653022942
33.322,2.73146872441,0.0317854335023,0.0122574719359,0.499914116046,0.000359490348274
33.342,2.74146701219,0.0319080118714,0.0122646940637,0.499914096824,0.000359299347178
33.362,2.75146529979,0.0320306597835,0.0122719098596,0.49991409703,0.000358894109743
33.382,2.7614635876,0.0321533772103,0.0122791163923,0.499914115655,0.000358400612033
33.402,2.77146187599,0.0322761641222,0.0122863094219,0.499914153084,0.000357646227396
33.422,2.78146016531,0.032399020475,0.0122934871248,0.499914207186,0.000356871847553
33.442,2.79145845591,0.0325219462279,0.0123006454637,0.499914278314,0.000355853643856
33.462,2.80145674811,0.0326449413332,0.0123077829798,0.499914364591,0.000354720390069
33.482,2.81145504219,0.0327680057249,0.0123148961965,0.499914464335,0.000353583303403
33.502,2.82145333843,0.0328911393631,0.0123219842268,0.499914577092,0.000352237916384
33.522,2.83145163705,0.0330143421793,0.0123290441449,0.499914700313,0.000350921048487
33.542,2.84144993827,0.0331376141192,0.0123360750661,0.499914833098,0.000349474201801
33.562,2.85144824225,0.0332609551219,0.0123430753038,0.499914973727,0.000347914030459
33.582,2.86144654913,0.03338436512,0.0123500437184,0.499915119579,0.000346419017524
33.602,2.871444859,0.0335078440497,0.0123569789325,0.499915269852,0.000344788748697
33.622,2.88144317192,0.0336313918438,0.0123638816787,0.49991542173,0.000343194864967
33.642,2.8914414879,0.033755008442,0.0123707515863,0.499915573607,0.000341604539247
33.662,2.90143980693,0.0338786937801,0.0123775889139,0.499915723269,0.000340080084301
33.682,2.91143812895,0.0340024478034,0.0123843940762,0.499915869321,0.000338537011428
33.702,2.92143645385,0.0341262704519,0.0123911677231,0.499916009624,0.000337040930381
33.722,2.9314347815,0.0342501616685,0.0123979110331,0.499916142339,0.000335606206859
33.742,2.94143311174,0.0343741214014,0.0124046255007,0.499916265952,0.000334197294556
33.762,2.95143144436,0.0344981495965,0.012411312355,0.49991637836,0.000332927540263
33.782,2.96142977911,0.0346222462021,0.0124179735403,0.499916478219,0.000331758664448
33.802,2.97142811574,0.0347464111748,0.0124246116965,0.499916564085,0.000330700328225
33.822,2.98142645394,0.0348706444782,0.0124312297489,0.49991663465,0.000329764914018
33.842,2.9914247934,0.0349949460766,0.0124378299589,0.499916688623,0.000329002882706
33.862,3.00142313377,0.0351193159484,0.0124444147035,0.499916725723,0.000328290447711
33.882,3.0114214747,0.035243754063,0.0124509868678,0.499916744445,0.000327768092602
33.902,3.02141981582,0.0353682603999,0.0124575497024,0.499916744383,0.000327394892816
33.922,3.03141815674,0.0354928349492,0.0124641070773,0.499916725042,0.000327177553161
33.942,3.04141649707,0.0356174777005,0.012470661666,0.499916686132,0.000327150421002
33.962,3.05141483642,0.0357421886605,0.0124772168074,0.499916627931,0.000327238411285
33.982,3.06141317439,0.0358669678363,0.012483775866,0.499916550538,0.000327444909811
34.002,3.07141151062,0.0359918152253,0.0124903408484,0.499916454108,0.000327834225275
34.022,3.08140984472,0.0361167308414,0.0124969150512,0.499916339233,0.000328369881464
34.042,3.09140817632,0.0362417147028,0.012503502611,0.499916206318,0.000329089242996
34.062,3.10140650507,0.0363667668342,0.0125101057358,0.4999160568,0.000329901232698
34.082,3.11140483065,0.0364918872653,0.0125167275227,0.499915891491,0.00033083710652
34.102,3.12140315276,0.036617076029,0.0125233703473,0.499915711433,0.000331929024375
34.122,3.13140147111,0.0367423331617,0.0125300355859,0.499915518648,0.000333045616639
34.142,3.14139978545,0.0368676586949,0.0125367251819,0.499915314189,0.0003342557231
34.162,3.15139809558,0.0369930526651,0.0125434417398,0.499915099409,0.000335582431998
34.182,3.1613964013,0.0371185151148,0.0125501864981,0.49991487628,0.000336976205719
34.202,3.17139470245,0.0372440460888,0.012556961064,0.499914646384,0.000338458653351
34.222,3.18139299894,0.0373696456351,0.0125637660723,0.499914411993,0.000339939575393
34.242,3.19139129068,0.0374953138038,0.0125706024197,0.499914174991,0.000341405069667
34.262,3.20138957764,0.0376210506357,0.0125774694931,0.499913936997,0.000342915526223
34.282,3.21138785983,0.0377468561742,0.0125843673683,0.49991370012,0.000344414117024
34.302,3.22138613729,0.0378727304651,0.0125912964723,0.499913466226,0.00034588783984
34.322,3.23138441009,0.037998673551,0.0125982559512,0.499913237093,0.000347358170206
34.342,3.24138267835,0.0381246854763,0.0126052446486,0.499913014946,0.000348738097813
34.362,3.25138094224,0.0382507662805,0.0126122613674,0.499912801381,0.000350049399732
34.382,3.26137920194,0.0383769160007,0.0126193043428,0.499912598167,0.000351254095748
34.402,3.27137745768,0.0385031346649,0.0126263718113,0.499912406711,0.000352413251869
34.422,3.28137570971,0.0386294223081,0.0126334618603,0.49991222883,0.000353406726144
34.442,3.29137395831,0.0387557789526,0.0126405717599,0.499912065488,0.000354322698423
34.462,3.30137220381,0.0388822046132,0.0126476988412,0.499911918105,0.000355105324502
34.482,3.31137044651,0.0390086993076,0.0126548407927,0.499911787618,0.000355755924912
34.502,3.32136868678,0.0391352630455,0.0126619948381,0.499911674929,0.000356264925352
34.522,3.33136692499,0.0392618958333,0.0126691579207,0.499911580743,0.000356627173477
34.542,3.3413651615,0.0393885976724,0.0126763270148,0.499911505558,0.000356838270209
34.562,3.35136339671,0.0395153685584,0.0126834988083,0.499911449703,0.000356897136189
34.582,3.36136163101,0.039642208482,0.0126906703036,0.499911413284,0.000356801232422
34.602,3.37135986478,0.0397691174282,0.012697838182,0.499911396238,0.000356552270603
34.622,3.38135809842,0.039896095378,0.0127049993479,0.499911398289,0.000356153589304
34.642,3.3913563323,0.0400231423053,0.0127121506416,0.499911418995,0.000355605889888
34.662,3.4013545668,0.0401502581813,0.0127192891149,0.499911457642,0.000354919572624
34.682,3.41135280226,0.0402774429712,0.0127264118326,0.499911513533,0.000354093763971
34.702,3.42135103903,0.0404046966361,0.0127335160859,0.499911585578,0.000353143486112
34.722,3.43134927741,0.0405320191332,0.0127405993236,0.499911672633,0.000352092010616
34.742,3.4413475177,0.0406594104186,0.0127476592372,0.499911773458,0.000350911538157
34.762,3.45134576016,0.0407868704431,0.0127546937146,0.499911886699,0.000349605292534
34.782,3.46134400502,0.0409143991533,0.0127617006063,0.499912010508,0.000348248118394
34.802,3.47134225247,0.0410419964889,0.0127686780836,0.499912143406,0.000346814348173
34.822,3.48134050269,0.0411696623958,0.0127756253814,0.499912283529,0.000345325866065
34.842,3.49133875579,0.0412973968173,0.012782541688,0.499912429046,0.000343797288339
34.862,3.50133701186,0.0414251996933,0.0127894260264,0.499912578021,0.00034226372803
34.882,3.51133527097,0.0415530709707,0.0127962778561,0.499912728874,0.000340667436201
34.902,3.52133353311,0.0416810105886,0.01280309717,0.499912879259,0.000339102354519
34.922,3.53133179827,0.0418090184861,0.0128098838762,0.499913027399,0.000337554660828
34.942,3.54133006637,0.0419370946081,0.0128166389043,0.499913171333,0.00033604171647
34.962,3.55132833732,0.0420652389004,0.012823363294,0.499913309186,0.000334577076853
34.982,3.56132661096,0.0421934513133,0.0128300581368,0.499913439147,0.000333179124166
35.002,3.57132488713,0.0423217317969,0.0128367247913,0.499913559476,0.000331857480163
35.022,3.58132316561,0.0424500803064,0.0128433649781,0.499913668586,0.000330624120008
35.042,3.59132144617,0.0425784967987,0.0128499807328,0.499913764837,0.000329513391325
35.062,3.60131972851,0.0427069812393,0.012856574362,0.499913846963,0.000328495216453
35.082,3.61131801236,0.0428355335926,0.0128631478449,0.499913913787,0.000327576634736
35.102,3.62131629739,0.0429641538269,0.0128697041952,0.499913963911,0.000326813683657
35.122,3.63131458325,0.0430928419172,0.0128762460973,0.49991399654,0.000326190229336
35.142,3.64131286957,0.0432215978446,0.0128827767834,0.499914010886,0.000325711703058
35.162,3.651311156,0.0433504215964,0.0128892994399,0.499914006251,0.000325405997012
35.182,3.66130944213,0.0434793131663,0.0128958169713,0.499913982495,0.000325230022114
35.202,3.67130772759,0.043608272555,0.0129023328413,0.499913939353,0.000325189587974
35.222,3.68130601198,0.043737299759,0.012908849585,0.499913876657,0.000325325076186
35.242,3.69129370247,0.0438661923977,0.0129155283094,0.494485401298,0.000111260581253
35.262,3.70101592989,0.0439913354975,0.0129237171566,0.475440970496,0.000513199219168
35.282,3.71033716189,0.0441114813378,0.0129317409753,0.459607321881,0.000587906784522
35.302,3.71925425728,0.0442265003101,0.0129397905398,0.43447746097,0.000122600973712
35.322,3.72777651415,0.0443363829984,0.0129484216577,0.415445255548,0.000517971356406
35.342,3.73589783393,0.0444412175071,0.0129567740343,0.399611667381,0.000624232297254
35.362,3.74361501741,0.0445409110094,0.0129651235066,0.374481899749,0.000128857549768
35.382,3.75093736206,0.044635445255,0.0129740847342,0.355449683767,0.000523849413483
35.402,3.75785876959,0.0447249123521,0.0129827700954,0.339615990219,0.000659947640883
35.422,3.76437604105,0.0448092237037,0.012991424638,0.314486338713,0.000135470471484
35.442,3.77049847381,0.0448883522385,0.0130007197403,0.295454143463,0.000529829299376
35.462,3.77621996985,0.0449623939906,0.0130097328291,0.279620363432,0.000694394496407
35.482,3.78153733045,0.045031264097,0.0130186776548,0.254490841566,0.00014168816886
35.502,3.78645985286,0.0450949270563,0.0130282803021,0.235458683454,0.00053527643742
35.522,3.79098143941,0.0451534825699,0.0130375923642,0.219624889284,0.000726135486547
35.542,3.79509889244,0.0452068493542,0.0130468099704,0.194495460502,0.000147618547509
35.562,3.79882150928,0.045254983974,0.013056712741,0.17546361577,0.000541279870274
35.582,3.80214319176,0.0452979890152,0.0130663242742,0.159629703919,0.000757826597546
35.602,3.8050607416,0.045335787387,0.0130758035508,0.134500197524,0.000152572398121
35.622,3.80758345597,0.0453683276566,0.013085978383,0.115468621059,0.000545764535933
35.642,3.80970523641,0.045395715404,0.0130958430007,0.0996346123649,0.000785196844307
35.662,3.811422885,0.0454178771456,0.0131055335658,0.0745050790189,0.000155984031136
35.682,3.81274569884,0.0454347542283,0.0131159234883,0.0554736765165,0.000548549022098
35.702,3.81366757931,0.0454464550289,0.0131259835859,0.0396396227606,0.000807488251874
35.722,3.8141853287,0.0454529090206,0.0131358310668,0.0145101124375,0.000157796855583
35.742,3.81431690992,0.0454543083001,0.0131456619719,-5.26160004782e-05,0.000373344302108
35.762,3.81431597507,0.0454543256601,0.01315257671,-4.59632150055e-05,0.000336175084432
35.782,3.81431506176,0.0454543146107,0.0131593156208,-4.59721033287e-05,0.000335806355454
35.802,3.81431414815,0.0454543033481,0.0131660529065,-4.59788117512e-05,0.000335795010351
35.822,3.81431323449,0.0454542920749,0.0131727901078,-4.59792988743e-05,0.000335793504582
35.842,3.81431232083,0.0454542807954,0.0131795272904,-4.59791269304e-05,0.00033579281607
35.862,3.81431140717,0.0454542695099,0.0131862644601,-4.59788909058e-05,0.000335792210021
35.882,3.81431049352,0.0454542582183,0.0131930016177,-4.59786490706e-05,0.000335791613668
35.902,3.81430957988,0.0454542469208,0.0131997387631,-4.59784064689e-05,0.000335791020414
35.922,3.81430866623,0.0454542356173,0.0132064758966,-4.59781641562e-05,0.000335790428891
35.942,3.8143077526,0.0454542243078,0.013213213018,-4.5977921981e-05,0.000335789839493
35.962,3.81430683897,0.0454542129923,0.0132199501275,-4.59776800512e-05,0.00033578925195
35.982,3.81430592534,0.0454542016708,0.013226687225,-4.59774384339e-05,0.000335788665786
36.002,3.81430501172,0.0454541903433,0.0132334243107,-4.59771969218e-05,0.00033578808196
36.022,3.8143040981,0.0454541790098,0.0132401613845,-4.5976955467e-05,0.000335787499257
36.042,3.81430318449,0.0454541676704,0.0132468984465,-4.59767143888e-05,0.000335786919016
36.062,3.81430227088,0.0454541563249,0.0132536354967,-4.59764731842e-05,0.000335786340316
36.082,3.81430135728,0.0454541449735,0.0132603725352,-4.59762325045e-05,0.000335785763322
36.102,3.81430044368,0.045454133616,0.013267109562,-4.59759917786e-05,0.000335785188655
36.122,3.81429953009,0.0454541222526,0.013273846577,-4.5975751346e-05,0.000335784615205
36.142,3.8142986165,0.0454541108832,0.0132805835805,-4.59755111051e-05,0.000335784043745
36.162,3.81429770291,0.0454540995077,0.0132873205724,-4.59752711472e-05,0.000335783474745
36.182,3.81429678934,0.0454540881263,0.0132940575527,-4.59750312603e-05,0.000335782906434
36.202,3.81429587576,0.0454540767389,0.0133007945215,-4.59747916041e-05,0.000335782341535
36.222,3.81429496219,0.0454540653455,0.0133075314788,-4.59745521244e-05,0.000335781776997
36.242,3.81429404863,0.0454540539462,0.0133142684246,-4.59743126673e-05,0.000335781214028
36.262,3.81429313507,0.0454540425408,0.013321005359,-4.59740736329e-05,0.000335780653719
36.282,3.81429222152,0.0454540311294,0.0133277422821,-4.59738347029e-05,0.000335780095071
36.302,3.81429130797,0.0454540197121,0.0133344791938,-4.59735959916e-05,0.000335779538254
36.322,3.81429039442,0.0454540082887,0.0133412160942,-4.59733574171e-05,0.000335778983117
36.342,3.81428948088,0.0454539968594,0.0133479529833,-4.59731189612e-05,0.000335778429848
36.362,3.81428856735,0.0454539854241,0.0133546898612,-4.59728807474e-05,0.000335777877928
36.382,3.81428765382,0.0454539739828,0.0133614267278,-4.59726427681e-05,0.000335777328311
36.402,3.81428674029,0.0454539625355,0.0133681635833,-4.59724049729e-05,0.000335776780344
36.422,3.81428582677,0.0454539510822,0.0133749004277,-4.59721671544e-05,0.000335776234093
36.442,3.81428491325,0.0454539396229,0.013381637261,-4.59719299093e-05,0.000335775689357
36.462,3.81428399974,0.0454539281576,0.0133883740832,-4.59716924907e-05,0.000335775146481
36.482,3.81428308623,0.0454539166863,0.0133951108944,-4.59714554187e-05,0.000335774605649
36.502,3.81428217273,0.0454539052091,0.0134018476946,-4.59712184761e-05,0.000335774066592
36.522,3.81428125924,0.0454538937258,0.0134085844839,-4.59709817794e-05,0.00033577352899
36.542,3.81428034574,0.0454538822366,0.0134153212622,-4.59707451516e-05,0.000335772993135
36.562,3.81427943226,0.0454538707413,0.0134220580297,-4.59705089137e-05,0.000335772459004
36.582,3.81427851877,0.0454538592401,0.0134287947863,-4.59702727836e-05,0.000335771926592
36.602,3.81427760529,0.0454538477329,0.013435531532,-4.59700367267e-05,0.000335771396635
36.622,3.81427669182,0.0454538362197,0.013442268267,-4.59698007718e-05,0.000335770867691
36.642,3.81427577835,0.0454538247005,0.0134490049913,-4.59695650574e-05,0.000335770340474
36.662,3.81427486489,0.0454538131753,0.0134557417048,-4.59693296373e-05,0.000335769815024
36.682,3.81427395143,0.0454538016441,0.0134624784077,-4.59690943855e-05,0.000335769291552
36.702,3.81427303797,0.045453790107,0.0134692150999,-4.59688593754e-05,0.000335768769517
36.722,3.81427212452,0.0454537785638,0.0134759517815,-4.59686243186e-05,0.000335768249263
36.742,3.81427121108,0.0454537670147,0.0134826884525,-4.59683895966e-05,0.000335767731127
36.762,3.81427029764,0.0454537554595,0.013489425113,-4.59681550982e-05,0.000335767214287
36.782,3.8142693842,0.0454537438984,0.013496161763,-4.59679207511e-05,0.000335766698921
36.802,3.81426847077,0.0454537323313,0.0135028984025,-4.59676865385e-05,0.000335766185774
36.822,3.81426755735,0.0454537207582,0.0135096350316,-4.59674524391e-05,0.000335765674325
36.842,3.81426664392,0.0454537091791,0.0135163716503,-4.59672186339e-05,0.000335765164385
36.862,3.81426573051,0.045453697594,0.0135231082586,-4.59669849697e-05,0.000335764655871
36.882,3.8142648171,0.0454536860029,0.0135298448566,-4.59667514452e-05,0.000335764149286
36.902,3.81426390369,0.0454536744059,0.0135365814443,-4.59665180951e-05,0.00033576364441
36.922,3.81426299029,0.0454536628028,0.0135433180217,-4.59662850094e-05,0.000335763141097
36.942,3.81426207689,0.0454536511938,0.0135500545888,-4.59660520846e-05,0.000335762639761
36.962,3.81426116349,0.0454536395787,0.0135567911458,-4.59658192667e-05,0.000335762140144
36.982,3.8142602501,0.0454536279577,0.0135635276926,-4.59655867327e-05,0.000335761641812
37.002,3.81425933672,0.0454536163307,0.0135702642293,-4.5965354258e-05,0.000335761145575
37.022,3.81425842334,0.0454536046977,0.0135770007558,-4.59651219102e-05,0.000335760650679
37.042,3.81425750997,0.0454535930587,0.0135837372723,-4.59648899226e-05,0.000335760157347
37.062,3.8142565966,0.0454535814137,0.0135904737788,-4.59646579914e-05,0.000335759666045
37.082,3.81425568323,0.0454535697627,0.0135972102753,-4.59644262724e-05,0.000335759176076
37.102,3.81425476987,0.0454535581058,0.0136039467617,-4.59641946813e-05,0.000335758687755
37.122,3.81425385651,0.0454535464428,0.0136106832383,-4.59639634195e-05,0.000335758201512
37.142,3.81425294316,0.0454535347739,0.013617419705,-4.59637321532e-05,0.000335757716615
37.162,3.81425202982,0.0454535230989,0.0136241561618,-4.59635011713e-05,0.000335757233395
37.182,3.81425111647,0.045453511418,0.0136308926087,-4.59632703288e-05,0.000335756752081
37.202,3.81425020314,0.0454534997311,0.0136376290459,-4.59630396966e-05,0.000335756271793
37.222,3.8142492898,0.0454534880382,0.0136443654733,-4.59628090765e-05,0.000335755793543
37.242,3.81424837648,0.0454534763393,0.0136511018909,-4.59625787801e-05,0.000335755317317
37.262,3.81424746315,0.0454534646344,0.0136578382989,-4.59623485399e-05,0.000335754842083
37.282,3.81424654983,0.0454534529235,0.0136645746971,-4.5962118626e-05,0.00033575436846
37.302,3.81424563652,0.0454534412067,0.0136713110858,-4.59618888472e-05,0.000335753896898
37.322,3.81424472321,0.0454534294838,0.0136780474648,-4.5961659119e-05,0.00033575342622
37.342,3.8142438099,0.045453417755,0.0136847838343,-4.59614297592e-05,0.000335752957958
37.362,3.8142428966,0.0454534060202,0.0136915201942,-4.59612003965e-05,0.000335752490897
37.382,3.81424198331,0.0454533942793,0.0136982565446,-4.59609712765e-05,0.000335752025795
37.402,3.81424107002,0.0454533825325,0.0137049928855,-4.59607424507e-05,0.000335751562215
37.422,3.81424015673,0.0454533707797,0.013711729217,-4.59605134898e-05,0.000335751100085
37.442,3.81423924345,0.045453359021,0.0137184655391,-4.59602850226e-05,0.000335750639463
37.462,3.81423833017,0.0454533472562,0.0137252018518,-4.59600566375e-05,0.00033575018077
37.482,3.8142374169,0.0454533354854,0.0137319381551,-4.59598284337e-05,0.000335749723268
37.502,3.81423650363,0.0454533237087,0.0137386744491,-4.59596004073e-05,0.000335749267591
37.522,3.81423559036,0.0454533119259,0.0137454107339,-4.59593724399e-05,0.000335748813382
37.542,3.8142346771,0.0454533001372,0.0137521470094,-4.59591445576e-05,0.000335748361746
37.562,3.81423376385,0.0454532883425,0.0137588832756,-4.59589170963e-05,0.00033574790999
37.582,3.8142328506,0.0454532765418,0.0137656195327,-4.59586894683e-05,0.000335747460524
37.602,3.81423193735,0.0454532647351,0.0137723557806,-4.59584622231e-05,0.000335747012845
37.622,3.81423102411,0.0454532529224,0.0137790920194,-4.59582351437e-05,0.000335746566561
37.642,3.81423011088,0.0454532411037,0.0137858282491,-4.59580081133e-05,0.000335746122126
37.662,3.81422919765,0.045453229279,0.0137925644697,-4.59577812468e-05,0.000335745678972
37.682,3.81422828442,0.0454532174484,0.0137993006813,-4.59575548531e-05,0.00033574523773
37.702,3.8142273712,0.0454532056118,0.0138060368839,-4.59573285165e-05,0.000335744797694
37.722,3.81422645798,0.0454531937691,0.0138127730775,-4.5957102332e-05,0.000335744359278
37.742,3.81422554476,0.0454531819205,0.0138195092622,-4.5956876161e-05,0.000335743922422
37.762,3.81422463156,0.0454531700659,0.013826245438,-4.59566501908e-05,0.000335743487343
37.782,3.81422371835,0.0454531582053,0.0138329816049,-4.59564246217e-05,0.000335743053766
37.802,3.81422280515,0.0454531463387,0.013839717763,-4.59561989817e-05,0.000335742621375
37.822,3.81422189196,0.0454531344662,0.0138464539122,-4.5955973547e-05,0.000335742190788
37.842,3.81422097876,0.0454531225876,0.0138531900527,-4.59557484538e-05,0.000335741761734
37.862,3.81422006558,0.045453110703,0.0138599261844,-4.59555233374e-05,0.000335741334349
37.882,3.8142191524,0.0454530988125,0.0138666623074,-4.59552984007e-05,0.00033574090819
37.902,3.81421823922,0.045453086916,0.0138733984217,-4.59550738667e-05,0.000335740484045
37.922,3.81421732605,0.0454530750135,0.0138801345273,-4.59548492063e-05,0.000335740061197
37.942,3.81421641288,0.045453063105,0.0138868706244,-4.59546248993e-05,0.000335739639809
37.962,3.81421549971,0.0454530511905,0.0138936067128,-4.5954400625e-05,0.00033573921987
37.982,3.81421458656,0.04545303927,0.0139003427926,-4.59541765123e-05,0.000335738801318
38.002,3.8142136734,0.0454530273435,0.0139070788639,-4.5953952677e-05,0.000335738384475
38.022,3.81421276025,0.0454530154111,0.0139138149267,-4.5953728892e-05,0.000335737968928
38.042,3.8142118471,0.0454530034726,0.013920550981,-4.59535053641e-05,0.000335737555262
38.062,3.81421093396,0.0454529915282,0.0139272870269,-4.59532820132e-05,0.000335737143652
38.082,3.81421002083,0.0454529795778,0.0139340230644,-4.59530586932e-05,0.00033573673179
38.102,3.81420910769,0.0454529676214,0.0139407590934,-4.59528355249e-05,0.000335736323363
38.122,3.81420819457,0.045452955659,0.0139474951141,-4.59526127648e-05,0.000335735915549
38.142,3.81420728144,0.0454529436906,0.0139542311265,-4.5952390068e-05,0.000335735509381
38.162,3.81420636832,0.0454529317162,0.0139609671306,-4.59521673138e-05,0.000335735104203
38.182,3.81420545521,0.0454529197358,0.0139677031265,-4.59519449847e-05,0.00033573470091
38.202,3.8142045421,0.0454529077495,0.013974439114,-4.59517226749e-05,0.000335734299363
