0.01,0.0,0.0,0.4,0.0,0.0,0.0
0.02,0.004,0.0,0.4,0.0,0.0,0.0
0.03,0.008,0.0,0.4,0.0,0.0,0.0
0.04,0.012,0.0,0.4,0.0,0.0,0.0
0.05,0.016,0.0,0.4,0.0,0.0,0.0
0.06,0.02,0.0,0.4,0.0,0.0,0.0
0.07,0.024,0.0,0.4,0.0,0.0,0.0
0.08,0.028,0.0,0.4,0.0,0.0,0.0
0.09,0.032,0.0,0.4,0.0,0.0,0.0
0.1,0.036,0.0,0.4,0.0,0.0,0.0
0.11,0.04,0.0,0.4,0.0,0.0,0.0
0.12,0.044,0.0,0.4,0.0,0.0,0.0
0.13,0.048,0.0,0.4,0.0,0.0,0.0
0.14,0.052,0.0,0.4,0.0,0.0,0.0
0.15,0.056,0.0,0.4,0.0,0.0,0.0
0.16,0.06,0.0,0.4,0.0,0.0,0.0
0.17,0.064,0.0,0.4,0.0,0.0,0.0
0.18,0.068,0.0,0.4,0.0,0.0,0.0
0.19,0.072,0.0,0.4,0.0,0.0,0.0
0.2,0.076,0.0,0.4,0.0,0.0,0.0
0.21,0.08,0.0,0.4,0.0,0.0,0.0
0.22,0.084,0.0,0.4,0.0,0.0,0.0
0.23,0.088,0.0,0.4,0.0,0.0,0.0
0.24,0.092,0.0,0.4,0.0,0.0,0.0
0.25,0.096,0.0,0.4,0.0,0.0,0.0
0.26,0.1,0.0,0.4,0.0,0.0,0.0
0.27,0.104,0.0,0.4,0.0,0.0,0.0
0.28,0.108,0.0,0.4,0.0,0.0,0.0
0.29,0.112,0.0,0.4,0.0,0.0,0.0
0.3,0.116,0.0,0.4,0.0,0.0,0.0
0.31,0.12,0.0,0.4,0.0,0.0,0.0
0.32,0.124,0.0,0.4,0.0,0.0,0.0
0.33,0.128,0.0,0.4,0.0,0.0,0.0
0.34,0.132,0.0,0.4,0.0,0.0,0.0
0.35,0.136,0.0,0.4,0.0,0.0,0.0
0.36,0.14,0.0,0.4,0.0,0.0,0.0
0.37,0.144,0.0,0.4,0.0,0.0,0.0
0.38,0.148,0.0,0.4,0.0,0.0,0.0
0.39,0.152,0.0,0.4,0.0,0.0,0.0
0.4,0.156,0.0,0.4,0.0,0.0,0.0
0.41,0.16,0.0,0.4,0.0,0.0,0.0
0.42,0.164,0.0,0.4,0.0,0.0,0.0
0.43,0.168,0.0,0.4,0.0,0.0,0.0
0.44,0.172,0.0,0.4,0.0,0.0,0.0
0.45,0.176,0.0,0.4,0.0,0.0,0.0
0.46,0.18,0.0,0.4,0.0,0.0,0.0
0.47,0.184,0.0,0.4,0.0,0.0,0.0
0.48,0.188,0.0,0.4,0.0,0.0,0.0
0.49,0.192,0.0,0.4,0.0,0.0,0.0
0.5,0.196,0.0,0.4,0.0,0.0,0.0
0.51,0.2,0.0,0.4,0.0,0.0,0.0
0.52,0.204,0.0,0.4,0.0,0.0,0.0
0.53,0.208,0.0,0.4,0.0,0.0,0.0
0.54,0.212,0.0,0.4,0.0,0.0,0.0
0.55,0.216,0.0,0.4,0.0,0.0,0.0
0.56,0.22,0.0,0.4,0.0,0.0,0.0
0.57,0.224,0.0,0.4,0.0,0.0,0.0
0.58,0.228,0.0,0.4,0.0,0.0,0.0
0.59,0.232,0.0,0.4,0.0,0.0,0.0
0.6,0.236,0.0,0.4,0.0,0.0,0.0
0.61,0.24,0.0,0.4,0.0,0.0,0.0
0.62,0.244,0.0,0.4,0.0,0.0,0.0
0.63,0.248,0.0,0.4,0.0,0.0,0.0
0.64,0.252,0.0,0.4,0.0,0.0,0.0
0.65,0.256,0.0,0.4,0.0,0.0,0.0
0.66,0.26,0.0,0.4,0.0,0.0,0.0
0.67,0.264,0.0,0.4,0.0,0.0,0.0
0.68,0.268,0.0,0.4,0.0,0.0,0.0
0.69,0.272,0.0,0.4,0.0,0.0,0.0
0.7,0.276,0.0,0.4,0.0,0.0,0.0
0.71,0.28,0.0,0.4,0.0,0.0,0.0
0.72,0.284,0.0,0.4,0.0,0.0,0.0
0.73,0.288,0.0,0.4,0.0,0.0,0.0
0.74,0.292,0.0,0.4,0.0,0.0,0.0
0.75,0.296,0.0,0.4,0.0,0.0,0.0
0.76,0.3,0.0,0.4,0.0,0.0,0.0
0.77,0.304,0.0,0.4,0.0,0.0,0.0
0.78,0.308,0.0,0.4,0.0,0.0,0.0
0.79,0.312,0.0,0.4,0.0,0.0,0.0
0.8,0.316,0.0,0.4,0.0,0.0,0.0
0.81,0.32,0.0,0.4,0.0,0.0,0.0
0.82,0.324,0.0,0.4,0.0,0.0,0.0
0.83,0.328,0.0,0.4,0.0,0.0,0.0
0.84,0.332,0.0,0.4,0.0,0.0,0.0
0.85,0.336,0.0,0.4,0.0,0.0,0.0
0.86,0.34,0.0,0.4,0.0,0.0,0.0
0.87,0.344,0.0,0.4,0.0,0.0,0.0
0.88,0.348,0.0,0.4,0.0,0.0,0.0
0.89,0.352,0.0,0.4,0.0,0.0,0.0
0.9,0.356,0.0,0.4,0.0,0.0,0.0
0.91,0.36,0.0,0.4,0.0,0.0,0.0
0.92,0.364,0.0,0.4,0.0,0.0,0.0
0.93,0.368,0.0,0.4,0.0,0.0,0.0
0.94,0.372,0.0,0.4,0.0,0.0,0.0
0.95,0.376,0.0,0.4,0.0,0.0,0.0
0.96,0.38,0.0,0.4,0.0,0.0,0.0
0.97,0.384,0.0,0.4,0.0,0.0,0.0
0.98,0.388,0.0,0.4,0.0,0.0,0.0
0.99,0.392,0.0,0.4,0.0,0.0,0.0
1.0,0.396,0.0,0.4,0.0,0.0,0.0
1.01,0.4,0.0,0.4,0.0,0.0,0.0
1.02,0.404,0.0,0.4,0.0,0.0,0.0
1.03,0.408,0.0,0.4,0.0,0.0,0.0
1.04,0.412,0.0,0.4,0.0,0.0,0.0
1.05,0.416,0.0,0.4,0.0,0.0,0.0
1.06,0.42,0.0,0.4,0.0,0.0,0.0
1.07,0.424,0.0,0.4,0.0,0.0,0.0
1.08,0.428,0.0,0.4,0.0,0.0,0.0
1.09,0.432,0.0,0.4,0.0,0.0,0.0
1.1,0.436,0.0,0.4,0.0,0.0,0.0
1.11,0.44,0.0,0.4,0.0,0.0,0.0
1.12,0.444,0.0,0.4,0.0,0.0,0.0
1.13,0.448,0.0,0.4,0.0,0.0,0.0
1.14,0.452,0.0,0.4,0.0,0.0,0.0
1.15,0.456,0.0,0.4,0.0,0.0,0.0
1.16,0.46,0.0,0.4,0.0,0.0,0.0
1.17,0.464,0.0,0.4,0.0,0.0,0.0
1.18,0.468,0.0,0.4,0.0,0.0,0.0
1.19,0.472,0.0,0.4,0.0,0.0,0.0
1.2,0.476,0.0,0.4,0.0,0.0,0.0
1.21,0.48,0.0,0.4,0.0,0.0,0.0
1.22,0.484,0.0,0.4,0.0,0.0,0.0
1.23,0.488,0.0,0.4,0.0,0.0,0.0
1.24,0.492,0.0,0.4,0.0,0.0,0.0
1.25,0.496,0.0,0.4,0.0,0.0,0.0
1.26,0.5,0.0,0.4,0.0,0.0,0.0
1.27,0.504,0.0,0.4,0.0,0.0,0.0
1.28,0.508,0.0,0.4,0.0,0.0,0.0
1.29,0.512,0.0,0.4,0.0,0.0,0.0
1.3,0.516,0.0,0.4,0.0,0.0,0.0
1.31,0.52,0.0,0.4,0.0,0.0,0.0
1.32,0.524,0.0,0.4,0.0,0.0,0.0
1.33,0.528,0.0,0.4,0.0,0.0,0.0
1.34,0.532,0.0,0.4,0.0,0.0,0.0
1.35,0.536,0.0,0.4,0.0,0.0,0.0
1.36,0.54,0.0,0.4,0.0,0.0,0.0
1.37,0.544,0.0,0.4,0.0,0.0,0.0
1.38,0.548,0.0,0.4,0.0,0.0,0.0
1.39,0.552,0.0,0.4,0.0,0.0,0.0
1.4,0.556,0.0,0.4,0.0,0.0,0.0
1.41,0.56,0.0,0.4,0.0,0.0,0.0
1.42,0.564,0.0,0.4,0.0,0.0,0.0
1.43,0.568,0.0,0.4,0.0,0.0,0.0
1.44,0.572,0.0,0.4,0.0,0.0,0.0
1.45,0.576,0.0,0.4,0.0,0.0,0.0
1.46,0.58,0.0,0.4,0.0,0.0,0.0
1.47,0.584,0.0,0.4,0.0,0.0,0.0
1.48,0.588,0.0,0.4,0.0,0.0,0.0
1.49,0.592,0.0,0.4,0.0,0.0,0.0
1.5,0.596,0.0,0.4,0.0,0.0,0.0
1.51,0.6,0.0,0.4,0.0,0.0,0.0
1.52,0.604,0.0,0.4,0.0,0.0,0.0
1.53,0.608,0.0,0.4,0.0,0.0,0.0
1.54,0.612,0.0,0.4,0.0,0.0,0.0
1.55,0.616,0.0,0.4,0.0,0.0,0.0
1.56,0.62,0.0,0.4,0.0,0.0,0.0
1.57,0.624,0.0,0.4,0.0,0.0,0.0
1.58,0.628,0.0,0.4,0.0,0.0,0.0
1.59,0.632,0.0,0.4,0.0,0.0,0.0
1.6,0.636,0.0,0.4,0.0,0.0,0.0
1.61,0.64,0.0,0.4,0.0,0.0,0.0
1.62,0.644,0.0,0.4,0.0,0.0,0.0
1.63,0.648,0.0,0.4,0.0,0.0,0.0
1.64,0.652,0.0,0.4,0.0,0.0,0.0
1.65,0.656,0.0,0.4,0.0,0.0,0.0
1.66,0.66,0.0,0.4,0.0,0.0,0.0
1.67,0.664,0.0,0.4,0.0,0.0,0.0
1.68,0.668,0.0,0.4,0.0,0.0,0.0
1.69,0.672,0.0,0.4,0.0,0.0,0.0
1.7,0.676,0.0,0.4,0.0,0.0,0.0
1.71,0.68,0.0,0.4,0.0,0.0,0.0
1.72,0.684,0.0,0.4,0.0,0.0,0.0
1.73,0.688,0.0,0.4,0.0,0.0,0.0
1.74,0.692,0.0,0.4,0.0,0.0,0.0
1.75,0.696,0.0,0.4,0.0,0.0,0.0
1.76,0.7,0.0,0.4,0.0,0.0,0.0
1.77,0.704,0.0,0.4,0.0,0.0,0.0
1.78,0.708,0.0,0.4,0.0,0.0,0.0
1.79,0.712,0.0,0.4,0.0,0.0,0.0
1.8,0.716,0.0,0.4,0.0,0.0,0.0
1.81,0.72,0.0,0.4,0.0,0.0,0.0
1.82,0.724,0.0,0.4,0.0,0.0,0.0
1.83,0.728,0.0,0.4,0.0,0.0,0.0
1.84,0.732,0.0,0.4,0.0,0.0,0.0
1.85,0.736,0.0,0.4,0.0,0.0,0.0
1.86,0.74,0.0,0.4,0.0,0.0,0.0
1.87,0.744,0.0,0.4,0.0,0.0,0.0
1.88,0.748,0.0,0.4,0.0,0.0,0.0
1.89,0.752,0.0,0.4,0.0,0.0,0.0
1.9,0.756,0.0,0.4,0.0,0.0,0.0
1.91,0.76,0.0,0.4,0.0,0.0,0.0
1.92,0.764,0.0,0.4,0.0,0.0,0.0
1.93,0.768,0.0,0.4,0.0,0.0,0.0
1.94,0.772,0.0,0.4,0.0,0.0,0.0
1.95,0.776,0.0,0.4,0.0,0.0,0.0
1.96,0.78,0.0,0.4,0.0,0.0,0.0
1.97,0.784,0.0,0.4,0.0,0.0,0.0
1.98,0.788,0.0,0.4,0.0,0.0,0.0
1.99,0.792,0.0,0.4,0.0,0.0,0.0
2.0,0.796,0.0,0.4,0.0,0.0,0.0
2.01,0.8,0.0,0.4,0.0,0.0,0.0
2.02,0.804,0.0,0.4,0.0,0.0,0.0
2.03,0.808,0.0,0.4,0.0,0.0,0.0
2.04,0.812,0.0,0.4,0.0,0.0,0.0
2.05,0.816,0.0,0.4,0.0,0.0,0.0
2.06,0.82,0.0,0.4,0.0,0.0,0.0
2.07,0.824,0.0,0.4,0.0,0.0,0.0
2.08,0.828,0.0,0.4,0.0,0.0,0.0
2.09,0.832,0.0,0.4,0.0,0.0,0.0
2.1,0.836,0.0,0.4,0.0,0.0,0.0
2.11,0.84,0.0,0.4,0.0,0.0,0.0
2.12,0.844,0.0,0.4,0.0,0.0,0.0
2.13,0.848,0.0,0.4,0.0,0.0,0.0
2.14,0.852,0.0,0.4,0.0,0.0,0.0
2.15,0.856,0.0,0.4,0.0,0.0,0.0
2.16,0.86,0.0,0.4,0.0,0.0,0.0
2.17,0.864,0.0,0.4,0.0,0.0,0.0
2.18,0.868,0.0,0.4,0.0,0.0,0.0
2.19,0.872,0.0,0.4,0.0,0.0,0.0
2.2,0.876,0.0,0.4,0.0,0.0,0.0
2.21,0.88,0.0,0.4,0.0,0.0,0.0
2.22,0.884,0.0,0.4,0.0,0.0,0.0
2.23,0.888,0.0,0.4,0.0,0.0,0.0
2.24,0.892,0.0,0.4,0.0,0.0,0.0
2.25,0.896,0.0,0.4,0.0,0.0,0.0
2.26,0.9,0.0,0.4,0.0,0.0,0.0
2.27,0.904,0.0,0.4,0.0,0.0,0.0
2.28,0.908,0.0,0.4,0.0,0.0,0.0
2.29,0.912,0.0,0.4,0.0,0.0,0.0
2.3,0.916,0.0,0.4,0.0,0.0,0.0
2.31,0.92,0.0,0.4,0.0,0.0,0.0
2.32,0.924,0.0,0.4,0.0,0.0,0.0
2.33,0.928,0.0,0.4,0.0,0.0,0.0
2.34,0.932,0.0,0.4,0.0,0.0,0.0
2.35,0.936,0.0,0.4,0.0,0.0,0.0
2.36,0.94,0.0,0.4,0.0,0.0,0.0
2.37,0.944,0.0,0.4,0.0,0.0,0.0
2.38,0.948,0.0,0.4,0.0,0.0,0.0
2.39,0.952,0.0,0.4,0.0,0.0,0.0
2.4,0.956,0.0,0.4,0.0,0.0,0.0
2.41,0.96,0.0,0.4,0.0,0.0,0.0
2.42,0.964,0.0,0.4,0.0,0.0,0.0
2.43,0.968,0.0,0.4,0.0,0.0,0.0
2.44,0.972,0.0,0.4,0.0,0.0,0.0
2.45,0.976,0.0,0.4,0.0,0.0,0.0
2.46,0.98,0.0,0.4,0.0,0.0,0.0
2.47,0.984,0.0,0.4,0.0,0.0,0.0
2.48,0.988,0.0,0.4,0.0,0.0,0.0
2.49,0.992,0.0,0.4,0.0,0.0,0.0
2.5,0.996,0.0,0.4,0.0,0.0,0.0
2.51,1.0,0.0,0.4,0.0,0.0,0.0
2.52,1.004,0.0,0.4,0.0,0.0,0.0
2.53,1.008,0.0,0.4,0.0,0.0,0.0
2.54,1.012,0.0,0.4,0.0,0.0,0.0
2.55,1.016,0.0,0.4,0.0,0.0,0.0
2.56,1.02,0.0,0.4,0.0,0.0,0.0
2.57,1.024,0.0,0.4,0.0,0.0,0.0
2.58,1.028,0.0,0.4,0.0,0.0,0.0
2.59,1.032,0.0,0.4,0.0,0.0,0.0
2.6,1.036,0.0,0.4,0.0,0.0,0.0
2.61,1.04,0.0,0.4,0.0,0.0,0.0
2.62,1.044,0.0,0.4,0.0,0.0,0.0
2.63,1.048,0.0,0.4,0.0,0.0,0.0
2.64,1.052,0.0,0.4,0.0,0.0,0.0
2.65,1.056,0.0,0.4,0.0,0.0,0.0
2.66,1.06,0.0,0.4,0.0,0.0,0.0
2.67,1.064,0.0,0.4,0.0,0.0,0.0
2.68,1.068,0.0,0.4,0.0,0.0,0.0
2.69,1.072,0.0,0.4,0.0,0.0,0.0
2.7,1.076,0.0,0.4,0.0,0.0,0.0
2.71,1.08,0.0,0.4,0.0,0.0,0.0
2.72,1.084,0.0,0.4,0.0,0.0,0.0
2.73,1.088,0.0,0.4,0.0,0.0,0.0
2.74,1.092,0.0,0.4,0.0,0.0,0.0
2.75,1.096,0.0,0.4,0.0,0.0,0.0
2.76,1.1,0.0,0.4,0.0,0.0,0.0
2.77,1.104,0.0,0.4,0.0,0.0,0.0
2.78,1.108,0.0,0.4,0.0,0.0,0.0
2.79,1.112,0.0,0.4,0.0,0.0,0.0
2.8,1.116,0.0,0.4,0.0,0.0,0.0
2.81,1.12,0.0,0.4,0.0,0.0,0.0
2.82,1.124,0.0,0.4,0.0,0.0,0.0
2.83,1.128,0.0,0.4,0.0,0.0,0.0
2.84,1.132,0.0,0.4,0.0,0.0,0.0
2.85,1.136,0.0,0.4,0.0,0.0,0.0
2.86,1.14,0.0,0.4,0.0,0.0,0.0
2.87,1.144,0.0,0.4,0.0,0.0,0.0
2.88,1.148,0.0,0.4,0.0,0.0,0.0
2.89,1.152,0.0,0.4,0.0,0.0,0.0
2.9,1.156,0.0,0.4,0.0,0.0,0.0
2.91,1.16,0.0,0.4,0.0,0.0,0.0
2.92,1.164,0.0,0.4,0.0,0.0,0.0
2.93,1.168,0.0,0.4,0.0,0.0,0.0
2.94,1.172,0.0,0.4,0.0,0.0,0.0
2.95,1.176,0.0,0.4,0.0,0.0,0.0
2.96,1.18,0.0,0.4,0.0,0.0,0.0
2.97,1.184,0.0,0.4,0.0,0.0,0.0
2.98,1.188,0.0,0.4,0.0,0.0,0.0
2.99,1.192,0.0,0.4,0.0,0.0,0.0
3.0,1.196,0.0,0.4,0.0,0.0,0.0
3.01,1.2,0.0,0.4,0.0,0.0,0.0
3.02,1.204,0.0,0.4,0.0,0.0,0.0
3.03,1.208,0.0,0.4,0.0,0.0,0.0
3.04,1.212,0.0,0.4,0.0,0.0,0.0
3.05,1.216,0.0,0.4,0.0,0.0,0.0
3.06,1.22,0.0,0.4,0.0,0.0,0.0
3.07,1.224,0.0,0.4,0.0,0.0,0.0
3.08,1.228,0.0,0.4,0.0,0.0,0.0
3.09,1.232,0.0,0.4,0.0,0.0,0.0
3.1,1.236,0.0,0.4,0.0,0.0,0.0
3.11,1.24,0.0,0.4,0.0,0.0,0.0
3.12,1.244,0.0,0.4,0.0,0.0,0.0
3.13,1.248,0.0,0.4,0.0,0.0,0.0
3.14,1.252,0.0,0.4,0.0,0.0,0.0
3.15,1.256,0.0,0.4,0.0,0.0,0.0
3.16,1.26,0.0,0.4,0.0,0.0,0.0
3.17,1.264,0.0,0.4,0.0,0.0,0.0
3.18,1.268,0.0,0.4,0.0,0.0,0.0
3.19,1.272,0.0,0.4,0.0,0.0,0.0
3.2,1.276,0.0,0.4,0.0,0.0,0.0
3.21,1.28,0.0,0.4,0.0,0.0,0.0
3.22,1.284,0.0,0.4,0.0,0.0,0.0
3.23,1.288,0.0,0.4,0.0,0.0,0.0
3.24,1.292,0.0,0.4,0.0,0.0,0.0
3.25,1.296,0.0,0.4,0.0,0.0,0.0
3.26,1.3,0.0,0.4,0.0,0.0,0.0
3.27,1.304,0.0,0.4,0.0,0.0,0.0
3.28,1.308,0.0,0.4,0.0,0.0,0.0
3.29,1.312,0.0,0.4,0.0,0.0,0.0
3.3,1.316,0.0,0.4,0.0,0.0,0.0
3.31,1.32,0.0,0.4,0.0,0.0,0.0
3.32,1.324,0.0,0.4,0.0,0.0,0.0
3.33,1.328,0.0,0.4,0.0,0.0,0.0
3.34,1.332,0.0,0.4,0.0,0.0,0.0
3.35,1.336,0.0,0.4,0.0,0.0,0.0
3.36,1.34,0.0,0.4,0.0,0.0,0.0
3.37,1.344,0.0,0.4,0.0,0.0,0.0
3.38,1.348,0.0,0.4,0.0,0.0,0.0
3.39,1.352,0.0,0.4,0.0,0.0,0.0
3.4,1.356,0.0,0.4,0.0,0.0,0.0
3.41,1.36,0.0,0.4,0.0,0.0,0.0
3.42,1.364,0.0,0.4,0.0,0.0,0.0
3.43,1.368,0.0,0.4,0.0,0.0,0.0
3.44,1.372,0.0,0.4,0.0,0.0,0.0
3.45,1.376,0.0,0.4,0.0,0.0,0.0
3.46,1.38,0.0,0.4,0.0,0.0,0.0
3.47,1.384,0.0,0.4,0.0,0.0,0.0
3.48,1.388,0.0,0.4,0.0,0.0,0.0
3.49,1.392,0.0,0.4,0.0,0.0,0.0
3.5,1.396,0.0,0.4,0.0,0.0,0.0
3.51,1.4,0.0,0.4,0.0,0.0,0.0
3.52,1.404,0.0,0.4,0.0,0.0,0.0
3.53,1.408,0.0,0.4,0.0,0.0,0.0
3.54,1.412,0.0,0.4,0.0,0.0,0.0
3.55,1.416,0.0,0.4,0.0,0.0,0.0
3.56,1.42,0.0,0.4,0.0,0.0,0.0
3.57,1.424,0.0,0.4,0.0,0.0,0.0
3.58,1.428,0.0,0.4,0.0,0.0,0.0
3.59,1.432,0.0,0.4,0.0,0.0,0.0
3.6,1.436,0.0,0.4,0.0,0.0,0.0
3.61,1.44,0.0,0.4,0.0,0.0,0.0
3.62,1.444,0.0,0.4,0.0,0.0,0.0
3.63,1.448,0.0,0.4,0.0,0.0,0.0
3.64,1.452,0.0,0.4,0.0,0.0,0.0
3.65,1.456,0.0,0.4,0.0,0.0,0.0
3.66,1.46,0.0,0.4,0.0,0.0,0.0
3.67,1.464,0.0,0.4,0.0,0.0,0.0
3.68,1.468,0.0,0.4,0.0,0.0,0.0
3.69,1.472,0.0,0.4,0.0,0.0,0.0
3.7,1.476,0.0,0.4,0.0,0.0,0.0
3.71,1.48,0.0,0.4,0.0,0.0,0.0
3.72,1.484,0.0,0.4,0.0,0.0,0.0
3.73,1.488,0.0,0.4,0.0,0.0,0.0
3.74,1.492,0.0,0.4,0.0,0.0,0.0
3.75,1.496,0.0,0.4,0.0,0.0,0.0
3.76,1.5,0.0,0.4,0.0,0.0,0.0
3.77,1.504,0.0,0.4,0.0,0.0,0.0
3.78,1.508,0.0,0.4,0.0,0.0,0.0
3.79,1.512,0.0,0.4,0.0,0.0,0.0
3.8,1.516,0.0,0.4,0.0,0.0,0.0
3.81,1.52,0.0,0.4,0.0,0.0,0.0
3.82,1.524,0.0,0.4,0.0,0.0,0.0
3.83,1.528,0.0,0.4,0.0,0.0,0.0
3.84,1.532,0.0,0.4,0.0,0.0,0.0
3.85,1.536,0.0,0.4,0.0,0.0,0.0
3.86,1.54,0.0,0.4,0.0,0.0,0.0
3.87,1.544,0.0,0.4,0.0,0.0,0.0
3.88,1.548,0.0,0.4,0.0,0.0,0.0
3.89,1.552,0.0,0.4,0.0,0.0,0.0
3.9,1.556,0.0,0.4,0.0,0.0,0.0
3.91,1.56,0.0,0.4,0.0,0.0,0.0
3.92,1.564,0.0,0.4,0.0,0.0,0.0
3.93,1.568,0.0,0.4,0.0,0.0,0.0
3.94,1.572,0.0,0.4,0.0,0.0,0.0
3.95,1.576,0.0,0.4,0.0,0.0,0.0
3.96,1.58,0.0,0.4,0.0,0.0,0.0
3.97,1.584,0.0,0.4,0.0,0.0,0.0
3.98,1.588,0.0,0.4,0.0,0.0,0.0
3.99,1.592,0.0,0.4,0.0,0.0,0.0
4.0,1.596,0.0,0.4,0.0,0.0,0.0
4.01,1.6,0.0,0.4,0.0,0.0,0.0
4.02,1.604,0.0,0.4,0.0,0.0,0.0
4.03,1.608,0.0,0.4,0.0,0.0,0.0
4.04,1.612,0.0,0.4,0.0,0.0,0.0
4.05,1.616,0.0,0.4,0.0,0.0,0.0
4.06,1.62,0.0,0.4,0.0,0.0,0.0
4.07,1.624,0.0,0.4,0.0,0.0,0.0
4.08,1.628,0.0,0.4,0.0,0.0,0.0
4.09,1.632,0.0,0.4,0.0,0.0,0.0
4.1,1.636,0.0,0.4,0.0,0.0,0.0
4.11,1.64,0.0,0.4,0.0,0.0,0.0
4.12,1.644,0.0,0.4,0.0,0.0,0.0
4.13,1.648,0.0,0.4,0.0,0.0,0.0
4.14,1.652,0.0,0.4,0.0,0.0,0.0
4.15,1.656,0.0,0.4,0.0,0.0,0.0
4.16,1.66,0.0,0.4,0.0,0.0,0.0
4.17,1.664,0.0,0.4,0.0,0.0,0.0
4.18,1.668,0.0,0.4,0.0,0.0,0.0
4.19,1.672,0.0,0.4,0.0,0.0,0.0
4.2,1.676,0.0,0.4,0.0,0.0,0.0
4.21,1.68,0.0,0.4,0.0,0.0,0.0
4.22,1.684,0.0,0.4,0.0,0.0,0.0
4.23,1.688,0.0,0.4,0.0,0.0,0.0
4.24,1.692,0.0,0.4,0.0,0.0,0.0
4.25,1.696,0.0,0.4,0.0,0.0,0.0
4.26,1.7,0.0,0.4,0.0,0.0,0.0
4.27,1.704,0.0,0.4,0.0,0.0,0.0
4.28,1.708,0.0,0.4,0.0,0.0,0.0
4.29,1.712,0.0,0.4,0.0,0.0,0.0
4.3,1.716,0.0,0.4,0.0,0.0,0.0
4.31,1.72,0.0,0.4,0.0,0.0,0.0
4.32,1.724,0.0,0.4,0.0,0.0,0.0
4.33,1.728,0.0,0.4,0.0,0.0,0.0
4.34,1.732,0.0,0.4,0.0,0.0,0.0
4.35,1.736,0.0,0.4,0.0,0.0,0.0
4.36,1.74,0.0,0.4,0.0,0.0,0.0
4.37,1.744,0.0,0.4,0.0,0.0,0.0
4.38,1.748,0.0,0.4,0.0,0.0,0.0
4.39,1.752,0.0,0.4,0.0,0.0,0.0
4.4,1.756,0.0,0.4,0.0,0.0,0.0
4.41,1.76,0.0,0.4,0.0,0.0,0.0
4.42,1.764,0.0,0.4,0.0,0.0,0.0
4.43,1.768,0.0,0.4,0.0,0.0,0.0
4.44,1.772,0.0,0.4,0.0,0.0,0.0
4.45,1.776,0.0,0.4,0.0,0.0,0.0
4.46,1.78,0.0,0.4,0.0,0.0,0.0
4.47,1.784,0.0,0.4,0.0,0.0,0.0
4.48,1.788,0.0,0.4,0.0,0.0,0.0
4.49,1.792,0.0,0.4,0.0,0.0,0.0
4.5,1.796,0.0,0.4,0.0,0.0,0.0
4.51,1.8,0.0,0.4,0.0,0.0,0.0
4.52,1.804,0.0,0.4,0.0,0.0,0.0
4.53,1.808,0.0,0.4,0.0,0.0,0.0
4.54,1.812,0.0,0.4,0.0,0.0,0.0
4.55,1.816,0.0,0.4,0.0,0.0,0.0
4.56,1.82,0.0,0.4,0.0,0.0,0.0
4.57,1.824,0.0,0.4,0.0,0.0,0.0
4.58,1.828,0.0,0.4,0.0,0.0,0.0
4.59,1.832,0.0,0.4,0.0,0.0,0.0
4.6,1.836,0.0,0.4,0.0,0.0,0.0
4.61,1.84,0.0,0.4,0.0,0.0,0.0
4.62,1.844,0.0,0.4,0.0,0.0,0.0
4.63,1.848,0.0,0.4,0.0,0.0,0.0
4.64,1.852,0.0,0.4,0.0,0.0,0.0
4.65,1.856,0.0,0.4,0.0,0.0,0.0
4.66,1.86,0.0,0.4,0.0,0.0,0.0
4.67,1.864,0.0,0.4,0.0,0.0,0.0
4.68,1.868,0.0,0.4,0.0,0.0,0.0
4.69,1.872,0.0,0.4,0.0,0.0,0.0
4.7,1.876,0.0,0.4,0.0,0.0,0.0
4.71,1.88,0.0,0.4,0.0,0.0,0.0
4.72,1.884,0.0,0.4,0.0,0.0,0.0
4.73,1.888,0.0,0.4,0.0,0.0,0.0
4.74,1.892,0.0,0.4,0.0,0.0,0.0
4.75,1.896,0.0,0.4,0.0,0.0,0.0
4.76,1.9,0.0,0.4,0.0,0.0,0.0
4.77,1.904,0.0,0.4,0.0,0.0,0.0
4.78,1.908,0.0,0.4,0.0,0.0,0.0
4.79,1.912,0.0,0.4,0.0,0.0,0.0
4.8,1.916,0.0,0.4,0.0,0.0,0.0
4.81,1.92,0.0,0.4,0.0,0.0,0.0
4.82,1.924,0.0,0.4,0.0,0.0,0.0
4.83,1.928,0.0,0.4,0.0,0.0,0.0
4.84,1.932,0.0,0.4,0.0,0.0,0.0
4.85,1.936,0.0,0.4,0.0,0.0,0.0
4.86,1.94,0.0,0.4,0.0,0.0,0.0
4.87,1.944,0.0,0.4,0.0,0.0,0.0
4.88,1.948,0.0,0.4,0.0,0.0,0.0
4.89,1.952,0.0,0.4,0.0,0.0,0.0
4.9,1.956,0.0,0.4,0.0,0.0,0.0
4.91,1.96,0.0,0.4,0.0,0.0,0.0
4.92,1.964,0.0,0.4,0.0,0.0,0.0
4.93,1.968,0.0,0.4,0.0,0.0,0.0
4.94,1.972,0.0,0.4,0.0,0.0,0.0
4.95,1.976,0.0,0.4,0.0,0.0,0.0
4.96,1.98,0.0,0.4,0.0,0.0,0.0
4.97,1.984,0.0,0.4,0.0,0.0,0.0
4.98,1.988,0.0,0.4,0.0,0.0,0.0
4.99,1.992,0.0,0.4,0.0,0.0,0.0
5.0,1.996,0.0,0.4,0.0,0.0,0.0
5.01,2.0,0.0,0.4,0.0,0.0,0.0
5.02,2.004,0.0,0.4,0.0,0.0,0.0
5.03,2.008,0.0,0.4,0.0,0.0,0.0
5.04,2.012,0.0,0.4,0.0,0.0,0.0
5.05,2.016,0.0,0.4,0.0,0.0,0.0
5.06,2.02,0.0,0.4,0.0,0.0,0.0
5.07,2.024,0.0,0.4,0.0,0.0,0.0
5.08,2.028,0.0,0.4,0.0,0.0,0.0
5.09,2.032,0.0,0.4,0.0,0.0,0.0
5.1,2.036,0.0,0.4,0.0,0.0,0.0
5.11,2.04,0.0,0.4,0.0,0.0,0.0
5.12,2.044,0.0,0.4,0.0,0.0,0.0
5.13,2.048,0.0,0.4,0.0,0.0,0.0
5.14,2.052,0.0,0.4,0.0,0.0,0.0
5.15,2.056,0.0,0.4,0.0,0.0,0.0
5.16,2.06,0.0,0.4,0.0,0.0,0.0
5.17,2.064,0.0,0.4,0.0,0.0,0.0
5.18,2.068,0.0,0.4,0.0,0.0,0.0
5.19,2.072,0.0,0.4,0.0,0.0,0.0
5.2,2.076,0.0,0.4,0.0,0.0,0.0
5.21,2.08,0.0,0.4,0.0,0.0,0.0
5.22,2.084,0.0,0.4,0.0,0.0,0.0
5.23,2.088,0.0,0.4,0.0,0.0,0.0
5.24,2.092,0.0,0.4,0.0,0.0,0.0
5.25,2.096,0.0,0.4,0.0,0.0,0.0
5.26,2.1,0.0,0.4,0.0,0.0,0.0
5.27,2.104,0.0,0.4,0.0,0.0,0.0
5.28,2.108,0.0,0.4,0.0,0.0,0.0
5.29,2.112,0.0,0.4,0.0,0.0,0.0
5.3,2.116,0.0,0.4,0.0,0.0,0.0
5.31,2.12,0.0,0.4,0.0,0.0,0.0
5.32,2.124,0.0,0.4,0.0,0.0,0.0
5.33,2.128,0.0,0.4,0.0,0.0,0.0
5.34,2.132,0.0,0.4,0.0,0.0,0.0
5.35,2.136,0.0,0.4,0.0,0.0,0.0
5.36,2.14,0.0,0.4,0.0,0.0,0.0
5.37,2.144,0.0,0.4,0.0,0.0,0.0
5.38,2.148,0.0,0.4,0.0,0.0,0.0
5.39,2.152,0.0,0.4,0.0,0.0,0.0
5.4,2.156,0.0,0.4,0.0,0.0,0.0
5.41,2.16,0.0,0.4,0.0,0.0,0.0
5.42,2.164,0.0,0.4,0.0,0.0,0.0
5.43,2.168,0.0,0.4,0.0,0.0,0.0
5.44,2.172,0.0,0.4,0.0,0.0,0.0
5.45,2.176,0.0,0.4,0.0,0.0,0.0
5.46,2.18,0.0,0.4,0.0,0.0,0.0
5.47,2.184,0.0,0.4,0.0,0.0,0.0
5.48,2.188,0.0,0.4,0.0,0.0,0.0
5.49,2.192,0.0,0.4,0.0,0.0,0.0
5.5,2.196,0.0,0.4,0.0,0.0,0.0
5.51,2.2,0.0,0.4,0.0,0.0,0.0
5.52,2.204,0.0,0.4,0.0,0.0,0.0
5.53,2.208,0.0,0.4,0.0,0.0,0.0
5.54,2.212,0.0,0.4,0.0,0.0,0.0
5.55,2.216,0.0,0.4,0.0,0.0,0.0
5.56,2.22,0.0,0.4,0.0,0.0,0.0
5.57,2.224,0.0,0.4,0.0,0.0,0.0
5.58,2.228,0.0,0.4,0.0,0.0,0.0
5.59,2.232,0.0,0.4,0.0,0.0,0.0
5.6,2.236,0.0,0.4,0.0,0.0,0.0
5.61,2.24,0.0,0.4,0.0,0.0,0.0
5.62,2.244,0.0,0.4,0.0,0.0,0.0
5.63,2.248,0.0,0.4,0.0,0.0,0.0
5.64,2.252,0.0,0.4,0.0,0.0,0.0
5.65,2.256,0.0,0.4,0.0,0.0,0.0
5.66,2.26,0.0,0.4,0.0,0.0,0.0
5.67,2.264,0.0,0.4,0.0,0.0,0.0
5.68,2.268,0.0,0.4,0.0,0.0,0.0
5.69,2.272,0.0,0.4,0.0,0.0,0.0
5.7,2.276,0.0,0.4,0.0,0.0,0.0
5.71,2.28,0.0,0.4,0.0,0.0,0.0
5.72,2.284,0.0,0.4,0.0,0.0,0.0
5.73,2.288,0.0,0.4,0.0,0.0,0.0
5.74,2.292,0.0,0.4,0.0,0.0,0.0
5.75,2.296,0.0,0.4,0.0,0.0,0.0
5.76,2.3,0.0,0.4,0.0,0.0,0.0
5.77,2.304,0.0,0.4,0.0,0.0,0.0
5.78,2.308,0.0,0.4,0.0,0.0,0.0
5.79,2.312,0.0,0.4,0.0,0.0,0.0
5.8,2.316,0.0,0.4,0.0,0.0,0.0
5.81,2.32,0.0,0.4,0.0,0.0,0.0
5.82,2.324,0.0,0.4,0.0,0.0,0.0
5.83,2.328,0.0,0.4,0.0,0.0,0.0
5.84,2.332,0.0,0.4,0.0,0.0,0.0
5.85,2.336,0.0,0.4,0.0,0.0,0.0
5.86,2.34,0.0,0.4,0.0,0.0,0.0
5.87,2.344,0.0,0.4,0.0,0.0,0.0
5.88,2.348,0.0,0.4,0.0,0.0,0.0
5.89,2.352,0.0,0.4,0.0,0.0,0.0
5.9,2.356,0.0,0.4,0.0,0.0,0.0
5.91,2.36,0.0,0.4,0.0,0.0,0.0
5.92,2.364,0.0,0.4,0.0,0.0,0.0
5.93,2.368,0.0,0.4,0.0,0.0,0.0
5.94,2.372,0.0,0.4,0.0,0.0,0.0
5.95,2.376,0.0,0.4,0.0,0.0,0.0
5.96,2.38,0.0,0.4,0.0,0.0,0.0
5.97,2.384,0.0,0.4,0.0,0.0,0.0
5.98,2.388,0.0,0.4,0.0,0.0,0.0
5.99,2.392,0.0,0.4,0.0,0.0,0.0
6.0,2.396,0.0,0.4,0.0,0.0,0.0
6.01,2.4,0.0,0.4,0.0,0.0,0.0
6.02,2.404,0.0,0.4,0.0,0.0,0.0
6.03,2.408,0.0,0.4,0.0,0.0,0.0
6.04,2.412,0.0,0.4,0.0,0.0,0.0
6.05,2.416,0.0,0.4,0.0,0.0,0.0
6.06,2.42,0.0,0.4,0.0,0.0,0.0
6.07,2.424,0.0,0.4,0.0,0.0,0.0
6.08,2.428,0.0,0.4,0.0,0.0,0.0
6.09,2.432,0.0,0.4,0.0,0.0,0.0
6.1,2.436,0.0,0.4,0.0,0.0,0.0
6.11,2.44,0.0,0.4,0.0,0.0,0.0
6.12,2.444,0.0,0.4,0.0,0.0,0.0
6.13,2.448,0.0,0.4,0.0,0.0,0.0
6.14,2.452,0.0,0.4,0.0,0.0,0.0
6.15,2.456,0.0,0.4,0.0,0.0,0.0
6.16,2.46,0.0,0.4,0.0,0.0,0.0
6.17,2.464,0.0,0.4,0.0,0.0,0.0
6.18,2.468,0.0,0.4,0.0,0.0,0.0
6.19,2.472,0.0,0.4,0.0,0.0,0.0
6.2,2.476,0.0,0.4,0.0,0.0,0.0
6.21,2.48,0.0,0.4,0.0,0.0,0.0
6.22,2.484,0.0,0.4,0.0,0.0,0.0
6.23,2.488,0.0,0.4,0.0,0.0,0.0
6.24,2.492,0.0,0.4,0.0,0.0,0.0
6.25,2.496,0.0,0.4,0.0,0.0,0.0
6.26,2.5,0.0,0.4,0.0,0.0,0.0
6.27,2.504,0.0,0.4,0.0,0.0,0.0
6.28,2.508,0.0,0.4,0.0,0.0,0.0
6.29,2.512,0.0,0.4,0.0,0.0,0.0
6.3,2.516,0.0,0.4,0.0,0.0,0.0
6.31,2.52,0.0,0.4,0.0,0.0,0.0
6.32,2.524,0.0,0.4,0.0,0.0,0.0
6.33,2.528,0.0,0.4,0.0,0.0,0.0
6.34,2.532,0.0,0.4,0.0,0.0,0.0
6.35,2.536,0.0,0.4,0.0,0.0,0.0
6.36,2.54,0.0,0.4,0.0,0.0,0.0
6.37,2.544,0.0,0.4,0.0,0.0,0.0
6.38,2.548,0.0,0.4,0.0,0.0,0.0
6.39,2.552,0.0,0.4,0.0,0.0,0.0
6.4,2.556,0.0,0.4,0.0,0.0,0.0
6.41,2.56,0.0,0.4,0.0,0.0,0.0
6.42,2.564,0.0,0.4,0.0,0.0,0.0
6.43,2.568,0.0,0.4,0.0,0.0,0.0
6.44,2.572,0.0,0.4,0.0,0.0,0.0
6.45,2.576,0.0,0.4,0.0,0.0,0.0
6.46,2.58,0.0,0.4,0.0,0.0,0.0
6.47,2.584,0.0,0.4,0.0,0.0,0.0
6.48,2.588,0.0,0.4,0.0,0.0,0.0
6.49,2.592,0.0,0.4,0.0,0.0,0.0
6.5,2.596,0.0,0.4,0.0,0.0,0.0
6.51,2.6,0.0,0.4,0.0,0.0,0.0
6.52,2.604,0.0,0.4,0.0,0.0,0.0
6.53,2.608,0.0,0.4,0.0,0.0,0.0
6.54,2.612,0.0,0.4,0.0,0.0,0.0
6.55,2.616,0.0,0.4,0.0,0.0,0.0
6.56,2.62,0.0,0.4,0.0,0.0,0.0
6.57,2.624,0.0,0.4,0.0,0.0,0.0
6.58,2.628,0.0,0.4,0.0,0.0,0.0
6.59,2.632,0.0,0.4,0.0,0.0,0.0
6.6,2.636,0.0,0.4,0.0,0.0,0.0
6.61,2.64,0.0,0.4,0.0,0.0,0.0
6.62,2.644,0.0,0.4,0.0,0.0,0.0
6.63,2.648,0.0,0.4,0.0,0.0,0.0
6.64,2.652,0.0,0.4,0.0,0.0,0.0
6.65,2.656,0.0,0.4,0.0,0.0,0.0
6.66,2.66,0.0,0.4,0.0,0.0,0.0
6.67,2.664,0.0,0.4,0.0,0.0,0.0
6.68,2.668,0.0,0.4,0.0,0.0,0.0
6.69,2.672,0.0,0.4,0.0,0.0,0.0
6.7,2.676,0.0,0.4,0.0,0.0,0.0
6.71,2.68,0.0,0.4,0.0,0.0,0.0
6.72,2.684,0.0,0.4,0.0,0.0,0.0
6.73,2.688,0.0,0.4,0.0,0.0,0.0
6.74,2.692,0.0,0.4,0.0,0.0,0.0
6.75,2.696,0.0,0.4,0.0,0.0,0.0
6.76,2.7,0.0,0.4,0.0,0.0,0.0
6.77,2.704,0.0,0.4,0.0,0.0,0.0
6.78,2.708,0.0,0.4,0.0,0.0,0.0
6.79,2.712,0.0,0.4,0.0,0.0,0.0
6.8,2.716,0.0,0.4,0.0,0.0,0.0
6.81,2.72,0.0,0.4,0.0,0.0,0.0
6.82,2.724,0.0,0.4,0.0,0.0,0.0
6.83,2.728,0.0,0.4,0.0,0.0,0.0
6.84,2.732,0.0,0.4,0.0,0.0,0.0
6.85,2.736,0.0,0.4,0.0,0.0,0.0
6.86,2.74,0.0,0.4,0.0,0.0,0.0
6.87,2.744,0.0,0.4,0.0,0.0,0.0
6.88,2.748,0.0,0.4,0.0,0.0,0.0
6.89,2.752,0.0,0.4,0.0,0.0,0.0
6.9,2.756,0.0,0.4,0.0,0.0,0.0
6.91,2.76,0.0,0.4,0.0,0.0,0.0
6.92,2.764,0.0,0.4,0.0,0.0,0.0
6.93,2.768,0.0,0.4,0.0,0.0,0.0
6.94,2.772,0.0,0.4,0.0,0.0,0.0
6.95,2.776,0.0,0.4,0.0,0.0,0.0
6.96,2.78,0.0,0.4,0.0,0.0,0.0
6.97,2.784,0.0,0.4,0.0,0.0,0.0
6.98,2.788,0.0,0.4,0.0,0.0,0.0
6.99,2.792,0.0,0.4,0.0,0.0,0.0
7.0,2.796,0.0,0.4,0.0,0.0,0.0
7.01,2.8,0.0,0.4,0.0,0.0,0.0
7.02,2.804,0.0,0.4,0.0,0.0,0.0
7.03,2.808,0.0,0.4,0.0,0.0,0.0
7.04,2.812,0.0,0.4,0.0,0.0,0.0
7.05,2.816,0.0,0.4,0.0,0.0,0.0
7.06,2.82,0.0,0.4,0.0,0.0,0.0
7.07,2.824,0.0,0.4,0.0,0.0,0.0
7.08,2.828,0.0,0.4,0.0,0.0,0.0
7.09,2.832,0.0,0.4,0.0,0.0,0.0
7.1,2.836,0.0,0.4,0.0,0.0,0.0
7.11,2.84,0.0,0.4,0.0,0.0,0.0
7.12,2.844,0.0,0.4,0.0,0.0,0.0
7.13,2.848,0.0,0.4,0.0,0.0,0.0
7.14,2.852,0.0,0.4,0.0,0.0,0.0
7.15,2.856,0.0,0.4,0.0,0.0,0.0
7.16,2.86,0.0,0.4,0.0,0.0,0.0
7.17,2.864,0.0,0.4,0.0,0.0,0.0
7.18,2.868,0.0,0.4,0.0,0.0,0.0
7.19,2.872,0.0,0.4,0.0,0.0,0.0
7.2,2.876,0.0,0.4,0.0,0.0,0.0
7.21,2.88,0.0,0.4,0.0,0.0,0.0
7.22,2.884,0.0,0.4,0.0,0.0,0.0
7.23,2.888,0.0,0.4,0.0,0.0,0.0
7.24,2.892,0.0,0.4,0.0,0.0,0.0
7.25,2.896,0.0,0.4,0.0,0.0,0.0
7.26,2.9,0.0,0.4,0.0,0.0,0.0
7.27,2.904,0.0,0.4,0.0,0.0,0.0
7.28,2.908,0.0,0.4,0.0,0.0,0.0
7.29,2.912,0.0,0.4,0.0,0.0,0.0
7.3,2.916,0.0,0.4,0.0,0.0,0.0
7.31,2.92,0.0,0.4,0.0,0.0,0.0
7.32,2.924,0.0,0.4,0.0,0.0,0.0
7.33,2.928,0.0,0.4,0.0,0.0,0.0
7.34,2.932,0.0,0.4,0.0,0.0,0.0
7.35,2.936,0.0,0.4,0.0,0.0,0.0
7.36,2.94,0.0,0.4,0.0,0.0,0.0
7.37,2.944,0.0,0.4,0.0,0.0,0.0
7.38,2.948,0.0,0.4,0.0,0.0,0.0
7.39,2.952,0.0,0.4,0.0,0.0,0.0
7.4,2.956,0.0,0.4,0.0,0.0,0.0
7.41,2.96,0.0,0.4,0.0,0.0,0.0
7.42,2.964,0.0,0.4,0.0,0.0,0.0
7.43,2.968,0.0,0.4,0.0,0.0,0.0
7.44,2.972,0.0,0.4,0.0,0.0,0.0
7.45,2.976,0.0,0.4,0.0,0.0,0.0
7.46,2.98,0.0,0.4,0.0,0.0,0.0
7.47,2.984,0.0,0.4,0.0,0.0,0.0
7.48,2.988,0.0,0.4,0.0,0.0,0.0
7.49,2.992,0.0,0.4,0.0,0.0,0.0
7.5,2.996,0.0,0.4,0.0,0.0,0.0
7.51,3.0,0.0,0.4,0.0,0.0,0.0
7.52,3.004,0.0,0.4,0.0,0.0,0.0
7.53,3.008,0.0,0.4,0.0,0.0,0.0
7.54,3.012,0.0,0.4,0.0,0.0,0.0
7.55,3.016,0.0,0.4,0.0,0.0,0.0
7.56,3.02,0.0,0.4,0.0,0.0,0.0
7.57,3.024,0.0,0.4,0.0,0.0,0.0
7.58,3.028,0.0,0.4,0.0,0.0,0.0
7.59,3.032,0.0,0.4,0.0,0.0,0.0
7.6,3.036,0.0,0.4,0.0,0.0,0.0
7.61,3.04,0.0,0.4,0.0,0.0,0.0
7.62,3.044,0.0,0.4,0.0,0.0,0.0
7.63,3.048,0.0,0.4,0.0,0.0,0.0
7.64,3.052,0.0,0.4,0.0,0.0,0.0
7.65,3.056,0.0,0.4,0.0,0.0,0.0
7.66,3.06,0.0,0.4,0.0,0.0,0.0
7.67,3.064,0.0,0.4,0.0,0.0,0.0
7.68,3.068,0.0,0.4,0.0,0.0,0.0
7.69,3.072,0.0,0.4,0.0,0.0,0.0
7.7,3.076,0.0,0.4,0.0,0.0,0.0
7.71,3.08,0.0,0.4,0.0,0.0,0.0
7.72,3.084,0.0,0.4,0.0,0.0,0.0
7.73,3.088,0.0,0.4,0.0,0.0,0.0
7.74,3.092,0.0,0.4,0.0,0.0,0.0
7.75,3.096,0.0,0.4,0.0,0.0,0.0
7.76,3.1,0.0,0.4,0.0,0.0,0.0
7.77,3.104,0.0,0.4,0.0,0.0,0.0
7.78,3.108,0.0,0.4,0.0,0.0,0.0
7.79,3.112,0.0,0.4,0.0,0.0,0.0
7.8,3.116,0.0,0.4,0.0,0.0,0.0
7.81,3.12,0.0,0.4,0.0,0.0,0.0
7.82,3.124,0.0,0.4,0.0,0.0,0.0
7.83,3.128,0.0,0.4,0.0,0.0,0.0
7.84,3.132,0.0,0.4,0.0,0.0,0.0
7.85,3.136,0.0,0.4,0.0,0.0,0.0
7.86,3.14,0.0,0.4,0.0,0.0,0.0
7.87,3.144,0.0,0.4,0.0,0.0,0.0
7.88,3.148,0.0,0.4,0.0,0.0,0.0
7.89,3.152,0.0,0.4,0.0,0.0,0.0
7.9,3.156,0.0,0.4,0.0,0.0,0.0
7.91,3.16,0.0,0.4,0.0,0.0,0.0
7.92,3.164,0.0,0.4,0.0,0.0,0.0
7.93,3.168,0.0,0.4,0.0,0.0,0.0
7.94,3.172,0.0,0.4,0.0,0.0,0.0
7.95,3.176,0.0,0.4,0.0,0.0,0.0
7.96,3.18,0.0,0.4,0.0,0.0,0.0
7.97,3.184,0.0,0.4,0.0,0.0,0.0
7.98,3.188,0.0,0.4,0.0,0.0,0.0
7.99,3.192,0.0,0.4,0.0,0.0,0.0
8.0,3.196,0.0,0.4,0.0,0.0,0.0
8.01,3.2,0.0,0.4,0.0,0.0,0.0
8.02,3.204,0.0,0.4,0.0,0.0,0.0
8.03,3.208,0.0,0.4,0.0,0.0,0.0
8.04,3.212,0.0,0.4,0.0,0.0,0.0
8.05,3.216,0.0,0.4,0.0,0.0,0.0
8.06,3.22,0.0,0.4,0.0,0.0,0.0
8.07,3.224,0.0,0.4,0.0,0.0,0.0
8.08,3.228,0.0,0.4,0.0,0.0,0.0
8.09,3.232,0.0,0.4,0.0,0.0,0.0
8.1,3.236,0.0,0.4,0.0,0.0,0.0
8.11,3.24,0.0,0.4,0.0,0.0,0.0
8.12,3.244,0.0,0.4,0.0,0.0,0.0
8.13,3.248,0.0,0.4,0.0,0.0,0.0
8.14,3.252,0.0,0.4,0.0,0.0,0.0
8.15,3.256,0.0,0.4,0.0,0.0,0.0
8.16,3.26,0.0,0.4,0.0,0.0,0.0
8.17,3.264,0.0,0.4,0.0,0.0,0.0
8.18,3.268,0.0,0.4,0.0,0.0,0.0
8.19,3.272,0.0,0.4,0.0,0.0,0.0
8.2,3.276,0.0,0.4,0.0,0.0,0.0
8.21,3.28,0.0,0.4,0.0,0.0,0.0
8.22,3.284,0.0,0.4,0.0,0.0,0.0
8.23,3.288,0.0,0.4,0.0,0.0,0.0
8.24,3.292,0.0,0.4,0.0,0.0,0.0
8.25,3.296,0.0,0.4,0.0,0.0,0.0
8.26,3.3,0.0,0.4,0.0,0.0,0.0
8.27,3.304,0.0,0.4,0.0,0.0,0.0
8.28,3.308,0.0,0.4,0.0,0.0,0.0
8.29,3.312,0.0,0.4,0.0,0.0,0.0
8.3,3.316,0.0,0.4,0.0,0.0,0.0
8.31,3.32,0.0,0.4,0.0,0.0,0.0
8.32,3.324,0.0,0.4,0.0,0.0,0.0
8.33,3.328,0.0,0.4,0.0,0.0,0.0
8.34,3.332,0.0,0.4,0.0,0.0,0.0
8.35,3.336,0.0,0.4,0.0,0.0,0.0
8.36,3.34,0.0,0.4,0.0,0.0,0.0
8.37,3.344,0.0,0.4,0.0,0.0,0.0
8.38,3.348,0.0,0.4,0.0,0.0,0.0
8.39,3.352,0.0,0.4,0.0,0.0,0.0
8.4,3.356,0.0,0.4,0.0,0.0,0.0
8.41,3.36,0.0,0.4,0.0,0.0,0.0
8.42,3.364,0.0,0.4,0.0,0.0,0.0
8.43,3.368,0.0,0.4,0.0,0.0,0.0
8.44,3.372,0.0,0.4,0.0,0.0,0.0
8.45,3.376,0.0,0.4,0.0,0.0,0.0
8.46,3.38,0.0,0.4,0.0,0.0,0.0
8.47,3.384,0.0,0.4,0.0,0.0,0.0
8.48,3.388,0.0,0.4,0.0,0.0,0.0
8.49,3.392,0.0,0.4,0.0,0.0,0.0
8.5,3.396,0.0,0.4,0.0,0.0,0.0
8.51,3.4,0.0,0.4,0.0,0.0,0.0
8.52,3.404,0.0,0.4,0.0,0.0,0.0
8.53,3.408,0.0,0.4,0.0,0.0,0.0
8.54,3.412,0.0,0.4,0.0,0.0,0.0
8.55,3.416,0.0,0.4,0.0,0.0,0.0
8.56,3.42,0.0,0.4,0.0,0.0,0.0
8.57,3.424,0.0,0.4,0.0,0.0,0.0
8.58,3.428,0.0,0.4,0.0,0.0,0.0
8.59,3.432,0.0,0.4,0.0,0.0,0.0
8.6,3.436,0.0,0.4,0.0,0.0,0.0
8.61,3.44,0.0,0.4,0.0,0.0,0.0
8.62,3.444,0.0,0.4,0.0,0.0,0.0
8.63,3.448,0.0,0.4,0.0,0.0,0.0
8.64,3.452,0.0,0.4,0.0,0.0,0.0
8.65,3.456,0.0,0.4,0.0,0.0,0.0
8.66,3.46,0.0,0.4,0.0,0.0,0.0
8.67,3.464,0.0,0.4,0.0,0.0,0.0
8.68,3.468,0.0,0.4,0.0,0.0,0.0
8.69,3.472,0.0,0.4,0.0,0.0,0.0
8.7,3.476,0.0,0.4,0.0,0.0,0.0
8.71,3.48,0.0,0.4,0.0,0.0,0.0
8.72,3.484,0.0,0.4,0.0,0.0,0.0
8.73,3.488,0.0,0.4,0.0,0.0,0.0
8.74,3.492,0.0,0.4,0.0,0.0,0.0
8.75,3.496,0.0,0.4,0.0,0.0,0.0
8.76,3.5,0.0,0.4,0.0,0.0,0.0
8.77,3.504,0.0,0.4,0.0,0.0,0.0
8.78,3.508,0.0,0.4,0.0,0.0,0.0
8.79,3.512,0.0,0.4,0.0,0.0,0.0
8.8,3.516,0.0,0.4,0.0,0.0,0.0
8.81,3.52,0.0,0.4,0.0,0.0,0.0
8.82,3.524,0.0,0.4,0.0,0.0,0.0
8.83,3.528,0.0,0.4,0.0,0.0,0.0
8.84,3.532,0.0,0.4,0.0,0.0,0.0
8.85,3.536,0.0,0.4,0.0,0.0,0.0
8.86,3.54,0.0,0.4,0.0,0.0,0.0
8.87,3.544,0.0,0.4,0.0,0.0,0.0
8.88,3.548,0.0,0.4,0.0,0.0,0.0
8.89,3.552,0.0,0.4,0.0,0.0,0.0
8.9,3.556,0.0,0.4,0.0,0.0,0.0
8.91,3.56,0.0,0.4,0.0,0.0,0.0
8.92,3.564,0.0,0.4,0.0,0.0,0.0
8.93,3.568,0.0,0.4,0.0,0.0,0.0
8.94,3.572,0.0,0.4,0.0,0.0,0.0
8.95,3.576,0.0,0.4,0.0,0.0,0.0
8.96,3.58,0.0,0.4,0.0,0.0,0.0
8.97,3.584,0.0,0.4,0.0,0.0,0.0
8.98,3.588,0.0,0.4,0.0,0.0,0.0
8.99,3.592,0.0,0.4,0.0,0.0,0.0
9.0,3.596,0.0,0.4,0.0,0.0,0.0
9.01,3.6,0.0,0.4,0.0,0.0,0.0
9.02,3.604,0.0,0.4,0.0,0.0,0.0
9.03,3.608,0.0,0.4,0.0,0.0,0.0
9.04,3.612,0.0,0.4,0.0,0.0,0.0
9.05,3.616,0.0,0.4,0.0,0.0,0.0
9.06,3.62,0.0,0.4,0.0,0.0,0.0
9.07,3.624,0.0,0.4,0.0,0.0,0.0
9.08,3.628,0.0,0.4,0.0,0.0,0.0
9.09,3.632,0.0,0.4,0.0,0.0,0.0
9.1,3.636,0.0,0.4,0.0,0.0,0.0
9.11,3.64,0.0,0.4,0.0,0.0,0.0
9.12,3.644,0.0,0.4,0.0,0.0,0.0
9.13,3.648,0.0,0.4,0.0,0.0,0.0
9.14,3.652,0.0,0.4,0.0,0.0,0.0
9.15,3.656,0.0,0.4,0.0,0.0,0.0
9.16,3.66,0.0,0.4,0.0,0.0,0.0
9.17,3.664,0.0,0.4,0.0,0.0,0.0
9.18,3.668,0.0,0.4,0.0,0.0,0.0
9.19,3.672,0.0,0.4,0.0,0.0,0.0
9.2,3.676,0.0,0.4,0.0,0.0,0.0
9.21,3.68,0.0,0.4,0.0,0.0,0.0
9.22,3.684,0.0,0.4,0.0,0.0,0.0
9.23,3.688,0.0,0.4,0.0,0.0,0.0
9.24,3.692,0.0,0.4,0.0,0.0,0.0
9.25,3.696,0.0,0.4,0.0,0.0,0.0
9.26,3.7,0.0,0.4,0.0,0.0,0.0
9.27,3.704,0.0,0.4,0.0,0.0,0.0
9.28,3.708,0.0,0.4,0.0,0.0,0.0
9.29,3.712,0.0,0.4,0.0,0.0,0.0
9.3,3.716,0.0,0.4,0.0,0.0,0.0
9.31,3.72,0.0,0.4,0.0,0.0,0.0
9.32,3.724,0.0,0.4,0.0,0.0,0.0
9.33,3.728,0.0,0.4,0.0,0.0,0.0
9.34,3.732,0.0,0.4,0.0,0.0,0.0
9.35,3.736,0.0,0.4,0.0,0.0,0.0
9.36,3.74,0.0,0.4,0.0,0.0,0.0
9.37,3.744,0.0,0.4,0.0,0.0,0.0
9.38,3.748,0.0,0.4,0.0,0.0,0.0
9.39,3.752,0.0,0.4,0.0,0.0,0.0
9.4,3.756,0.0,0.4,0.0,0.0,0.0
9.41,3.76,0.0,0.4,0.0,0.0,0.0
9.42,3.764,0.0,0.4,0.0,0.0,0.0
9.43,3.768,0.0,0.4,0.0,0.0,0.0
9.44,3.772,0.0,0.4,0.0,0.0,0.0
9.45,3.776,0.0,0.4,0.0,0.0,0.0
9.46,3.78,0.0,0.4,0.0,0.0,0.0
9.47,3.784,0.0,0.4,0.0,0.0,0.0
9.48,3.788,0.0,0.4,0.0,0.0,0.0
9.49,3.792,0.0,0.4,0.0,0.0,0.0
9.5,3.796,0.0,0.4,0.0,0.0,0.0
9.51,3.8,0.0,0.4,0.0,0.0,0.0
9.52,3.804,0.0,0.4,0.0,0.0,0.0
9.53,3.808,0.0,0.4,0.0,0.0,0.0
9.54,3.812,0.0,0.4,0.0,0.0,0.0
9.55,3.816,0.0,0.4,0.0,0.0,0.0
9.56,3.82,0.0,0.4,0.0,0.0,0.0
9.57,3.824,0.0,0.4,0.0,0.0,0.0
9.58,3.828,0.0,0.4,0.0,0.0,0.0
9.59,3.832,0.0,0.4,0.0,0.0,0.0
9.6,3.836,0.0,0.4,0.0,0.0,0.0
9.61,3.84,0.0,0.4,0.0,0.0,0.0
9.62,3.844,0.0,0.4,0.0,0.0,0.0
9.63,3.848,0.0,0.4,0.0,0.0,0.0
9.64,3.852,0.0,0.4,0.0,0.0,0.0
9.65,3.856,0.0,0.4,0.0,0.0,0.0
9.66,3.86,0.0,0.4,0.0,0.0,0.0
9.67,3.864,0.0,0.4,0.0,0.0,0.0
9.68,3.868,0.0,0.4,0.0,0.0,0.0
9.69,3.872,0.0,0.4,0.0,0.0,0.0
9.7,3.876,0.0,0.4,0.0,0.0,0.0
9.71,3.88,0.0,0.4,0.0,0.0,0.0
9.72,3.884,0.0,0.4,0.0,0.0,0.0
9.73,3.888,0.0,0.4,0.0,0.0,0.0
9.74,3.892,0.0,0.4,0.0,0.0,0.0
9.75,3.896,0.0,0.4,0.0,0.0,0.0
9.76,3.9,0.0,0.4,0.0,0.0,0.0
9.77,3.904,0.0,0.4,0.0,0.0,0.0
9.78,3.908,0.0,0.4,0.0,0.0,0.0
9.79,3.912,0.0,0.4,0.0,0.0,0.0
9.8,3.916,0.0,0.4,0.0,0.0,0.0
9.81,3.92,0.0,0.4,0.0,0.0,0.0
9.82,3.924,0.0,0.4,0.0,0.0,0.0
9.83,3.928,0.0,0.4,0.0,0.0,0.0
9.84,3.932,0.0,0.4,0.0,0.0,0.0
9.85,3.936,0.0,0.4,0.0,0.0,0.0
9.86,3.94,0.0,0.4,0.0,0.0,0.0
9.87,3.944,0.0,0.4,0.0,0.0,0.0
9.88,3.948,0.0,0.4,0.0,0.0,0.0
9.89,3.952,0.0,0.4,0.0,0.0,0.0
9.9,3.956,0.0,0.4,0.0,0.0,0.0
9.91,3.96,0.0,0.4,0.0,0.0,0.0
9.92,3.964,0.0,0.4,0.0,0.0,0.0
9.93,3.968,0.0,0.4,0.0,0.0,0.0
9.94,3.972,0.0,0.4,0.0,0.0,0.0
9.95,3.976,0.0,0.4,0.0,0.0,0.0
9.96,3.98,0.0,0.4,0.0,0.0,0.0
9.97,3.984,0.0,0.4,0.0,0.0,0.0
9.98,3.988,0.0,0.4,0.0,0.0,0.0
9.99,3.992,0.0,0.4,0.0,0.0,0.0
10.0,3.996,0.0,0.4,0.0,0.0,0.0
10.01,4.0,0.0,0.4,0.0,0.0,0.0
10.02,4.004,0.0,0.4,0.0,0.0,0.0
10.03,4.008,0.0,0.4,0.0,0.0,0.0
10.04,4.012,0.0,0.4,0.0,0.0,0.0
10.05,4.016,0.0,0.4,0.0,0.0,0.0
10.06,4.02,0.0,0.4,0.0,0.0,0.0
10.07,4.024,0.0,0.4,0.0,0.0,0.0
10.08,4.028,0.0,0.4,0.0,0.0,0.0
10.09,4.032,0.0,0.4,0.0,0.0,0.0
10.1,4.036,0.0,0.4,0.0,0.0,0.0
10.11,4.04,0.0,0.4,0.0,0.0,0.0
10.12,4.044,0.0,0.4,0.0,0.0,0.0
10.13,4.048,0.0,0.4,0.0,0.0,0.0
10.14,4.052,0.0,0.4,0.0,0.0,0.0
10.15,4.056,0.0,0.4,0.0,0.0,0.0
10.16,4.06,0.0,0.4,0.0,0.0,0.0
10.17,4.064,0.0,0.4,0.0,0.0,0.0
10.18,4.068,0.0,0.4,0.0,0.0,0.0
10.19,4.072,0.0,0.4,0.0,0.0,0.0
10.2,4.076,0.0,0.4,0.0,0.0,0.0
10.21,4.08,0.0,0.4,0.0,0.0,0.0
10.22,4.084,0.0,0.4,0.0,0.0,0.0
10.23,4.088,0.0,0.4,0.0,0.0,0.0
10.24,4.092,0.0,0.4,0.0,0.0,0.0
10.25,4.096,0.0,0.4,0.0,0.0,0.0
10.26,4.1,0.0,0.4,0.0,0.0,0.0
10.27,4.104,0.0,0.4,0.0,0.0,0.0
10.28,4.108,0.0,0.4,0.0,0.0,0.0
10.29,4.112,0.0,0.4,0.0,0.0,0.0
10.3,4.116,0.0,0.4,0.0,0.0,0.0
10.31,4.12,0.0,0.4,0.0,0.0,0.0
10.32,4.124,0.0,0.4,0.0,0.0,0.0
10.33,4.128,0.0,0.4,0.0,0.0,0.0
10.34,4.132,0.0,0.4,0.0,0.0,0.0
10.35,4.136,0.0,0.4,0.0,0.0,0.0
10.36,4.14,0.0,0.4,0.0,0.0,0.0
10.37,4.144,0.0,0.4,0.0,0.0,0.0
10.38,4.148,0.0,0.4,0.0,0.0,0.0
10.39,4.152,0.0,0.4,0.0,0.0,0.0
10.4,4.156,0.0,0.4,0.0,0.0,0.0
10.41,4.16,0.0,0.4,0.0,0.0,0.0
10.42,4.164,0.0,0.4,0.0,0.0,0.0
10.43,4.168,0.0,0.4,0.0,0.0,0.0
10.44,4.172,0.0,0.4,0.0,0.0,0.0
10.45,4.176,0.0,0.4,0.0,0.0,0.0
10.46,4.18,0.0,0.4,0.0,0.0,0.0
10.47,4.184,0.0,0.4,0.0,0.0,0.0
10.48,4.188,0.0,0.4,0.0,0.0,0.0
10.49,4.192,0.0,0.4,0.0,0.0,0.0
10.5,4.196,0.0,0.4,0.0,0.0,0.0
10.51,4.2,0.0,0.4,0.0,0.0,0.0
10.52,4.204,0.0,0.4,0.0,0.0,0.0
10.53,4.208,0.0,0.4,0.0,0.0,0.0
10.54,4.212,0.0,0.4,0.0,0.0,0.0
10.55,4.216,0.0,0.4,0.0,0.0,0.0
10.56,4.22,0.0,0.4,0.0,0.0,0.0
10.57,4.224,0.0,0.4,0.0,0.0,0.0
10.58,4.228,0.0,0.4,0.0,0.0,0.0
10.59,4.232,0.0,0.4,0.0,0.0,0.0
10.6,4.236,0.0,0.4,0.0,0.0,0.0
10.61,4.24,0.0,0.4,0.0,0.0,0.0
10.62,4.244,0.0,0.4,0.0,0.0,0.0
10.63,4.248,0.0,0.4,0.0,0.0,0.0
10.64,4.252,0.0,0.4,0.0,0.0,0.0
10.65,4.256,0.0,0.4,0.0,0.0,0.0
10.66,4.26,0.0,0.4,0.0,0.0,0.0
10.67,4.264,0.0,0.4,0.0,0.0,0.0
10.68,4.268,0.0,0.4,0.0,0.0,0.0
10.69,4.272,0.0,0.4,0.0,0.0,0.0
10.7,4.276,0.0,0.4,0.0,0.0,0.0
10.71,4.28,0.0,0.4,0.0,0.0,0.0
10.72,4.284,0.0,0.4,0.0,0.0,0.0
10.73,4.288,0.0,0.4,0.0,0.0,0.0
10.74,4.292,0.0,0.4,0.0,0.0,0.0
10.75,4.296,0.0,0.4,0.0,0.0,0.0
10.76,4.3,0.0,0.4,0.0,0.0,0.0
10.77,4.304,0.0,0.4,0.0,0.0,0.0
10.78,4.308,0.0,0.4,0.0,0.0,0.0
10.79,4.312,0.0,0.4,0.0,0.0,0.0
10.8,4.316,0.0,0.4,0.0,0.0,0.0
10.81,4.32,0.0,0.4,0.0,0.0,0.0
10.82,4.324,0.0,0.4,0.0,0.0,0.0
10.83,4.328,0.0,0.4,0.0,0.0,0.0
10.84,4.332,0.0,0.4,0.0,0.0,0.0
10.85,4.336,0.0,0.4,0.0,0.0,0.0
10.86,4.34,0.0,0.4,0.0,0.0,0.0
10.87,4.344,0.0,0.4,0.0,0.0,0.0
10.88,4.348,0.0,0.4,0.0,0.0,0.0
10.89,4.352,0.0,0.4,0.0,0.0,0.0
10.9,4.356,0.0,0.4,0.0,0.0,0.0
10.91,4.36,0.0,0.4,0.0,0.0,0.0
10.92,4.364,0.0,0.4,0.0,0.0,0.0
10.93,4.368,0.0,0.4,0.0,0.0,0.0
10.94,4.372,0.0,0.4,0.0,0.0,0.0
10.95,4.376,0.0,0.4,0.0,0.0,0.0
10.96,4.38,0.0,0.4,0.0,0.0,0.0
10.97,4.384,0.0,0.4,0.0,0.0,0.0
10.98,4.388,0.0,0.4,0.0,0.0,0.0
10.99,4.392,0.0,0.4,0.0,0.0,0.0
11.0,4.396,0.0,0.4,0.0,0.0,0.0
11.01,4.4,0.0,0.4,0.0,0.0,0.0
11.02,4.404,0.0,0.4,0.0,0.0,0.0
11.03,4.408,0.0,0.4,0.0,0.0,0.0
11.04,4.412,0.0,0.4,0.0,0.0,0.0
11.05,4.416,0.0,0.4,0.0,0.0,0.0
11.06,4.42,0.0,0.4,0.0,0.0,0.0
11.07,4.424,0.0,0.4,0.0,0.0,0.0
11.08,4.428,0.0,0.4,0.0,0.0,0.0
11.09,4.432,0.0,0.4,0.0,0.0,0.0
11.1,4.436,0.0,0.4,0.0,0.0,0.0
11.11,4.44,0.0,0.4,0.0,0.0,0.0
11.12,4.444,0.0,0.4,0.0,0.0,0.0
11.13,4.448,0.0,0.4,0.0,0.0,0.0
11.14,4.452,0.0,0.4,0.0,0.0,0.0
11.15,4.456,0.0,0.4,0.0,0.0,0.0
11.16,4.46,0.0,0.4,0.0,0.0,0.0
11.17,4.464,0.0,0.4,0.0,0.0,0.0
11.18,4.468,0.0,0.4,0.0,0.0,0.0
11.19,4.472,0.0,0.4,0.0,0.0,0.0
11.2,4.476,0.0,0.4,0.0,0.0,0.0
11.21,4.48,0.0,0.4,0.0,0.0,0.0
11.22,4.484,0.0,0.4,0.0,0.0,0.0
11.23,4.488,0.0,0.4,0.0,0.0,0.0
11.24,4.492,0.0,0.4,0.0,0.0,0.0
11.25,4.496,0.0,0.4,0.0,0.0,0.0
11.26,4.5,0.0,0.4,0.0,0.0,0.0
11.27,4.504,0.0,0.4,0.0,0.0,0.0
11.28,4.508,0.0,0.4,0.0,0.0,0.0
11.29,4.512,0.0,0.4,0.0,0.0,0.0
11.3,4.516,0.0,0.4,0.0,0.0,0.0
11.31,4.52,0.0,0.4,0.0,0.0,0.0
11.32,4.524,0.0,0.4,0.0,0.0,0.0
11.33,4.528,0.0,0.4,0.0,0.0,0.0
11.34,4.532,0.0,0.4,0.0,0.0,0.0
11.35,4.536,0.0,0.4,0.0,0.0,0.0
11.36,4.54,0.0,0.4,0.0,0.0,0.0
11.37,4.544,0.0,0.4,0.0,0.0,0.0
11.38,4.548,0.0,0.4,0.0,0.0,0.0
11.39,4.552,0.0,0.4,0.0,0.0,0.0
11.4,4.556,0.0,0.4,0.0,0.0,0.0
11.41,4.56,0.0,0.4,0.0,0.0,0.0
11.42,4.564,0.0,0.4,0.0,0.0,0.0
11.43,4.568,0.0,0.4,0.0,0.0,0.0
11.44,4.572,0.0,0.4,0.0,0.0,0.0
11.45,4.576,0.0,0.4,0.0,0.0,0.0
11.46,4.58,0.0,0.4,0.0,0.0,0.0
11.47,4.584,0.0,0.4,0.0,0.0,0.0
11.48,4.588,0.0,0.4,0.0,0.0,0.0
11.49,4.592,0.0,0.4,0.0,0.0,0.0
11.5,4.596,0.0,0.4,0.0,0.0,0.0
11.51,4.6,0.0,0.4,0.0,0.0,0.0
11.52,4.604,0.0,0.4,0.0,0.0,0.0
11.53,4.608,0.0,0.4,0.0,0.0,0.0
11.54,4.612,0.0,0.4,0.0,0.0,0.0
11.55,4.616,0.0,0.4,0.0,0.0,0.0
11.56,4.62,0.0,0.4,0.0,0.0,0.0
11.57,4.624,0.0,0.4,0.0,0.0,0.0
11.58,4.628,0.0,0.4,0.0,0.0,0.0
11.59,4.632,0.0,0.4,0.0,0.0,0.0
11.6,4.636,0.0,0.4,0.0,0.0,0.0
11.61,4.64,0.0,0.4,0.0,0.0,0.0
11.62,4.644,0.0,0.4,0.0,0.0,0.0
11.63,4.648,0.0,0.4,0.0,0.0,0.0
11.64,4.652,0.0,0.4,0.0,0.0,0.0
11.65,4.656,0.0,0.4,0.0,0.0,0.0
11.66,4.66,0.0,0.4,0.0,0.0,0.0
11.67,4.664,0.0,0.4,0.0,0.0,0.0
11.68,4.668,0.0,0.4,0.0,0.0,0.0
11.69,4.672,0.0,0.4,0.0,0.0,0.0
11.7,4.676,0.0,0.4,0.0,0.0,0.0
11.71,4.68,0.0,0.4,0.0,0.0,0.0
11.72,4.684,0.0,0.4,0.0,0.0,0.0
11.73,4.688,0.0,0.4,0.0,0.0,0.0
11.74,4.692,0.0,0.4,0.0,0.0,0.0
11.75,4.696,0.0,0.4,0.0,0.0,0.0
11.76,4.7,0.0,0.4,0.0,0.0,0.0
11.77,4.704,0.0,0.4,0.0,0.0,0.0
11.78,4.708,0.0,0.4,0.0,0.0,0.0
11.79,4.712,0.0,0.4,0.0,0.0,0.0
11.8,4.716,0.0,0.4,0.0,0.0,0.0
11.81,4.72,0.0,0.4,0.0,0.0,0.0
11.82,4.724,0.0,0.4,0.0,0.0,0.0
11.83,4.728,0.0,0.4,0.0,0.0,0.0
11.84,4.732,0.0,0.4,0.0,0.0,0.0
11.85,4.736,0.0,0.4,0.0,0.0,0.0
11.86,4.74,0.0,0.4,0.0,0.0,0.0
11.87,4.744,0.0,0.4,0.0,0.0,0.0
11.88,4.748,0.0,0.4,0.0,0.0,0.0
11.89,4.752,0.0,0.4,0.0,0.0,0.0
11.9,4.756,0.0,0.4,0.0,0.0,0.0
11.91,4.76,0.0,0.4,0.0,0.0,0.0
11.92,4.764,0.0,0.4,0.0,0.0,0.0
11.93,4.768,0.0,0.4,0.0,0.0,0.0
11.94,4.772,0.0,0.4,0.0,0.0,0.0
11.95,4.776,0.0,0.4,0.0,0.0,0.0
11.96,4.78,0.0,0.4,0.0,0.0,0.0
11.97,4.784,0.0,0.4,0.0,0.0,0.0
11.98,4.788,0.0,0.4,0.0,0.0,0.0
11.99,4.792,0.0,0.4,0.0,0.0,0.0
12.0,4.796,0.0,0.4,0.0,0.0,0.0
12.01,4.8,0.0,0.4,0.0,0.0,0.0
12.02,4.804,0.0,0.4,0.0,0.0,0.0
12.03,4.808,0.0,0.4,0.0,0.0,0.0
12.04,4.812,0.0,0.4,0.0,0.0,0.0
12.05,4.816,0.0,0.4,0.0,0.0,0.0
12.06,4.82,0.0,0.4,0.0,0.0,0.0
12.07,4.824,0.0,0.4,0.0,0.0,0.0
12.08,4.828,0.0,0.4,0.0,0.0,0.0
12.09,4.832,0.0,0.4,0.0,0.0,0.0
12.1,4.836,0.0,0.4,0.0,0.0,0.0
12.11,4.84,0.0,0.4,0.0,0.0,0.0
12.12,4.844,0.0,0.4,0.0,0.0,0.0
12.13,4.848,0.0,0.4,0.0,0.0,0.0
12.14,4.852,0.0,0.4,0.0,0.0,0.0
12.15,4.856,0.0,0.4,0.0,0.0,0.0
12.16,4.86,0.0,0.4,0.0,0.0,0.0
12.17,4.864,0.0,0.4,0.0,0.0,0.0
12.18,4.868,0.0,0.4,0.0,0.0,0.0
12.19,4.872,0.0,0.4,0.0,0.0,0.0
12.2,4.876,0.0,0.4,0.0,0.0,0.0
12.21,4.88,0.0,0.4,0.0,0.0,0.0
12.22,4.884,0.0,0.4,0.0,0.0,0.0
12.23,4.888,0.0,0.4,0.0,0.0,0.0
12.24,4.892,0.0,0.4,0.0,0.0,0.0
12.25,4.896,0.0,0.4,0.0,0.0,0.0
12.26,4.9,0.0,0.4,0.0,0.0,0.0
12.27,4.904,0.0,0.4,0.0,0.0,0.0
12.28,4.908,0.0,0.4,0.0,0.0,0.0
12.29,4.912,0.0,0.4,0.0,0.0,0.0
12.3,4.916,0.0,0.4,0.0,0.0,0.0
12.31,4.92,0.0,0.4,0.0,0.0,0.0
12.32,4.924,0.0,0.4,0.0,0.0,0.0
12.33,4.928,0.0,0.4,0.0,0.0,0.0
12.34,4.932,0.0,0.4,0.0,0.0,0.0
12.35,4.936,0.0,0.4,0.0,0.0,0.0
12.36,4.94,0.0,0.4,0.0,0.0,0.0
12.37,4.944,0.0,0.4,0.0,0.0,0.0
12.38,4.948,0.0,0.4,0.0,0.0,0.0
12.39,4.952,0.0,0.4,0.0,0.0,0.0
12.4,4.956,0.0,0.4,0.0,0.0,0.0
12.41,4.96,0.0,0.4,0.0,0.0,0.0
12.42,4.964,0.0,0.4,0.0,0.0,0.0
12.43,4.968,0.0,0.4,0.0,0.0,0.0
12.44,4.972,0.0,0.4,0.0,0.0,0.0
12.45,4.976,0.0,0.4,0.0,0.0,0.0
12.46,4.98,0.0,0.4,0.0,0.0,0.0
12.47,4.984,0.0,0.4,0.0,0.0,0.0
12.48,4.988,0.0,0.4,0.0,0.0,0.0
12.49,4.992,0.0,0.4,0.0,0.0,0.0
12.5,4.996,0.0,0.4,0.0,0.0,0.0
12.51,5.0,0.0,0.4,0.0,0.0,0.0
12.52,5.004,0.0,0.4,0.0,0.0,0.0
12.53,5.008,0.0,0.4,0.0,0.0,0.0
12.54,5.012,0.0,0.4,0.0,0.0,0.0
12.55,5.016,0.0,0.4,0.0,0.0,0.0
12.56,5.02,0.0,0.4,0.0,0.0,0.0
12.57,5.024,0.0,0.4,0.0,0.0,0.0
12.58,5.028,0.0,0.4,0.0,0.0,0.0
12.59,5.032,0.0,0.4,0.0,0.0,0.0
12.6,5.036,0.0,0.4,0.0,0.0,0.0
12.61,5.04,0.0,0.4,0.0,0.0,0.0
12.62,5.044,0.0,0.4,0.0,0.0,0.0
12.63,5.048,0.0,0.4,0.0,0.0,0.0
12.64,5.052,0.0,0.4,0.0,0.0,0.0
12.65,5.056,0.0,0.4,0.0,0.0,0.0
12.66,5.06,0.0,0.4,0.0,0.0,0.0
12.67,5.064,0.0,0.4,0.0,0.0,0.0
12.68,5.068,0.0,0.4,0.0,0.0,0.0
12.69,5.072,0.0,0.4,0.0,0.0,0.0
12.7,5.076,0.0,0.4,0.0,0.0,0.0
12.71,5.08,0.0,0.4,0.0,0.0,0.0
12.72,5.084,0.0,0.4,0.0,0.0,0.0
12.73,5.088,0.0,0.4,0.0,0.0,0.0
12.74,5.092,0.0,0.4,0.0,0.0,0.0
12.75,5.096,0.0,0.4,0.0,0.0,0.0
12.76,5.1,0.0,0.4,0.0,0.0,0.0
12.77,5.104,0.0,0.4,0.0,0.0,0.0
12.78,5.108,0.0,0.4,0.0,0.0,0.0
12.79,5.112,0.0,0.4,0.0,0.0,0.0
12.8,5.116,0.0,0.4,0.0,0.0,0.0
12.81,5.12,0.0,0.4,0.0,0.0,0.0
12.82,5.124,0.0,0.4,0.0,0.0,0.0
12.83,5.128,0.0,0.4,0.0,0.0,0.0
12.84,5.132,0.0,0.4,0.0,0.0,0.0
12.85,5.136,0.0,0.4,0.0,0.0,0.0
12.86,5.14,0.0,0.4,0.0,0.0,0.0
12.87,5.144,0.0,0.4,0.0,0.0,0.0
12.88,5.148,0.0,0.4,0.0,0.0,0.0
12.89,5.152,0.0,0.4,0.0,0.0,0.0
12.9,5.156,0.0,0.4,0.0,0.0,0.0
12.91,5.16,0.0,0.4,0.0,0.0,0.0
12.92,5.164,0.0,0.4,0.0,0.0,0.0
12.93,5.168,0.0,0.4,0.0,0.0,0.0
12.94,5.172,0.0,0.4,0.0,0.0,0.0
12.95,5.176,0.0,0.4,0.0,0.0,0.0
12.96,5.18,0.0,0.4,0.0,0.0,0.0
12.97,5.184,0.0,0.4,0.0,0.0,0.0
12.98,5.188,0.0,0.4,0.0,0.0,0.0
12.99,5.192,0.0,0.4,0.0,0.0,0.0
13.0,5.196,0.0,0.4,0.0,0.0,0.0
13.01,5.2,0.0,0.4,0.0,0.0,0.0
13.02,5.204,0.0,0.4,0.0,0.0,0.0
13.03,5.208,0.0,0.4,0.0,0.0,0.0
13.04,5.212,0.0,0.4,0.0,0.0,0.0
13.05,5.216,0.0,0.4,0.0,0.0,0.0
13.06,5.22,0.0,0.4,0.0,0.0,0.0
13.07,5.224,0.0,0.4,0.0,0.0,0.0
13.08,5.228,0.0,0.4,0.0,0.0,0.0
13.09,5.232,0.0,0.4,0.0,0.0,0.0
13.1,5.236,0.0,0.4,0.0,0.0,0.0
13.11,5.24,0.0,0.4,0.0,0.0,0.0
13.12,5.244,0.0,0.4,0.0,0.0,0.0
13.13,5.248,0.0,0.4,0.0,0.0,0.0
13.14,5.252,0.0,0.4,0.0,0.0,0.0
13.15,5.256,0.0,0.4,0.0,0.0,0.0
13.16,5.26,0.0,0.4,0.0,0.0,0.0
13.17,5.264,0.0,0.4,0.0,0.0,0.0
13.18,5.268,0.0,0.4,0.0,0.0,0.0
13.19,5.272,0.0,0.4,0.0,0.0,0.0
13.2,5.276,0.0,0.4,0.0,0.0,0.0
13.21,5.28,0.0,0.4,0.0,0.0,0.0
13.22,5.284,0.0,0.4,0.0,0.0,0.0
13.23,5.288,0.0,0.4,0.0,0.0,0.0
13.24,5.292,0.0,0.4,0.0,0.0,0.0
13.25,5.296,0.0,0.4,0.0,0.0,0.0
13.26,5.3,0.0,0.4,0.0,0.0,0.0
13.27,5.304,0.0,0.4,0.0,0.0,0.0
13.28,5.308,0.0,0.4,0.0,0.0,0.0
13.29,5.312,0.0,0.4,0.0,0.0,0.0
13.3,5.316,0.0,0.4,0.0,0.0,0.0
13.31,5.32,0.0,0.4,0.0,0.0,0.0
13.32,5.324,0.0,0.4,0.0,0.0,0.0
13.33,5.328,0.0,0.4,0.0,0.0,0.0
13.34,5.332,0.0,0.4,0.0,0.0,0.0
13.35,5.336,0.0,0.4,0.0,0.0,0.0
13.36,5.34,0.0,0.4,0.0,0.0,0.0
13.37,5.344,0.0,0.4,0.0,0.0,0.0
13.38,5.348,0.0,0.4,0.0,0.0,0.0
13.39,5.352,0.0,0.4,0.0,0.0,0.0
13.4,5.356,0.0,0.4,0.0,0.0,0.0
13.41,5.36,0.0,0.4,0.0,0.0,0.0
13.42,5.364,0.0,0.4,0.0,0.0,0.0
13.43,5.368,0.0,0.4,0.0,0.0,0.0
13.44,5.372,0.0,0.4,0.0,0.0,0.0
13.45,5.376,0.0,0.4,0.0,0.0,0.0
13.46,5.38,0.0,0.4,0.0,0.0,0.0
13.47,5.384,0.0,0.4,0.0,0.0,0.0
13.48,5.388,0.0,0.4,0.0,0.0,0.0
13.49,5.392,0.0,0.4,0.0,0.0,0.0
13.5,5.396,0.0,0.4,0.0,0.0,0.0
13.51,5.4,0.0,0.4,0.0,0.0,0.0
13.52,5.404,0.0,0.4,0.0,0.0,0.0
13.53,5.408,0.0,0.4,0.0,0.0,0.0
13.54,5.412,0.0,0.4,0.0,0.0,0.0
13.55,5.416,0.0,0.4,0.0,0.0,0.0
13.56,5.42,0.0,0.4,0.0,0.0,0.0
13.57,5.424,0.0,0.4,0.0,0.0,0.0
13.58,5.428,0.0,0.4,0.0,0.0,0.0
13.59,5.432,0.0,0.4,0.0,0.0,0.0
13.6,5.436,0.0,0.4,0.0,0.0,0.0
13.61,5.44,0.0,0.4,0.0,0.0,0.0
13.62,5.444,0.0,0.4,0.0,0.0,0.0
13.63,5.448,0.0,0.4,0.0,0.0,0.0
13.64,5.452,0.0,0.4,0.0,0.0,0.0
13.65,5.456,0.0,0.4,0.0,0.0,0.0
13.66,5.46,0.0,0.4,0.0,0.0,0.0
13.67,5.464,0.0,0.4,0.0,0.0,0.0
13.68,5.468,0.0,0.4,0.0,0.0,0.0
13.69,5.472,0.0,0.4,0.0,0.0,0.0
13.7,5.476,0.0,0.4,0.0,0.0,0.0
13.71,5.48,0.0,0.4,0.0,0.0,0.0
13.72,5.484,0.0,0.4,0.0,0.0,0.0
13.73,5.488,0.0,0.4,0.0,0.0,0.0
13.74,5.492,0.0,0.4,0.0,0.0,0.0
13.75,5.496,0.0,0.4,0.0,0.0,0.0
13.76,5.5,0.0,0.4,0.0,0.0,0.0
13.77,5.504,0.0,0.4,0.0,0.0,0.0
13.78,5.508,0.0,0.4,0.0,0.0,0.0
13.79,5.512,0.0,0.4,0.0,0.0,0.0
13.8,5.516,0.0,0.4,0.0,0.0,0.0
13.81,5.52,0.0,0.4,0.0,0.0,0.0
13.82,5.524,0.0,0.4,0.0,0.0,0.0
13.83,5.528,0.0,0.4,0.0,0.0,0.0
13.84,5.532,0.0,0.4,0.0,0.0,0.0
13.85,5.536,0.0,0.4,0.0,0.0,0.0
13.86,5.54,0.0,0.4,0.0,0.0,0.0
13.87,5.544,0.0,0.4,0.0,0.0,0.0
13.88,5.548,0.0,0.4,0.0,0.0,0.0
13.89,5.552,0.0,0.4,0.0,0.0,0.0
13.9,5.556,0.0,0.4,0.0,0.0,0.0
13.91,5.56,0.0,0.4,0.0,0.0,0.0
13.92,5.564,0.0,0.4,0.0,0.0,0.0
13.93,5.568,0.0,0.4,0.0,0.0,0.0
13.94,5.572,0.0,0.4,0.0,0.0,0.0
13.95,5.576,0.0,0.4,0.0,0.0,0.0
13.96,5.58,0.0,0.4,0.0,0.0,0.0
13.97,5.584,0.0,0.4,0.0,0.0,0.0
13.98,5.588,0.0,0.4,0.0,0.0,0.0
13.99,5.592,0.0,0.4,0.0,0.0,0.0
14.0,5.596,0.0,0.4,0.0,0.0,0.0
14.01,5.6,0.0,0.4,0.0,0.0,0.0
14.02,5.604,0.0,0.4,0.0,0.0,0.0
14.03,5.608,0.0,0.4,0.0,0.0,0.0
14.04,5.612,0.0,0.4,0.0,0.0,0.0
14.05,5.616,0.0,0.4,0.0,0.0,0.0
14.06,5.62,0.0,0.4,0.0,0.0,0.0
14.07,5.624,0.0,0.4,0.0,0.0,0.0
14.08,5.628,0.0,0.4,0.0,0.0,0.0
14.09,5.632,0.0,0.4,0.0,0.0,0.0
14.1,5.636,0.0,0.4,0.0,0.0,0.0
14.11,5.64,0.0,0.4,0.0,0.0,0.0
14.12,5.644,0.0,0.4,0.0,0.0,0.0
14.13,5.648,0.0,0.4,0.0,0.0,0.0
14.14,5.652,0.0,0.4,0.0,0.0,0.0
14.15,5.656,0.0,0.4,0.0,0.0,0.0
14.16,5.66,0.0,0.4,0.0,0.0,0.0
14.17,5.664,0.0,0.4,0.0,0.0,0.0
14.18,5.668,0.0,0.4,0.0,0.0,0.0
14.19,5.672,0.0,0.4,0.0,0.0,0.0
14.2,5.676,0.0,0.4,0.0,0.0,0.0
14.21,5.68,0.0,0.4,0.0,0.0,0.0
14.22,5.684,0.0,0.4,0.0,0.0,0.0
14.23,5.688,0.0,0.4,0.0,0.0,0.0
14.24,5.692,0.0,0.4,0.0,0.0,0.0
14.25,5.696,0.0,0.4,0.0,0.0,0.0
14.26,5.7,0.0,0.4,0.0,0.0,0.0
14.27,5.704,0.0,0.4,0.0,0.0,0.0
14.28,5.708,0.0,0.4,0.0,0.0,0.0
14.29,5.712,0.0,0.4,0.0,0.0,0.0
14.3,5.716,0.0,0.4,0.0,0.0,0.0
14.31,5.72,0.0,0.4,0.0,0.0,0.0
14.32,5.724,0.0,0.4,0.0,0.0,0.0
14.33,5.728,0.0,0.4,0.0,0.0,0.0
14.34,5.732,0.0,0.4,0.0,0.0,0.0
14.35,5.736,0.0,0.4,0.0,0.0,0.0
14.36,5.74,0.0,0.4,0.0,0.0,0.0
14.37,5.744,0.0,0.4,0.0,0.0,0.0
14.38,5.748,0.0,0.4,0.0,0.0,0.0
14.39,5.752,0.0,0.4,0.0,0.0,0.0
14.4,5.756,0.0,0.4,0.0,0.0,0.0
14.41,5.76,0.0,0.4,0.0,0.0,0.0
14.42,5.764,0.0,0.4,0.0,0.0,0.0
14.43,5.768,0.0,0.4,0.0,0.0,0.0
14.44,5.772,0.0,0.4,0.0,0.0,0.0
14.45,5.776,0.0,0.4,0.0,0.0,0.0
14.46,5.78,0.0,0.4,0.0,0.0,0.0
14.47,5.784,0.0,0.4,0.0,0.0,0.0
14.48,5.788,0.0,0.4,0.0,0.0,0.0
14.49,5.792,0.0,0.4,0.0,0.0,0.0
14.5,5.796,0.0,0.4,0.0,0.0,0.0
14.51,5.8,0.0,0.4,0.0,0.0,0.0
14.52,5.804,0.0,0.4,0.0,0.0,0.0
14.53,5.808,0.0,0.4,0.0,0.0,0.0
14.54,5.812,0.0,0.4,0.0,0.0,0.0
14.55,5.816,0.0,0.4,0.0,0.0,0.0
14.56,5.82,0.0,0.4,0.0,0.0,0.0
14.57,5.824,0.0,0.4,0.0,0.0,0.0
14.58,5.828,0.0,0.4,0.0,0.0,0.0
14.59,5.832,0.0,0.4,0.0,0.0,0.0
14.6,5.836,0.0,0.4,0.0,0.0,0.0
14.61,5.84,0.0,0.4,0.0,0.0,0.0
14.62,5.844,0.0,0.4,0.0,0.0,0.0
14.63,5.848,0.0,0.4,0.0,0.0,0.0
14.64,5.852,0.0,0.4,0.0,0.0,0.0
14.65,5.856,0.0,0.4,0.0,0.0,0.0
14.66,5.86,0.0,0.4,0.0,0.0,0.0
14.67,5.864,0.0,0.4,0.0,0.0,0.0
14.68,5.868,0.0,0.4,0.0,0.0,0.0
14.69,5.872,0.0,0.4,0.0,0.0,0.0
14.7,5.876,0.0,0.4,0.0,0.0,0.0
14.71,5.88,0.0,0.4,0.0,0.0,0.0
14.72,5.884,0.0,0.4,0.0,0.0,0.0
14.73,5.888,0.0,0.4,0.0,0.0,0.0
14.74,5.892,0.0,0.4,0.0,0.0,0.0
14.75,5.896,0.0,0.4,0.0,0.0,0.0
14.76,5.9,0.0,0.4,0.0,0.0,0.0
14.77,5.904,0.0,0.4,0.0,0.0,0.0
14.78,5.908,0.0,0.4,0.0,0.0,0.0
14.79,5.912,0.0,0.4,0.0,0.0,0.0
14.8,5.916,0.0,0.4,0.0,0.0,0.0
14.81,5.92,0.0,0.4,0.0,0.0,0.0
14.82,5.924,0.0,0.4,0.0,0.0,0.0
14.83,5.928,0.0,0.4,0.0,0.0,0.0
14.84,5.932,0.0,0.4,0.0,0.0,0.0
14.85,5.936,0.0,0.4,0.0,0.0,0.0
14.86,5.94,0.0,0.4,0.0,0.0,0.0
14.87,5.944,0.0,0.4,0.0,0.0,0.0
14.88,5.948,0.0,0.4,0.0,0.0,0.0
14.89,5.952,0.0,0.4,0.0,0.0,0.0
14.9,5.956,0.0,0.4,0.0,0.0,0.0
14.91,5.96,0.0,0.4,0.0,0.0,0.0
14.92,5.964,0.0,0.4,0.0,0.0,0.0
14.93,5.968,0.0,0.4,0.0,0.0,0.0
14.94,5.972,0.0,0.4,0.0,0.0,0.0
14.95,5.976,0.0,0.4,0.0,0.0,0.0
14.96,5.98,0.0,0.4,0.0,0.0,0.0
14.97,5.984,0.0,0.4,0.0,0.0,0.0
14.98,5.988,0.0,0.4,0.0,0.0,0.0
14.99,5.992,0.0,0.4,0.0,0.0,0.0
15.0,5.996,0.0,0.4,0.0,0.0,0.0
15.01,6.0,0.0,0.4,0.0,0.0,0.0
15.02,6.004,0.0,0.4,0.0,0.0,0.0
15.03,6.008,0.0,0.4,0.0,0.0,0.0
15.04,6.012,0.0,0.4,0.0,0.0,0.0
15.05,6.016,0.0,0.4,0.0,0.0,0.0
15.06,6.02,0.0,0.4,0.0,0.0,0.0
15.07,6.024,0.0,0.4,0.0,0.0,0.0
15.08,6.028,0.0,0.4,0.0,0.0,0.0
15.09,6.032,0.0,0.4,0.0,0.0,0.0
15.1,6.036,0.0,0.4,0.0,0.0,0.0
15.11,6.04,0.0,0.4,0.0,0.0,0.0
15.12,6.044,0.0,0.4,0.0,0.0,0.0
15.13,6.048,0.0,0.4,0.0,0.0,0.0
15.14,6.052,0.0,0.4,0.0,0.0,0.0
15.15,6.056,0.0,0.4,0.0,0.0,0.0
15.16,6.06,0.0,0.4,0.0,0.0,0.0
15.17,6.064,0.0,0.4,0.0,0.0,0.0
15.18,6.068,0.0,0.4,0.0,0.0,0.0
15.19,6.072,0.0,0.4,0.0,0.0,0.0
15.2,6.076,0.0,0.4,0.0,0.0,0.0
15.21,6.08,0.0,0.4,0.0,0.0,0.0
15.22,6.084,0.0,0.4,0.0,0.0,0.0
15.23,6.088,0.0,0.4,0.0,0.0,0.0
15.24,6.092,0.0,0.4,0.0,0.0,0.0
15.25,6.096,0.0,0.4,0.0,0.0,0.0
15.26,6.1,0.0,0.4,0.0,0.0,0.0
15.27,6.104,0.0,0.4,0.0,0.0,0.0
15.28,6.108,0.0,0.4,0.0,0.0,0.0
15.29,6.112,0.0,0.4,0.0,0.0,0.0
15.3,6.116,0.0,0.4,0.0,0.0,0.0
15.31,6.12,0.0,0.4,0.0,0.0,0.0
15.32,6.124,0.0,0.4,0.0,0.0,0.0
15.33,6.128,0.0,0.4,0.0,0.0,0.0
15.34,6.132,0.0,0.4,0.0,0.0,0.0
15.35,6.136,0.0,0.4,0.0,0.0,0.0
15.36,6.14,0.0,0.4,0.0,0.0,0.0
15.37,6.144,0.0,0.4,0.0,0.0,0.0
15.38,6.148,0.0,0.4,0.0,0.0,0.0
15.39,6.152,0.0,0.4,0.0,0.0,0.0
15.4,6.156,0.0,0.4,0.0,0.0,0.0
15.41,6.16,0.0,0.4,0.0,0.0,0.0
15.42,6.164,0.0,0.4,0.0,0.0,0.0
15.43,6.168,0.0,0.4,0.0,0.0,0.0
15.44,6.172,0.0,0.4,0.0,0.0,0.0
15.45,6.176,0.0,0.4,0.0,0.0,0.0
15.46,6.18,0.0,0.4,0.0,0.0,0.0
15.47,6.184,0.0,0.4,0.0,0.0,0.0
15.48,6.188,0.0,0.4,0.0,0.0,0.0
15.49,6.192,0.0,0.4,0.0,0.0,0.0
15.5,6.196,0.0,0.4,0.0,0.0,0.0
15.51,6.2,0.0,0.4,0.0,0.0,0.0
15.52,6.204,0.0,0.4,0.0,0.0,0.0
15.53,6.208,0.0,0.4,0.0,0.0,0.0
15.54,6.212,0.0,0.4,0.0,0.0,0.0
15.55,6.216,0.0,0.4,0.0,0.0,0.0
15.56,6.22,0.0,0.4,0.0,0.0,0.0
15.57,6.224,0.0,0.4,0.0,0.0,0.0
15.58,6.228,0.0,0.4,0.0,0.0,0.0
15.59,6.232,0.0,0.4,0.0,0.0,0.0
15.6,6.236,0.0,0.4,0.0,0.0,0.0
15.61,6.24,0.0,0.4,0.0,0.0,0.0
15.62,6.244,0.0,0.4,0.0,0.0,0.0
15.63,6.248,0.0,0.4,0.0,0.0,0.0
15.64,6.252,0.0,0.4,0.0,0.0,0.0
15.65,6.256,0.0,0.4,0.0,0.0,0.0
15.66,6.26,0.0,0.4,0.0,0.0,0.0
15.67,6.264,0.0,0.4,0.0,0.0,0.0
15.68,6.268,0.0,0.4,0.0,0.0,0.0
15.69,6.272,0.0,0.4,0.0,0.0,0.0
15.7,6.276,0.0,0.4,0.0,0.0,0.0
15.71,6.28,0.0,0.4,0.0,0.0,0.0
15.72,6.284,0.0,0.4,0.0,0.0,0.0
15.73,6.288,0.0,0.4,0.0,0.0,0.0
15.74,6.292,0.0,0.4,0.0,0.0,0.0
15.75,6.296,0.0,0.4,0.0,0.0,0.0
15.76,6.3,0.0,0.4,0.0,0.0,0.0
15.77,6.304,0.0,0.4,0.0,0.0,0.0
15.78,6.308,0.0,0.4,0.0,0.0,0.0
15.79,6.312,0.0,0.4,0.0,0.0,0.0
15.8,6.316,0.0,0.4,0.0,0.0,0.0
15.81,6.32,0.0,0.4,0.0,0.0,0.0
15.82,6.324,0.0,0.4,0.0,0.0,0.0
15.83,6.328,0.0,0.4,0.0,0.0,0.0
15.84,6.332,0.0,0.4,0.0,0.0,0.0
15.85,6.336,0.0,0.4,0.0,0.0,0.0
15.86,6.34,0.0,0.4,0.0,0.0,0.0
15.87,6.344,0.0,0.4,0.0,0.0,0.0
15.88,6.348,0.0,0.4,0.0,0.0,0.0
15.89,6.352,0.0,0.4,0.0,0.0,0.0
15.9,6.356,0.0,0.4,0.0,0.0,0.0
15.91,6.36,0.0,0.4,0.0,0.0,0.0
15.92,6.364,0.0,0.4,0.0,0.0,0.0
15.93,6.368,0.0,0.4,0.0,0.0,0.0
15.94,6.372,0.0,0.4,0.0,0.0,0.0
15.95,6.376,0.0,0.4,0.0,0.0,0.0
15.96,6.38,0.0,0.4,0.0,0.0,0.0
15.97,6.384,0.0,0.4,0.0,0.0,0.0
15.98,6.388,0.0,0.4,0.0,0.0,0.0
15.99,6.392,0.0,0.4,0.0,0.0,0.0
16.0,6.396,0.0,0.4,0.0,0.0,0.0
16.01,6.4,0.0,0.4,0.0,0.0,0.0
16.02,6.404,0.0,0.4,0.0,0.0,0.0
16.03,6.408,0.0,0.4,0.0,0.0,0.0
16.04,6.412,0.0,0.4,0.0,0.0,0.0
16.05,6.416,0.0,0.4,0.0,0.0,0.0
16.06,6.42,0.0,0.4,0.0,0.0,0.0
16.07,6.424,0.0,0.4,0.0,0.0,0.0
16.08,6.428,0.0,0.4,0.0,0.0,0.0
16.09,6.432,0.0,0.4,0.0,0.0,0.0
16.1,6.436,0.0,0.4,0.0,0.0,0.0
16.11,6.44,0.0,0.4,0.0,0.0,0.0
16.12,6.444,0.0,0.4,0.0,0.0,0.0
16.13,6.448,0.0,0.4,0.0,0.0,0.0
16.14,6.452,0.0,0.4,0.0,0.0,0.0
16.15,6.456,0.0,0.4,0.0,0.0,0.0
16.16,6.46,0.0,0.4,0.0,0.0,0.0
16.17,6.464,0.0,0.4,0.0,0.0,0.0
16.18,6.468,0.0,0.4,0.0,0.0,0.0
16.19,6.472,0.0,0.4,0.0,0.0,0.0
16.2,6.476,0.0,0.4,0.0,0.0,0.0
16.21,6.48,0.0,0.4,0.0,0.0,0.0
16.22,6.484,0.0,0.4,0.0,0.0,0.0
16.23,6.488,0.0,0.4,0.0,0.0,0.0
16.24,6.492,0.0,0.4,0.0,0.0,0.0
16.25,6.496,0.0,0.4,0.0,0.0,0.0
16.26,6.5,0.0,0.4,0.0,0.0,0.0
16.27,6.504,0.0,0.4,0.0,0.0,0.0
16.28,6.508,0.0,0.4,0.0,0.0,0.0
16.29,6.512,0.0,0.4,0.0,0.0,0.0
16.3,6.516,0.0,0.4,0.0,0.0,0.0
16.31,6.52,0.0,0.4,0.0,0.0,0.0
16.32,6.524,0.0,0.4,0.0,0.0,0.0
16.33,6.528,0.0,0.4,0.0,0.0,0.0
16.34,6.532,0.0,0.4,0.0,0.0,0.0
16.35,6.536,0.0,0.4,0.0,0.0,0.0
16.36,6.54,0.0,0.4,0.0,0.0,0.0
16.37,6.544,0.0,0.4,0.0,0.0,0.0
16.38,6.548,0.0,0.4,0.0,0.0,0.0
16.39,6.552,0.0,0.4,0.0,0.0,0.0
16.4,6.556,0.0,0.4,0.0,0.0,0.0
16.41,6.56,0.0,0.4,0.0,0.0,0.0
16.42,6.564,0.0,0.4,0.0,0.0,0.0
16.43,6.568,0.0,0.4,0.0,0.0,0.0
16.44,6.572,0.0,0.4,0.0,0.0,0.0
16.45,6.576,0.0,0.4,0.0,0.0,0.0
16.46,6.58,0.0,0.4,0.0,0.0,0.0
16.47,6.584,0.0,0.4,0.0,0.0,0.0
16.48,6.588,0.0,0.4,0.0,0.0,0.0
16.49,6.592,0.0,0.4,0.0,0.0,0.0
16.5,6.596,0.0,0.4,0.0,0.0,0.0
16.51,6.6,0.0,0.4,0.0,0.0,0.0
16.52,6.604,0.0,0.4,0.0,0.0,0.0
16.53,6.608,0.0,0.4,0.0,0.0,0.0
16.54,6.612,0.0,0.4,0.0,0.0,0.0
16.55,6.616,0.0,0.4,0.0,0.0,0.0
16.56,6.62,0.0,0.4,0.0,0.0,0.0
16.57,6.624,0.0,0.4,0.0,0.0,0.0
16.58,6.628,0.0,0.4,0.0,0.0,0.0
16.59,6.632,0.0,0.4,0.0,0.0,0.0
16.6,6.636,0.0,0.4,0.0,0.0,0.0
16.61,6.64,0.0,0.4,0.0,0.0,0.0
16.62,6.644,0.0,0.4,0.0,0.0,0.0
16.63,6.648,0.0,0.4,0.0,0.0,0.0
16.64,6.652,0.0,0.4,0.0,0.0,0.0
16.65,6.656,0.0,0.4,0.0,0.0,0.0
16.66,6.66,0.0,0.4,0.0,0.0,0.0
16.67,6.664,0.0,0.4,0.0,0.0,0.0
16.68,6.668,0.0,0.4,0.0,0.0,0.0
16.69,6.672,0.0,0.4,0.0,0.0,0.0
16.7,6.676,0.0,0.4,0.0,0.0,0.0
16.71,6.68,0.0,0.4,0.0,0.0,0.0
16.72,6.684,0.0,0.4,0.0,0.0,0.0
16.73,6.688,0.0,0.4,0.0,0.0,0.0
16.74,6.692,0.0,0.4,0.0,0.0,0.0
16.75,6.696,0.0,0.4,0.0,0.0,0.0
16.76,6.7,0.0,0.4,0.0,0.0,0.0
16.77,6.704,0.0,0.4,0.0,0.0,0.0
16.78,6.708,0.0,0.4,0.0,0.0,0.0
16.79,6.712,0.0,0.4,0.0,0.0,0.0
16.8,6.716,0.0,0.4,0.0,0.0,0.0
16.81,6.72,0.0,0.4,0.0,0.0,0.0
16.82,6.724,0.0,0.4,0.0,0.0,0.0
16.83,6.728,0.0,0.4,0.0,0.0,0.0
16.84,6.732,0.0,0.4,0.0,0.0,0.0
16.85,6.736,0.0,0.4,0.0,0.0,0.0
16.86,6.74,0.0,0.4,0.0,0.0,0.0
16.87,6.744,0.0,0.4,0.0,0.0,0.0
16.88,6.748,0.0,0.4,0.0,0.0,0.0
16.89,6.752,0.0,0.4,0.0,0.0,0.0
16.9,6.756,0.0,0.4,0.0,0.0,0.0
16.91,6.76,0.0,0.4,0.0,0.0,0.0
16.92,6.764,0.0,0.4,0.0,0.0,0.0
16.93,6.768,0.0,0.4,0.0,0.0,0.0
16.94,6.772,0.0,0.4,0.0,0.0,0.0
16.95,6.776,0.0,0.4,0.0,0.0,0.0
16.96,6.78,0.0,0.4,0.0,0.0,0.0
16.97,6.784,0.0,0.4,0.0,0.0,0.0
16.98,6.788,0.0,0.4,0.0,0.0,0.0
16.99,6.792,0.0,0.4,0.0,0.0,0.0
17.0,6.796,0.0,0.4,0.0,0.0,0.0
17.01,6.8,0.0,0.4,0.0,0.0,0.0
17.02,6.804,0.0,0.4,0.0,0.0,0.0
17.03,6.808,0.0,0.4,0.0,0.0,0.0
17.04,6.812,0.0,0.4,0.0,0.0,0.0
17.05,6.816,0.0,0.4,0.0,0.0,0.0
17.06,6.82,0.0,0.4,0.0,0.0,0.0
17.07,6.824,0.0,0.4,0.0,0.0,0.0
17.08,6.828,0.0,0.4,0.0,0.0,0.0
17.09,6.832,0.0,0.4,0.0,0.0,0.0
17.1,6.836,0.0,0.4,0.0,0.0,0.0
17.11,6.84,0.0,0.4,0.0,0.0,0.0
17.12,6.844,0.0,0.4,0.0,0.0,0.0
17.13,6.848,0.0,0.4,0.0,0.0,0.0
17.14,6.852,0.0,0.4,0.0,0.0,0.0
17.15,6.856,0.0,0.4,0.0,0.0,0.0
17.16,6.86,0.0,0.4,0.0,0.0,0.0
17.17,6.864,0.0,0.4,0.0,0.0,0.0
17.18,6.868,0.0,0.4,0.0,0.0,0.0
17.19,6.872,0.0,0.4,0.0,0.0,0.0
17.2,6.876,0.0,0.4,0.0,0.0,0.0
17.21,6.88,0.0,0.4,0.0,0.0,0.0
17.22,6.884,0.0,0.4,0.0,0.0,0.0
17.23,6.888,0.0,0.4,0.0,0.0,0.0
17.24,6.892,0.0,0.4,0.0,0.0,0.0
17.25,6.896,0.0,0.4,0.0,0.0,0.0
17.26,6.9,0.0,0.4,0.0,0.0,0.0
17.27,6.904,0.0,0.4,0.0,0.0,0.0
17.28,6.908,0.0,0.4,0.0,0.0,0.0
17.29,6.912,0.0,0.4,0.0,0.0,0.0
17.3,6.916,0.0,0.4,0.0,0.0,0.0
17.31,6.92,0.0,0.4,0.0,0.0,0.0
17.32,6.924,0.0,0.4,0.0,0.0,0.0
17.33,6.928,0.0,0.4,0.0,0.0,0.0
17.34,6.932,0.0,0.4,0.0,0.0,0.0
17.35,6.936,0.0,0.4,0.0,0.0,0.0
17.36,6.94,0.0,0.4,0.0,0.0,0.0
17.37,6.944,0.0,0.4,0.0,0.0,0.0
17.38,6.948,0.0,0.4,0.0,0.0,0.0
17.39,6.952,0.0,0.4,0.0,0.0,0.0
17.4,6.956,0.0,0.4,0.0,0.0,0.0
17.41,6.96,0.0,0.4,0.0,0.0,0.0
17.42,6.964,0.0,0.4,0.0,0.0,0.0
17.43,6.968,0.0,0.4,0.0,0.0,0.0
17.44,6.972,0.0,0.4,0.0,0.0,0.0
17.45,6.976,0.0,0.4,0.0,0.0,0.0
17.46,6.98,0.0,0.4,0.0,0.0,0.0
17.47,6.984,0.0,0.4,0.0,0.0,0.0
17.48,6.988,0.0,0.4,0.0,0.0,0.0
17.49,6.992,0.0,0.4,0.0,0.0,0.0
17.5,6.996,0.0,0.4,0.0,0.0,0.0
17.51,7.0,0.0,0.4,0.0,0.0,0.0
17.52,7.004,0.0,0.4,0.0,0.0,0.0
17.53,7.008,0.0,0.4,0.0,0.0,0.0
17.54,7.012,0.0,0.4,0.0,0.0,0.0
17.55,7.016,0.0,0.4,0.0,0.0,0.0
17.56,7.02,0.0,0.4,0.0,0.0,0.0
17.57,7.024,0.0,0.4,0.0,0.0,0.0
17.58,7.028,0.0,0.4,0.0,0.0,0.0
17.59,7.032,0.0,0.4,0.0,0.0,0.0
17.6,7.036,0.0,0.4,0.0,0.0,0.0
17.61,7.04,0.0,0.4,0.0,0.0,0.0
17.62,7.044,0.0,0.4,0.0,0.0,0.0
17.63,7.048,0.0,0.4,0.0,0.0,0.0
17.64,7.052,0.0,0.4,0.0,0.0,0.0
17.65,7.056,0.0,0.4,0.0,0.0,0.0
17.66,7.06,0.0,0.4,0.0,0.0,0.0
17.67,7.064,0.0,0.4,0.0,0.0,0.0
17.68,7.068,0.0,0.4,0.0,0.0,0.0
17.69,7.072,0.0,0.4,0.0,0.0,0.0
17.7,7.076,0.0,0.4,0.0,0.0,0.0
17.71,7.08,0.0,0.4,0.0,0.0,0.0
17.72,7.084,0.0,0.4,0.0,0.0,0.0
17.73,7.088,0.0,0.4,0.0,0.0,0.0
17.74,7.092,0.0,0.4,0.0,0.0,0.0
17.75,7.096,0.0,0.4,0.0,0.0,0.0
17.76,7.1,0.0,0.4,0.0,0.0,0.0
17.77,7.104,0.0,0.4,0.0,0.0,0.0
17.78,7.108,0.0,0.4,0.0,0.0,0.0
17.79,7.112,0.0,0.4,0.0,0.0,0.0
17.8,7.116,0.0,0.4,0.0,0.0,0.0
17.81,7.12,0.0,0.4,0.0,0.0,0.0
17.82,7.124,0.0,0.4,0.0,0.0,0.0
17.83,7.128,0.0,0.4,0.0,0.0,0.0
17.84,7.132,0.0,0.4,0.0,0.0,0.0
17.85,7.136,0.0,0.4,0.0,0.0,0.0
17.86,7.14,0.0,0.4,0.0,0.0,0.0
17.87,7.144,0.0,0.4,0.0,0.0,0.0
17.88,7.148,0.0,0.4,0.0,0.0,0.0
17.89,7.152,0.0,0.4,0.0,0.0,0.0
17.9,7.156,0.0,0.4,0.0,0.0,0.0
17.91,7.16,0.0,0.4,0.0,0.0,0.0
17.92,7.164,0.0,0.4,0.0,0.0,0.0
17.93,7.168,0.0,0.4,0.0,0.0,0.0
17.94,7.172,0.0,0.4,0.0,0.0,0.0
17.95,7.176,0.0,0.4,0.0,0.0,0.0
17.96,7.18,0.0,0.4,0.0,0.0,0.0
17.97,7.184,0.0,0.4,0.0,0.0,0.0
17.98,7.188,0.0,0.4,0.0,0.0,0.0
17.99,7.192,0.0,0.4,0.0,0.0,0.0
18.0,7.196,0.0,0.4,0.0,0.0,0.0
18.01,7.2,0.0,0.4,0.0,0.0,0.0
18.02,7.204,0.0,0.4,0.0,0.0,0.0
18.03,7.208,0.0,0.4,0.0,0.0,0.0
18.04,7.212,0.0,0.4,0.0,0.0,0.0
18.05,7.216,0.0,0.4,0.0,0.0,0.0
18.06,7.22,0.0,0.4,0.0,0.0,0.0
18.07,7.224,0.0,0.4,0.0,0.0,0.0
18.08,7.228,0.0,0.4,0.0,0.0,0.0
18.09,7.232,0.0,0.4,0.0,0.0,0.0
18.1,7.236,0.0,0.4,0.0,0.0,0.0
18.11,7.24,0.0,0.4,0.0,0.0,0.0
18.12,7.244,0.0,0.4,0.0,0.0,0.0
18.13,7.248,0.0,0.4,0.0,0.0,0.0
18.14,7.252,0.0,0.4,0.0,0.0,0.0
18.15,7.256,0.0,0.4,0.0,0.0,0.0
18.16,7.26,0.0,0.4,0.0,0.0,0.0
18.17,7.264,0.0,0.4,0.0,0.0,0.0
18.18,7.268,0.0,0.4,0.0,0.0,0.0
18.19,7.272,0.0,0.4,0.0,0.0,0.0
18.2,7.276,0.0,0.4,0.0,0.0,0.0
18.21,7.28,0.0,0.4,0.0,0.0,0.0
18.22,7.284,0.0,0.4,0.0,0.0,0.0
18.23,7.288,0.0,0.4,0.0,0.0,0.0
18.24,7.292,0.0,0.4,0.0,0.0,0.0
18.25,7.296,0.0,0.4,0.0,0.0,0.0
18.26,7.3,0.0,0.4,0.0,0.0,0.0
18.27,7.304,0.0,0.4,0.0,0.0,0.0
18.28,7.308,0.0,0.4,0.0,0.0,0.0
18.29,7.312,0.0,0.4,0.0,0.0,0.0
18.3,7.316,0.0,0.4,0.0,0.0,0.0
18.31,7.32,0.0,0.4,0.0,0.0,0.0
18.32,7.324,0.0,0.4,0.0,0.0,0.0
18.33,7.328,0.0,0.4,0.0,0.0,0.0
18.34,7.332,0.0,0.4,0.0,0.0,0.0
18.35,7.336,0.0,0.4,0.0,0.0,0.0
18.36,7.34,0.0,0.4,0.0,0.0,0.0
18.37,7.344,0.0,0.4,0.0,0.0,0.0
18.38,7.348,0.0,0.4,0.0,0.0,0.0
18.39,7.352,0.0,0.4,0.0,0.0,0.0
18.4,7.356,0.0,0.4,0.0,0.0,0.0
18.41,7.36,0.0,0.4,0.0,0.0,0.0
18.42,7.364,0.0,0.4,0.0,0.0,0.0
18.43,7.368,0.0,0.4,0.0,0.0,0.0
18.44,7.372,0.0,0.4,0.0,0.0,0.0
18.45,7.376,0.0,0.4,0.0,0.0,0.0
18.46,7.38,0.0,0.4,0.0,0.0,0.0
18.47,7.384,0.0,0.4,0.0,0.0,0.0
18.48,7.388,0.0,0.4,0.0,0.0,0.0
18.49,7.392,0.0,0.4,0.0,0.0,0.0
18.5,7.396,0.0,0.4,0.0,0.0,0.0
18.51,7.4,0.0,0.4,0.0,0.0,0.0
18.52,7.404,0.0,0.4,0.0,0.0,0.0
18.53,7.408,0.0,0.4,0.0,0.0,0.0
18.54,7.412,0.0,0.4,0.0,0.0,0.0
18.55,7.416,0.0,0.4,0.0,0.0,0.0
18.56,7.42,0.0,0.4,0.0,0.0,0.0
18.57,7.424,0.0,0.4,0.0,0.0,0.0
18.58,7.428,0.0,0.4,0.0,0.0,0.0
18.59,7.432,0.0,0.4,0.0,0.0,0.0
18.6,7.436,0.0,0.4,0.0,0.0,0.0
18.61,7.44,0.0,0.4,0.0,0.0,0.0
18.62,7.444,0.0,0.4,0.0,0.0,0.0
18.63,7.448,0.0,0.4,0.0,0.0,0.0
18.64,7.452,0.0,0.4,0.0,0.0,0.0
18.65,7.456,0.0,0.4,0.0,0.0,0.0
18.66,7.46,0.0,0.4,0.0,0.0,0.0
18.67,7.464,0.0,0.4,0.0,0.0,0.0
18.68,7.468,0.0,0.4,0.0,0.0,0.0
18.69,7.472,0.0,0.4,0.0,0.0,0.0
18.7,7.476,0.0,0.4,0.0,0.0,0.0
18.71,7.48,0.0,0.4,0.0,0.0,0.0
18.72,7.484,0.0,0.4,0.0,0.0,0.0
18.73,7.488,0.0,0.4,0.0,0.0,0.0
18.74,7.492,0.0,0.4,0.0,0.0,0.0
18.75,7.496,0.0,0.4,0.0,0.0,0.0
18.76,7.5,0.0,0.4,0.0,0.0,0.0
18.77,7.504,0.0,0.4,0.0,0.0,0.0
18.78,7.508,0.0,0.4,0.0,0.0,0.0
18.79,7.512,0.0,0.4,0.0,0.0,0.0
18.8,7.516,0.0,0.4,0.0,0.0,0.0
18.81,7.52,0.0,0.4,0.0,0.0,0.0
18.82,7.524,0.0,0.4,0.0,0.0,0.0
18.83,7.528,0.0,0.4,0.0,0.0,0.0
18.84,7.532,0.0,0.4,0.0,0.0,0.0
18.85,7.536,0.0,0.4,0.0,0.0,0.0
18.86,7.54,0.0,0.4,0.0,0.0,0.0
18.87,7.544,0.0,0.4,0.0,0.0,0.0
18.88,7.548,0.0,0.4,0.0,0.0,0.0
18.89,7.552,0.0,0.4,0.0,0.0,0.0
18.9,7.556,0.0,0.4,0.0,0.0,0.0
18.91,7.56,0.0,0.4,0.0,0.0,0.0
18.92,7.564,0.0,0.4,0.0,0.0,0.0
18.93,7.568,0.0,0.4,0.0,0.0,0.0
18.94,7.572,0.0,0.4,0.0,0.0,0.0
18.95,7.576,0.0,0.4,0.0,0.0,0.0
18.96,7.58,0.0,0.4,0.0,0.0,0.0
18.97,7.584,0.0,0.4,0.0,0.0,0.0
18.98,7.588,0.0,0.4,0.0,0.0,0.0
18.99,7.592,0.0,0.4,0.0,0.0,0.0
19.0,7.596,0.0,0.4,0.0,0.0,0.0
19.01,7.6,0.0,0.4,0.0,0.0,0.0
19.02,7.604,0.0,0.4,0.0,0.0,0.0
19.03,7.608,0.0,0.4,0.0,0.0,0.0
19.04,7.612,0.0,0.4,0.0,0.0,0.0
19.05,7.616,0.0,0.4,0.0,0.0,0.0
19.06,7.62,0.0,0.4,0.0,0.0,0.0
19.07,7.624,0.0,0.4,0.0,0.0,0.0
19.08,7.628,0.0,0.4,0.0,0.0,0.0
19.09,7.632,0.0,0.4,0.0,0.0,0.0
19.1,7.636,0.0,0.4,0.0,0.0,0.0
19.11,7.64,0.0,0.4,0.0,0.0,0.0
19.12,7.644,0.0,0.4,0.0,0.0,0.0
19.13,7.648,0.0,0.4,0.0,0.0,0.0
19.14,7.652,0.0,0.4,0.0,0.0,0.0
19.15,7.656,0.0,0.4,0.0,0.0,0.0
19.16,7.66,0.0,0.4,0.0,0.0,0.0
19.17,7.664,0.0,0.4,0.0,0.0,0.0
19.18,7.668,0.0,0.4,0.0,0.0,0.0
19.19,7.672,0.0,0.4,0.0,0.0,0.0
19.2,7.676,0.0,0.4,0.0,0.0,0.0
19.21,7.68,0.0,0.4,0.0,0.0,0.0
19.22,7.684,0.0,0.4,0.0,0.0,0.0
19.23,7.688,0.0,0.4,0.0,0.0,0.0
19.24,7.692,0.0,0.4,0.0,0.0,0.0
19.25,7.696,0.0,0.4,0.0,0.0,0.0
19.26,7.7,0.0,0.4,0.0,0.0,0.0
19.27,7.704,0.0,0.4,0.0,0.0,0.0
19.28,7.708,0.0,0.4,0.0,0.0,0.0
19.29,7.712,0.0,0.4,0.0,0.0,0.0
19.3,7.716,0.0,0.4,0.0,0.0,0.0
19.31,7.72,0.0,0.4,0.0,0.0,0.0
19.32,7.724,0.0,0.4,0.0,0.0,0.0
19.33,7.728,0.0,0.4,0.0,0.0,0.0
19.34,7.732,0.0,0.4,0.0,0.0,0.0
19.35,7.736,0.0,0.4,0.0,0.0,0.0
19.36,7.74,0.0,0.4,0.0,0.0,0.0
19.37,7.744,0.0,0.4,0.0,0.0,0.0
19.38,7.748,0.0,0.4,0.0,0.0,0.0
19.39,7.752,0.0,0.4,0.0,0.0,0.0
19.4,7.756,0.0,0.4,0.0,0.0,0.0
19.41,7.76,0.0,0.4,0.0,0.0,0.0
19.42,7.764,0.0,0.4,0.0,0.0,0.0
19.43,7.768,0.0,0.4,0.0,0.0,0.0
19.44,7.772,0.0,0.4,0.0,0.0,0.0
19.45,7.776,0.0,0.4,0.0,0.0,0.0
19.46,7.78,0.0,0.4,0.0,0.0,0.0
19.47,7.784,0.0,0.4,0.0,0.0,0.0
19.48,7.788,0.0,0.4,0.0,0.0,0.0
19.49,7.792,0.0,0.4,0.0,0.0,0.0
19.5,7.796,0.0,0.4,0.0,0.0,0.0
19.51,7.8,0.0,0.4,0.0,0.0,0.0
19.52,7.804,0.0,0.4,0.0,0.0,0.0
19.53,7.808,0.0,0.4,0.0,0.0,0.0
19.54,7.812,0.0,0.4,0.0,0.0,0.0
19.55,7.816,0.0,0.4,0.0,0.0,0.0
19.56,7.82,0.0,0.4,0.0,0.0,0.0
19.57,7.824,0.0,0.4,0.0,0.0,0.0
19.58,7.828,0.0,0.4,0.0,0.0,0.0
19.59,7.832,0.0,0.4,0.0,0.0,0.0
19.6,7.836,0.0,0.4,0.0,0.0,0.0
19.61,7.84,0.0,0.4,0.0,0.0,0.0
19.62,7.844,0.0,0.4,0.0,0.0,0.0
19.63,7.848,0.0,0.4,0.0,0.0,0.0
19.64,7.852,0.0,0.4,0.0,0.0,0.0
19.65,7.856,0.0,0.4,0.0,0.0,0.0
19.66,7.86,0.0,0.4,0.0,0.0,0.0
19.67,7.864,0.0,0.4,0.0,0.0,0.0
19.68,7.868,0.0,0.4,0.0,0.0,0.0
19.69,7.872,0.0,0.4,0.0,0.0,0.0
19.7,7.876,0.0,0.4,0.0,0.0,0.0
19.71,7.88,0.0,0.4,0.0,0.0,0.0
19.72,7.884,0.0,0.4,0.0,0.0,0.0
19.73,7.888,0.0,0.4,0.0,0.0,0.0
19.74,7.892,0.0,0.4,0.0,0.0,0.0
19.75,7.896,0.0,0.4,0.0,0.0,0.0
19.76,7.9,0.0,0.4,0.0,0.0,0.0
19.77,7.904,0.0,0.4,0.0,0.0,0.0
19.78,7.908,0.0,0.4,0.0,0.0,0.0
19.79,7.912,0.0,0.4,0.0,0.0,0.0
19.8,7.916,0.0,0.4,0.0,0.0,0.0
19.81,7.92,0.0,0.4,0.0,0.0,0.0
19.82,7.924,0.0,0.4,0.0,0.0,0.0
19.83,7.928,0.0,0.4,0.0,0.0,0.0
19.84,7.932,0.0,0.4,0.0,0.0,0.0
19.85,7.936,0.0,0.4,0.0,0.0,0.0
19.86,7.94,0.0,0.4,0.0,0.0,0.0
19.87,7.944,0.0,0.4,0.0,0.0,0.0
19.88,7.948,0.0,0.4,0.0,0.0,0.0
19.89,7.952,0.0,0.4,0.0,0.0,0.0
19.9,7.956,0.0,0.4,0.0,0.0,0.0
19.91,7.96,0.0,0.4,0.0,0.0,0.0
19.92,7.964,0.0,0.4,0.0,0.0,0.0
19.93,7.968,0.0,0.4,0.0,0.0,0.0
19.94,7.972,0.0,0.4,0.0,0.0,0.0
19.95,7.976,0.0,0.4,0.0,0.0,0.0
19.96,7.98,0.0,0.4,0.0,0.0,0.0
19.97,7.984,0.0,0.4,0.0,0.0,0.0
19.98,7.988,0.0,0.4,0.0,0.0,0.0
19.99,7.992,0.0,0.4,0.0,0.0,0.0
20.0,7.996,0.0,0.4,0.0,0.0,0.0
20.01,8.0,0.0,0.4,0.0,0.0,0.0
20.02,8.004,0.0,0.4,0.0,0.0,0.0
20.03,8.008,0.0,0.4,0.0,0.0,0.0
20.04,8.012,0.0,0.4,0.0,0.0,0.0
20.05,8.016,0.0,0.4,0.0,0.0,0.0
20.06,8.02,0.0,0.4,0.0,0.0,0.0
20.07,8.024,0.0,0.4,0.0,0.0,0.0
20.08,8.028,0.0,0.4,0.0,0.0,0.0
20.09,8.032,0.0,0.4,0.0,0.0,0.0
20.1,8.036,0.0,0.4,0.0,0.0,0.0
20.11,8.04,0.0,0.4,0.0,0.0,0.0
20.12,8.044,0.0,0.4,0.0,0.0,0.0
20.13,8.048,0.0,0.4,0.0,0.0,0.0
20.14,8.052,0.0,0.4,0.0,0.0,0.0
20.15,8.056,0.0,0.4,0.0,0.0,0.0
20.16,8.06,0.0,0.4,0.0,0.0,0.0
20.17,8.064,0.0,0.4,0.0,0.0,0.0
20.18,8.068,0.0,0.4,0.0,0.0,0.0
20.19,8.072,0.0,0.4,0.0,0.0,0.0
20.2,8.076,0.0,0.4,0.0,0.0,0.0
20.21,8.08,0.0,0.4,0.0,0.0,0.0
20.22,8.084,0.0,0.4,0.0,0.0,0.0
20.23,8.088,0.0,0.4,0.0,0.0,0.0
20.24,8.092,0.0,0.4,0.0,0.0,0.0
20.25,8.096,0.0,0.4,0.0,0.0,0.0
20.26,8.1,0.0,0.4,0.0,0.0,0.0
20.27,8.104,0.0,0.4,0.0,0.0,0.0
20.28,8.108,0.0,0.4,0.0,0.0,0.0
20.29,8.112,0.0,0.4,0.0,0.0,0.0
20.3,8.116,0.0,0.4,0.0,0.0,0.0
20.31,8.12,0.0,0.4,0.0,0.0,0.0
20.32,8.124,0.0,0.4,0.0,0.0,0.0
20.33,8.128,0.0,0.4,0.0,0.0,0.0
20.34,8.132,0.0,0.4,0.0,0.0,0.0
20.35,8.136,0.0,0.4,0.0,0.0,0.0
20.36,8.14,0.0,0.4,0.0,0.0,0.0
20.37,8.144,0.0,0.4,0.0,0.0,0.0
20.38,8.148,0.0,0.4,0.0,0.0,0.0
20.39,8.152,0.0,0.4,0.0,0.0,0.0
20.4,8.156,0.0,0.4,0.0,0.0,0.0
20.41,8.16,0.0,0.4,0.0,0.0,0.0
20.42,8.164,0.0,0.4,0.0,0.0,0.0
20.43,8.168,0.0,0.4,0.0,0.0,0.0
20.44,8.172,0.0,0.4,0.0,0.0,0.0
20.45,8.176,0.0,0.4,0.0,0.0,0.0
20.46,8.18,0.0,0.4,0.0,0.0,0.0
20.47,8.184,0.0,0.4,0.0,0.0,0.0
20.48,8.188,0.0,0.4,0.0,0.0,0.0
20.49,8.192,0.0,0.4,0.0,0.0,0.0
20.5,8.196,0.0,0.4,0.0,0.0,0.0
20.51,8.2,0.0,0.4,0.0,0.0,0.0
20.52,8.204,0.0,0.4,0.0,0.0,0.0
20.53,8.208,0.0,0.4,0.0,0.0,0.0
20.54,8.212,0.0,0.4,0.0,0.0,0.0
20.55,8.216,0.0,0.4,0.0,0.0,0.0
20.56,8.22,0.0,0.4,0.0,0.0,0.0
20.57,8.224,0.0,0.4,0.0,0.0,0.0
20.58,8.228,0.0,0.4,0.0,0.0,0.0
20.59,8.232,0.0,0.4,0.0,0.0,0.0
20.6,8.236,0.0,0.4,0.0,0.0,0.0
20.61,8.24,0.0,0.4,0.0,0.0,0.0
20.62,8.244,0.0,0.4,0.0,0.0,0.0
20.63,8.248,0.0,0.4,0.0,0.0,0.0
20.64,8.252,0.0,0.4,0.0,0.0,0.0
20.65,8.256,0.0,0.4,0.0,0.0,0.0
20.66,8.26,0.0,0.4,0.0,0.0,0.0
20.67,8.264,0.0,0.4,0.0,0.0,0.0
20.68,8.268,0.0,0.4,0.0,0.0,0.0
20.69,8.272,0.0,0.4,0.0,0.0,0.0
20.7,8.276,0.0,0.4,0.0,0.0,0.0
20.71,8.28,0.0,0.4,0.0,0.0,0.0
20.72,8.284,0.0,0.4,0.0,0.0,0.0
20.73,8.288,0.0,0.4,0.0,0.0,0.0
20.74,8.292,0.0,0.4,0.0,0.0,0.0
20.75,8.296,0.0,0.4,0.0,0.0,0.0
20.76,8.3,0.0,0.4,0.0,0.0,0.0
20.77,8.304,0.0,0.4,0.0,0.0,0.0
20.78,8.308,0.0,0.4,0.0,0.0,0.0
20.79,8.312,0.0,0.4,0.0,0.0,0.0
20.8,8.316,0.0,0.4,0.0,0.0,0.0
20.81,8.32,0.0,0.4,0.0,0.0,0.0
20.82,8.324,0.0,0.4,0.0,0.0,0.0
20.83,8.328,0.0,0.4,0.0,0.0,0.0
20.84,8.332,0.0,0.4,0.0,0.0,0.0
20.85,8.336,0.0,0.4,0.0,0.0,0.0
20.86,8.34,0.0,0.4,0.0,0.0,0.0
20.87,8.344,0.0,0.4,0.0,0.0,0.0
20.88,8.348,0.0,0.4,0.0,0.0,0.0
20.89,8.352,0.0,0.4,0.0,0.0,0.0
20.9,8.356,0.0,0.4,0.0,0.0,0.0
20.91,8.36,0.0,0.4,0.0,0.0,0.0
20.92,8.364,0.0,0.4,0.0,0.0,0.0
20.93,8.368,0.0,0.4,0.0,0.0,0.0
20.94,8.372,0.0,0.4,0.0,0.0,0.0
20.95,8.376,0.0,0.4,0.0,0.0,0.0
20.96,8.38,0.0,0.4,0.0,0.0,0.0
20.97,8.384,0.0,0.4,0.0,0.0,0.0
20.98,8.388,0.0,0.4,0.0,0.0,0.0
20.99,8.392,0.0,0.4,0.0,0.0,0.0
21.0,8.396,0.0,0.4,0.0,0.0,0.0
21.01,8.4,0.0,0.4,0.0,0.0,0.0
21.02,8.404,0.0,0.4,0.0,0.0,0.0
21.03,8.408,0.0,0.4,0.0,0.0,0.0
21.04,8.412,0.0,0.4,0.0,0.0,0.0
21.05,8.416,0.0,0.4,0.0,0.0,0.0
21.06,8.42,0.0,0.4,0.0,0.0,0.0
21.07,8.424,0.0,0.4,0.0,0.0,0.0
21.08,8.428,0.0,0.4,0.0,0.0,0.0
21.09,8.432,0.0,0.4,0.0,0.0,0.0
21.1,8.436,0.0,0.4,0.0,0.0,0.0
21.11,8.44,0.0,0.4,0.0,0.0,0.0
21.12,8.444,0.0,0.4,0.0,0.0,0.0
21.13,8.448,0.0,0.4,0.0,0.0,0.0
21.14,8.452,0.0,0.4,0.0,0.0,0.0
21.15,8.456,0.0,0.4,0.0,0.0,0.0
21.16,8.46,0.0,0.4,0.0,0.0,0.0
21.17,8.464,0.0,0.4,0.0,0.0,0.0
21.18,8.468,0.0,0.4,0.0,0.0,0.0
21.19,8.472,0.0,0.4,0.0,0.0,0.0
21.2,8.476,0.0,0.4,0.0,0.0,0.0
21.21,8.48,0.0,0.4,0.0,0.0,0.0
21.22,8.484,0.0,0.4,0.0,0.0,0.0
21.23,8.488,0.0,0.4,0.0,0.0,0.0
21.24,8.492,0.0,0.4,0.0,0.0,0.0
21.25,8.496,0.0,0.4,0.0,0.0,0.0
21.26,8.5,0.0,0.4,0.0,0.0,0.0
21.27,8.504,0.0,0.4,0.0,0.0,0.0
21.28,8.508,0.0,0.4,0.0,0.0,0.0
21.29,8.512,0.0,0.4,0.0,0.0,0.0
21.3,8.516,0.0,0.4,0.0,0.0,0.0
21.31,8.52,0.0,0.4,0.0,0.0,0.0
21.32,8.524,0.0,0.4,0.0,0.0,0.0
21.33,8.528,0.0,0.4,0.0,0.0,0.0
21.34,8.532,0.0,0.4,0.0,0.0,0.0
21.35,8.536,0.0,0.4,0.0,0.0,0.0
21.36,8.54,0.0,0.4,0.0,0.0,0.0
21.37,8.544,0.0,0.4,0.0,0.0,0.0
21.38,8.548,0.0,0.4,0.0,0.0,0.0
21.39,8.552,0.0,0.4,0.0,0.0,0.0
21.4,8.556,0.0,0.4,0.0,0.0,0.0
21.41,8.56,0.0,0.4,0.0,0.0,0.0
21.42,8.564,0.0,0.4,0.0,0.0,0.0
21.43,8.568,0.0,0.4,0.0,0.0,0.0
21.44,8.572,0.0,0.4,0.0,0.0,0.0
21.45,8.576,0.0,0.4,0.0,0.0,0.0
21.46,8.58,0.0,0.4,0.0,0.0,0.0
21.47,8.584,0.0,0.4,0.0,0.0,0.0
21.48,8.588,0.0,0.4,0.0,0.0,0.0
21.49,8.592,0.0,0.4,0.0,0.0,0.0
21.5,8.596,0.0,0.4,0.0,0.0,0.0
21.51,8.6,0.0,0.4,0.0,0.0,0.0
21.52,8.604,0.0,0.4,0.0,0.0,0.0
21.53,8.608,0.0,0.4,0.0,0.0,0.0
21.54,8.612,0.0,0.4,0.0,0.0,0.0
21.55,8.616,0.0,0.4,0.0,0.0,0.0
21.56,8.62,0.0,0.4,0.0,0.0,0.0
21.57,8.624,0.0,0.4,0.0,0.0,0.0
21.58,8.628,0.0,0.4,0.0,0.0,0.0
21.59,8.632,0.0,0.4,0.0,0.0,0.0
21.6,8.636,0.0,0.4,0.0,0.0,0.0
21.61,8.64,0.0,0.4,0.0,0.0,0.0
21.62,8.644,0.0,0.4,0.0,0.0,0.0
21.63,8.648,0.0,0.4,0.0,0.0,0.0
21.64,8.652,0.0,0.4,0.0,0.0,0.0
21.65,8.656,0.0,0.4,0.0,0.0,0.0
21.66,8.66,0.0,0.4,0.0,0.0,0.0
21.67,8.664,0.0,0.4,0.0,0.0,0.0
21.68,8.668,0.0,0.4,0.0,0.0,0.0
21.69,8.672,0.0,0.4,0.0,0.0,0.0
21.7,8.676,0.0,0.4,0.0,0.0,0.0
21.71,8.68,0.0,0.4,0.0,0.0,0.0
21.72,8.684,0.0,0.4,0.0,0.0,0.0
21.73,8.688,0.0,0.4,0.0,0.0,0.0
21.74,8.692,0.0,0.4,0.0,0.0,0.0
21.75,8.696,0.0,0.4,0.0,0.0,0.0
21.76,8.7,0.0,0.4,0.0,0.0,0.0
21.77,8.704,0.0,0.4,0.0,0.0,0.0
21.78,8.708,0.0,0.4,0.0,0.0,0.0
21.79,8.712,0.0,0.4,0.0,0.0,0.0
21.8,8.716,0.0,0.4,0.0,0.0,0.0
21.81,8.72,0.0,0.4,0.0,0.0,0.0
21.82,8.724,0.0,0.4,0.0,0.0,0.0
21.83,8.728,0.0,0.4,0.0,0.0,0.0
21.84,8.732,0.0,0.4,0.0,0.0,0.0
21.85,8.736,0.0,0.4,0.0,0.0,0.0
21.86,8.74,0.0,0.4,0.0,0.0,0.0
21.87,8.744,0.0,0.4,0.0,0.0,0.0
21.88,8.748,0.0,0.4,0.0,0.0,0.0
21.89,8.752,0.0,0.4,0.0,0.0,0.0
21.9,8.756,0.0,0.4,0.0,0.0,0.0
21.91,8.76,0.0,0.4,0.0,0.0,0.0
21.92,8.764,0.0,0.4,0.0,0.0,0.0
21.93,8.768,0.0,0.4,0.0,0.0,0.0
21.94,8.772,0.0,0.4,0.0,0.0,0.0
21.95,8.776,0.0,0.4,0.0,0.0,0.0
21.96,8.78,0.0,0.4,0.0,0.0,0.0
21.97,8.784,0.0,0.4,0.0,0.0,0.0
21.98,8.788,0.0,0.4,0.0,0.0,0.0
21.99,8.792,0.0,0.4,0.0,0.0,0.0
22.0,8.796,0.0,0.4,0.0,0.0,0.0
22.01,8.8,0.0,0.4,0.0,0.0,0.0
22.02,8.804,0.0,0.4,0.0,0.0,0.0
22.03,8.808,0.0,0.4,0.0,0.0,0.0
22.04,8.812,0.0,0.4,0.0,0.0,0.0
22.05,8.816,0.0,0.4,0.0,0.0,0.0
22.06,8.82,0.0,0.4,0.0,0.0,0.0
22.07,8.824,0.0,0.4,0.0,0.0,0.0
22.08,8.828,0.0,0.4,0.0,0.0,0.0
22.09,8.832,0.0,0.4,0.0,0.0,0.0
22.1,8.836,0.0,0.4,0.0,0.0,0.0
22.11,8.84,0.0,0.4,0.0,0.0,0.0
22.12,8.844,0.0,0.4,0.0,0.0,0.0
22.13,8.848,0.0,0.4,0.0,0.0,0.0
22.14,8.852,0.0,0.4,0.0,0.0,0.0
22.15,8.856,0.0,0.4,0.0,0.0,0.0
22.16,8.86,0.0,0.4,0.0,0.0,0.0
22.17,8.864,0.0,0.4,0.0,0.0,0.0
22.18,8.868,0.0,0.4,0.0,0.0,0.0
22.19,8.872,0.0,0.4,0.0,0.0,0.0
22.2,8.876,0.0,0.4,0.0,0.0,0.0
22.21,8.88,0.0,0.4,0.0,0.0,0.0
22.22,8.884,0.0,0.4,0.0,0.0,0.0
22.23,8.888,0.0,0.4,0.0,0.0,0.0
22.24,8.892,0.0,0.4,0.0,0.0,0.0
22.25,8.896,0.0,0.4,0.0,0.0,0.0
22.26,8.9,0.0,0.4,0.0,0.0,0.0
22.27,8.904,0.0,0.4,0.0,0.0,0.0
22.28,8.908,0.0,0.4,0.0,0.0,0.0
22.29,8.912,0.0,0.4,0.0,0.0,0.0
22.3,8.916,0.0,0.4,0.0,0.0,0.0
22.31,8.92,0.0,0.4,0.0,0.0,0.0
22.32,8.924,0.0,0.4,0.0,0.0,0.0
22.33,8.928,0.0,0.4,0.0,0.0,0.0
22.34,8.932,0.0,0.4,0.0,0.0,0.0
22.35,8.936,0.0,0.4,0.0,0.0,0.0
22.36,8.94,0.0,0.4,0.0,0.0,0.0
22.37,8.944,0.0,0.4,0.0,0.0,0.0
22.38,8.948,0.0,0.4,0.0,0.0,0.0
22.39,8.952,0.0,0.4,0.0,0.0,0.0
22.4,8.956,0.0,0.4,0.0,0.0,0.0
22.41,8.96,0.0,0.4,0.0,0.0,0.0
22.42,8.964,0.0,0.4,0.0,0.0,0.0
22.43,8.968,0.0,0.4,0.0,0.0,0.0
22.44,8.972,0.0,0.4,0.0,0.0,0.0
22.45,8.976,0.0,0.4,0.0,0.0,0.0
22.46,8.98,0.0,0.4,0.0,0.0,0.0
22.47,8.984,0.0,0.4,0.0,0.0,0.0
22.48,8.988,0.0,0.4,0.0,0.0,0.0
22.49,8.992,0.0,0.4,0.0,0.0,0.0
22.5,8.996,0.0,0.4,0.0,0.0,0.0
22.51,9.0,0.0,0.4,0.0,0.0,0.0
22.52,9.004,0.0,0.4,0.0,0.0,0.0
22.53,9.008,0.0,0.4,0.0,0.0,0.0
22.54,9.012,0.0,0.4,0.0,0.0,0.0
22.55,9.016,0.0,0.4,0.0,0.0,0.0
22.56,9.02,0.0,0.4,0.0,0.0,0.0
22.57,9.024,0.0,0.4,0.0,0.0,0.0
22.58,9.028,0.0,0.4,0.0,0.0,0.0
22.59,9.032,0.0,0.4,0.0,0.0,0.0
22.6,9.036,0.0,0.4,0.0,0.0,0.0
22.61,9.04,0.0,0.4,0.0,0.0,0.0
22.62,9.044,0.0,0.4,0.0,0.0,0.0
22.63,9.048,0.0,0.4,0.0,0.0,0.0
22.64,9.052,0.0,0.4,0.0,0.0,0.0
22.65,9.056,0.0,0.4,0.0,0.0,0.0
22.66,9.06,0.0,0.4,0.0,0.0,0.0
22.67,9.064,0.0,0.4,0.0,0.0,0.0
22.68,9.068,0.0,0.4,0.0,0.0,0.0
22.69,9.072,0.0,0.4,0.0,0.0,0.0
22.7,9.076,0.0,0.4,0.0,0.0,0.0
22.71,9.08,0.0,0.4,0.0,0.0,0.0
22.72,9.084,0.0,0.4,0.0,0.0,0.0
22.73,9.088,0.0,0.4,0.0,0.0,0.0
22.74,9.092,0.0,0.4,0.0,0.0,0.0
22.75,9.096,0.0,0.4,0.0,0.0,0.0
22.76,9.1,0.0,0.4,0.0,0.0,0.0
22.77,9.104,0.0,0.4,0.0,0.0,0.0
22.78,9.108,0.0,0.4,0.0,0.0,0.0
22.79,9.112,0.0,0.4,0.0,0.0,0.0
22.8,9.116,0.0,0.4,0.0,0.0,0.0
22.81,9.12,0.0,0.4,0.0,0.0,0.0
22.82,9.124,0.0,0.4,0.0,0.0,0.0
22.83,9.128,0.0,0.4,0.0,0.0,0.0
22.84,9.132,0.0,0.4,0.0,0.0,0.0
22.85,9.136,0.0,0.4,0.0,0.0,0.0
22.86,9.14,0.0,0.4,0.0,0.0,0.0
22.87,9.144,0.0,0.4,0.0,0.0,0.0
22.88,9.148,0.0,0.4,0.0,0.0,0.0
22.89,9.152,0.0,0.4,0.0,0.0,0.0
22.9,9.156,0.0,0.4,0.0,0.0,0.0
22.91,9.16,0.0,0.4,0.0,0.0,0.0
22.92,9.164,0.0,0.4,0.0,0.0,0.0
22.93,9.168,0.0,0.4,0.0,0.0,0.0
22.94,9.172,0.0,0.4,0.0,0.0,0.0
22.95,9.176,0.0,0.4,0.0,0.0,0.0
22.96,9.18,0.0,0.4,0.0,0.0,0.0
22.97,9.184,0.0,0.4,0.0,0.0,0.0
22.98,9.188,0.0,0.4,0.0,0.0,0.0
22.99,9.192,0.0,0.4,0.0,0.0,0.0
23.0,9.196,0.0,0.4,0.0,0.0,0.0
23.01,9.2,0.0,0.4,0.0,0.0,0.0
23.02,9.204,0.0,0.4,0.0,0.0,0.0
23.03,9.208,0.0,0.4,0.0,0.0,0.0
23.04,9.212,0.0,0.4,0.0,0.0,0.0
23.05,9.216,0.0,0.4,0.0,0.0,0.0
23.06,9.22,0.0,0.4,0.0,0.0,0.0
23.07,9.224,0.0,0.4,0.0,0.0,0.0
23.08,9.228,0.0,0.4,0.0,0.0,0.0
23.09,9.232,0.0,0.4,0.0,0.0,0.0
23.1,9.236,0.0,0.4,0.0,0.0,0.0
23.11,9.24,0.0,0.4,0.0,0.0,0.0
23.12,9.244,0.0,0.4,0.0,0.0,0.0
23.13,9.248,0.0,0.4,0.0,0.0,0.0
23.14,9.252,0.0,0.4,0.0,0.0,0.0
23.15,9.256,0.0,0.4,0.0,0.0,0.0
23.16,9.26,0.0,0.4,0.0,0.0,0.0
23.17,9.264,0.0,0.4,0.0,0.0,0.0
23.18,9.268,0.0,0.4,0.0,0.0,0.0
23.19,9.272,0.0,0.4,0.0,0.0,0.0
23.2,9.276,0.0,0.4,0.0,0.0,0.0
23.21,9.28,0.0,0.4,0.0,0.0,0.0
23.22,9.284,0.0,0.4,0.0,0.0,0.0
23.23,9.288,0.0,0.4,0.0,0.0,0.0
23.24,9.292,0.0,0.4,0.0,0.0,0.0
23.25,9.296,0.0,0.4,0.0,0.0,0.0
23.26,9.3,0.0,0.4,0.0,0.0,0.0
23.27,9.304,0.0,0.4,0.0,0.0,0.0
23.28,9.308,0.0,0.4,0.0,0.0,0.0
23.29,9.312,0.0,0.4,0.0,0.0,0.0
23.3,9.316,0.0,0.4,0.0,0.0,0.0
23.31,9.32,0.0,0.4,0.0,0.0,0.0
23.32,9.324,0.0,0.4,0.0,0.0,0.0
23.33,9.328,0.0,0.4,0.0,0.0,0.0
23.34,9.332,0.0,0.4,0.0,0.0,0.0
23.35,9.336,0.0,0.4,0.0,0.0,0.0
23.36,9.34,0.0,0.4,0.0,0.0,0.0
23.37,9.344,0.0,0.4,0.0,0.0,0.0
23.38,9.348,0.0,0.4,0.0,0.0,0.0
23.39,9.352,0.0,0.4,0.0,0.0,0.0
23.4,9.356,0.0,0.4,0.0,0.0,0.0
23.41,9.36,0.0,0.4,0.0,0.0,0.0
23.42,9.364,0.0,0.4,0.0,0.0,0.0
23.43,9.368,0.0,0.4,0.0,0.0,0.0
23.44,9.372,0.0,0.4,0.0,0.0,0.0
23.45,9.376,0.0,0.4,0.0,0.0,0.0
23.46,9.38,0.0,0.4,0.0,0.0,0.0
23.47,9.384,0.0,0.4,0.0,0.0,0.0
23.48,9.388,0.0,0.4,0.0,0.0,0.0
23.49,9.392,0.0,0.4,0.0,0.0,0.0
23.5,9.396,0.0,0.4,0.0,0.0,0.0
23.51,9.4,0.0,0.4,0.0,0.0,0.0
23.52,9.404,0.0,0.4,0.0,0.0,0.0
23.53,9.408,0.0,0.4,0.0,0.0,0.0
23.54,9.412,0.0,0.4,0.0,0.0,0.0
23.55,9.416,0.0,0.4,0.0,0.0,0.0
23.56,9.42,0.0,0.4,0.0,0.0,0.0
23.57,9.424,0.0,0.4,0.0,0.0,0.0
23.58,9.428,0.0,0.4,0.0,0.0,0.0
23.59,9.432,0.0,0.4,0.0,0.0,0.0
23.6,9.436,0.0,0.4,0.0,0.0,0.0
23.61,9.44,0.0,0.4,0.0,0.0,0.0
23.62,9.444,0.0,0.4,0.0,0.0,0.0
23.63,9.448,0.0,0.4,0.0,0.0,0.0
23.64,9.452,0.0,0.4,0.0,0.0,0.0
23.65,9.456,0.0,0.4,0.0,0.0,0.0
23.66,9.46,0.0,0.4,0.0,0.0,0.0
23.67,9.464,0.0,0.4,0.0,0.0,0.0
23.68,9.468,0.0,0.4,0.0,0.0,0.0
23.69,9.472,0.0,0.4,0.0,0.0,0.0
23.7,9.476,0.0,0.4,0.0,0.0,0.0
23.71,9.48,0.0,0.4,0.0,0.0,0.0
23.72,9.484,0.0,0.4,0.0,0.0,0.0
23.73,9.488,0.0,0.4,0.0,0.0,0.0
23.74,9.492,0.0,0.4,0.0,0.0,0.0
23.75,9.496,0.0,0.4,0.0,0.0,0.0
23.76,9.5,0.0,0.4,0.0,0.0,0.0
23.77,9.504,0.0,0.4,0.0,0.0,0.0
23.78,9.508,0.0,0.4,0.0,0.0,0.0
23.79,9.512,0.0,0.4,0.0,0.0,0.0
23.8,9.516,0.0,0.4,0.0,0.0,0.0
23.81,9.52,0.0,0.4,0.0,0.0,0.0
23.82,9.524,0.0,0.4,0.0,0.0,0.0
23.83,9.528,0.0,0.4,0.0,0.0,0.0
23.84,9.532,0.0,0.4,0.0,0.0,0.0
23.85,9.536,0.0,0.4,0.0,0.0,0.0
23.86,9.54,0.0,0.4,0.0,0.0,0.0
23.87,9.544,0.0,0.4,0.0,0.0,0.0
23.88,9.548,0.0,0.4,0.0,0.0,0.0
23.89,9.552,0.0,0.4,0.0,0.0,0.0
23.9,9.556,0.0,0.4,0.0,0.0,0.0
23.91,9.56,0.0,0.4,0.0,0.0,0.0
23.92,9.564,0.0,0.4,0.0,0.0,0.0
23.93,9.568,0.0,0.4,0.0,0.0,0.0
23.94,9.572,0.0,0.4,0.0,0.0,0.0
23.95,9.576,0.0,0.4,0.0,0.0,0.0
23.96,9.58,0.0,0.4,0.0,0.0,0.0
23.97,9.584,0.0,0.4,0.0,0.0,0.0
23.98,9.588,0.0,0.4,0.0,0.0,0.0
23.99,9.592,0.0,0.4,0.0,0.0,0.0
24.0,9.596,0.0,0.4,0.0,0.0,0.0
24.01,9.6,0.0,0.4,0.0,0.0,0.0
24.02,9.604,0.0,0.4,0.0,0.0,0.0
24.03,9.608,0.0,0.4,0.0,0.0,0.0
24.04,9.612,0.0,0.4,0.0,0.0,0.0
24.05,9.616,0.0,0.4,0.0,0.0,0.0
24.06,9.62,0.0,0.4,0.0,0.0,0.0
24.07,9.624,0.0,0.4,0.0,0.0,0.0
24.08,9.628,0.0,0.4,0.0,0.0,0.0
24.09,9.632,0.0,0.4,0.0,0.0,0.0
24.1,9.636,0.0,0.4,0.0,0.0,0.0
24.11,9.64,0.0,0.4,0.0,0.0,0.0
24.12,9.644,0.0,0.4,0.0,0.0,0.0
24.13,9.648,0.0,0.4,0.0,0.0,0.0
24.14,9.652,0.0,0.4,0.0,0.0,0.0
24.15,9.656,0.0,0.4,0.0,0.0,0.0
24.16,9.66,0.0,0.4,0.0,0.0,0.0
24.17,9.664,0.0,0.4,0.0,0.0,0.0
24.18,9.668,0.0,0.4,0.0,0.0,0.0
24.19,9.672,0.0,0.4,0.0,0.0,0.0
24.2,9.676,0.0,0.4,0.0,0.0,0.0
24.21,9.68,0.0,0.4,0.0,0.0,0.0
24.22,9.684,0.0,0.4,0.0,0.0,0.0
24.23,9.688,0.0,0.4,0.0,0.0,0.0
24.24,9.692,0.0,0.4,0.0,0.0,0.0
24.25,9.696,0.0,0.4,0.0,0.0,0.0
24.26,9.7,0.0,0.4,0.0,0.0,0.0
24.27,9.704,0.0,0.4,0.0,0.0,0.0
24.28,9.708,0.0,0.4,0.0,0.0,0.0
24.29,9.712,0.0,0.4,0.0,0.0,0.0
24.3,9.716,0.0,0.4,0.0,0.0,0.0
24.31,9.72,0.0,0.4,0.0,0.0,0.0
24.32,9.724,0.0,0.4,0.0,0.0,0.0
24.33,9.728,0.0,0.4,0.0,0.0,0.0
24.34,9.732,0.0,0.4,0.0,0.0,0.0
24.35,9.736,0.0,0.4,0.0,0.0,0.0
24.36,9.74,0.0,0.4,0.0,0.0,0.0
24.37,9.744,0.0,0.4,0.0,0.0,0.0
24.38,9.748,0.0,0.4,0.0,0.0,0.0
24.39,9.752,0.0,0.4,0.0,0.0,0.0
24.4,9.756,0.0,0.4,0.0,0.0,0.0
24.41,9.76,0.0,0.4,0.0,0.0,0.0
24.42,9.764,0.0,0.4,0.0,0.0,0.0
24.43,9.768,0.0,0.4,0.0,0.0,0.0
24.44,9.772,0.0,0.4,0.0,0.0,0.0
24.45,9.776,0.0,0.4,0.0,0.0,0.0
24.46,9.78,0.0,0.4,0.0,0.0,0.0
24.47,9.784,0.0,0.4,0.0,0.0,0.0
24.48,9.788,0.0,0.4,0.0,0.0,0.0
24.49,9.792,0.0,0.4,0.0,0.0,0.0
24.5,9.796,0.0,0.4,0.0,0.0,0.0
24.51,9.8,0.0,0.4,0.0,0.0,0.0
24.52,9.804,0.0,0.4,0.0,0.0,0.0
24.53,9.808,0.0,0.4,0.0,0.0,0.0
24.54,9.812,0.0,0.4,0.0,0.0,0.0
24.55,9.816,0.0,0.4,0.0,0.0,0.0
24.56,9.82,0.0,0.4,0.0,0.0,0.0
24.57,9.824,0.0,0.4,0.0,0.0,0.0
24.58,9.828,0.0,0.4,0.0,0.0,0.0
24.59,9.832,0.0,0.4,0.0,0.0,0.0
24.6,9.836,0.0,0.4,0.0,0.0,0.0
24.61,9.84,0.0,0.4,0.0,0.0,0.0
24.62,9.844,0.0,0.4,0.0,0.0,0.0
24.63,9.848,0.0,0.4,0.0,0.0,0.0
24.64,9.852,0.0,0.4,0.0,0.0,0.0
24.65,9.856,0.0,0.4,0.0,0.0,0.0
24.66,9.86,0.0,0.4,0.0,0.0,0.0
24.67,9.864,0.0,0.4,0.0,0.0,0.0
24.68,9.868,0.0,0.4,0.0,0.0,0.0
24.69,9.872,0.0,0.4,0.0,0.0,0.0
24.7,9.876,0.0,0.4,0.0,0.0,0.0
24.71,9.88,0.0,0.4,0.0,0.0,0.0
24.72,9.884,0.0,0.4,0.0,0.0,0.0
24.73,9.888,0.0,0.4,0.0,0.0,0.0
24.74,9.892,0.0,0.4,0.0,0.0,0.0
24.75,9.896,0.0,0.4,0.0,0.0,0.0
24.76,9.9,0.0,0.4,0.0,0.0,0.0
24.77,9.904,0.0,0.4,0.0,0.0,0.0
24.78,9.908,0.0,0.4,0.0,0.0,0.0
24.79,9.912,0.0,0.4,0.0,0.0,0.0
24.8,9.916,0.0,0.4,0.0,0.0,0.0
24.81,9.92,0.0,0.4,0.0,0.0,0.0
24.82,9.924,0.0,0.4,0.0,0.0,0.0
24.83,9.928,0.0,0.4,0.0,0.0,0.0
24.84,9.932,0.0,0.4,0.0,0.0,0.0
24.85,9.936,0.0,0.4,0.0,0.0,0.0
24.86,9.94,0.0,0.4,0.0,0.0,0.0
24.87,9.944,0.0,0.4,0.0,0.0,0.0
24.88,9.948,0.0,0.4,0.0,0.0,0.0
24.89,9.952,0.0,0.4,0.0,0.0,0.0
24.9,9.956,0.0,0.4,0.0,0.0,0.0
24.91,9.96,0.0,0.4,0.0,0.0,0.0
24.92,9.964,0.0,0.4,0.0,0.0,0.0
24.93,9.968,0.0,0.4,0.0,0.0,0.0
24.94,9.972,0.0,0.4,0.0,0.0,0.0
24.95,9.976,0.0,0.4,0.0,0.0,0.0
24.96,9.98,0.0,0.4,0.0,0.0,0.0
24.97,9.984,0.0,0.4,0.0,0.0,0.0
24.98,9.988,0.0,0.4,0.0,0.0,0.0
24.99,9.992,0.0,0.4,0.0,0.0,0.0
25.0,9.996,0.0,0.4,0.0,0.0,0.0
25.01,10.0,0.0,0.4,0.0,0.0,0.0
25.02,10.004,0.0,0.4,0.0,0.0,0.0
25.03,10.008,0.0,0.4,0.0,0.0,0.0
25.04,10.012,0.0,0.4,0.0,0.0,0.0
25.05,10.016,0.0,0.4,0.0,0.0,0.0
25.06,10.02,0.0,0.4,0.0,0.0,0.0
25.07,10.024,0.0,0.4,0.0,0.0,0.0
25.08,10.028,0.0,0.4,0.0,0.0,0.0
25.09,10.032,0.0,0.4,0.0,0.0,0.0
25.1,10.036,0.0,0.4,0.0,0.0,0.0
25.11,10.04,0.0,0.4,0.0,0.0,0.0
25.12,10.044,0.0,0.4,0.0,0.0,0.0
25.13,10.048,0.0,0.4,0.0,0.0,0.0
25.14,10.052,0.0,0.4,0.0,0.0,0.0
25.15,10.056,0.0,0.4,0.0,0.0,0.0
25.16,10.06,0.0,0.4,0.0,0.0,0.0
25.17,10.064,0.0,0.4,0.0,0.0,0.0
25.18,10.068,0.0,0.4,0.0,0.0,0.0
25.19,10.072,0.0,0.4,0.0,0.0,0.0
25.2,10.076,0.0,0.4,0.0,0.0,0.0
25.21,10.08,0.0,0.4,0.0,0.0,0.0
25.22,10.084,0.0,0.4,0.0,0.0,0.0
25.23,10.088,0.0,0.4,0.0,0.0,0.0
25.24,10.092,0.0,0.4,0.0,0.0,0.0
25.25,10.096,0.0,0.4,0.0,0.0,0.0
25.26,10.1,0.0,0.4,0.0,0.0,0.0
25.27,10.104,0.0,0.4,0.0,0.0,0.0
25.28,10.108,0.0,0.4,0.0,0.0,0.0
25.29,10.112,0.0,0.4,0.0,0.0,0.0
25.3,10.116,0.0,0.4,0.0,0.0,0.0
25.31,10.12,0.0,0.4,0.0,0.0,0.0
25.32,10.124,0.0,0.4,0.0,0.0,0.0
25.33,10.128,0.0,0.4,0.0,0.0,0.0
25.34,10.132,0.0,0.4,0.0,0.0,0.0
25.35,10.136,0.0,0.4,0.0,0.0,0.0
25.36,10.14,0.0,0.4,0.0,0.0,0.0
25.37,10.144,0.0,0.4,0.0,0.0,0.0
25.38,10.148,0.0,0.4,0.0,0.0,0.0
25.39,10.152,0.0,0.4,0.0,0.0,0.0
25.4,10.156,0.0,0.4,0.0,0.0,0.0
25.41,10.16,0.0,0.4,0.0,0.0,0.0
25.42,10.164,0.0,0.4,0.0,0.0,0.0
25.43,10.168,0.0,0.4,0.0,0.0,0.0
25.44,10.172,0.0,0.4,0.0,0.0,0.0
25.45,10.176,0.0,0.4,0.0,0.0,0.0
25.46,10.18,0.0,0.4,0.0,0.0,0.0
25.47,10.184,0.0,0.4,0.0,0.0,0.0
25.48,10.188,0.0,0.4,0.0,0.0,0.0
25.49,10.192,0.0,0.4,0.0,0.0,0.0
25.5,10.196,0.0,0.4,0.0,0.0,0.0
25.51,10.2,0.0,0.4,0.0,0.0,0.0
25.52,10.204,0.0,0.4,0.0,0.0,0.0
25.53,10.208,0.0,0.4,0.0,0.0,0.0
25.54,10.212,0.0,0.4,0.0,0.0,0.0
25.55,10.216,0.0,0.4,0.0,0.0,0.0
25.56,10.22,0.0,0.4,0.0,0.0,0.0
25.57,10.224,0.0,0.4,0.0,0.0,0.0
25.58,10.228,0.0,0.4,0.0,0.0,0.0
25.59,10.232,0.0,0.4,0.0,0.0,0.0
25.6,10.236,0.0,0.4,0.0,0.0,0.0
25.61,10.24,0.0,0.4,0.0,0.0,0.0
25.62,10.244,0.0,0.4,0.0,0.0,0.0
25.63,10.248,0.0,0.4,0.0,0.0,0.0
25.64,10.252,0.0,0.4,0.0,0.0,0.0
25.65,10.256,0.0,0.4,0.0,0.0,0.0
25.66,10.26,0.0,0.4,0.0,0.0,0.0
25.67,10.264,0.0,0.4,0.0,0.0,0.0
25.68,10.268,0.0,0.4,0.0,0.0,0.0
25.69,10.272,0.0,0.4,0.0,0.0,0.0
25.7,10.276,0.0,0.4,0.0,0.0,0.0
25.71,10.28,0.0,0.4,0.0,0.0,0.0
25.72,10.284,0.0,0.4,0.0,0.0,0.0
25.73,10.288,0.0,0.4,0.0,0.0,0.0
25.74,10.292,0.0,0.4,0.0,0.0,0.0
25.75,10.296,0.0,0.4,0.0,0.0,0.0
25.76,10.3,0.0,0.4,0.0,0.0,0.0
25.77,10.304,0.0,0.4,0.0,0.0,0.0
25.78,10.308,0.0,0.4,0.0,0.0,0.0
25.79,10.312,0.0,0.4,0.0,0.0,0.0
25.8,10.316,0.0,0.4,0.0,0.0,0.0
25.81,10.32,0.0,0.4,0.0,0.0,0.0
25.82,10.324,0.0,0.4,0.0,0.0,0.0
25.83,10.328,0.0,0.4,0.0,0.0,0.0
25.84,10.332,0.0,0.4,0.0,0.0,0.0
25.85,10.336,0.0,0.4,0.0,0.0,0.0
25.86,10.34,0.0,0.4,0.0,0.0,0.0
25.87,10.344,0.0,0.4,0.0,0.0,0.0
25.88,10.348,0.0,0.4,0.0,0.0,0.0
25.89,10.352,0.0,0.4,0.0,0.0,0.0
25.9,10.356,0.0,0.4,0.0,0.0,0.0
25.91,10.36,0.0,0.4,0.0,0.0,0.0
25.92,10.364,0.0,0.4,0.0,0.0,0.0
25.93,10.368,0.0,0.4,0.0,0.0,0.0
25.94,10.372,0.0,0.4,0.0,0.0,0.0
25.95,10.376,0.0,0.4,0.0,0.0,0.0
25.96,10.38,0.0,0.4,0.0,0.0,0.0
25.97,10.384,0.0,0.4,0.0,0.0,0.0
25.98,10.388,0.0,0.4,0.0,0.0,0.0
25.99,10.392,0.0,0.4,0.0,0.0,0.0
26.0,10.396,0.0,0.4,0.0,0.0,0.0
26.01,10.4,0.0,0.4,0.0,0.0,0.0
26.02,10.404,0.0,0.4,0.0,0.0,0.0
26.03,10.408,0.0,0.4,0.0,0.0,0.0
26.04,10.412,0.0,0.4,0.0,0.0,0.0
26.05,10.416,0.0,0.4,0.0,0.0,0.0
26.06,10.42,0.0,0.4,0.0,0.0,0.0
26.07,10.424,0.0,0.4,0.0,0.0,0.0
26.08,10.428,0.0,0.4,0.0,0.0,0.0
26.09,10.432,0.0,0.4,0.0,0.0,0.0
26.1,10.436,0.0,0.4,0.0,0.0,0.0
26.11,10.44,0.0,0.4,0.0,0.0,0.0
26.12,10.444,0.0,0.4,0.0,0.0,0.0
26.13,10.448,0.0,0.4,0.0,0.0,0.0
26.14,10.452,0.0,0.4,0.0,0.0,0.0
26.15,10.456,0.0,0.4,0.0,0.0,0.0
26.16,10.46,0.0,0.4,0.0,0.0,0.0
26.17,10.464,0.0,0.4,0.0,0.0,0.0
26.18,10.468,0.0,0.4,0.0,0.0,0.0
26.19,10.472,0.0,0.4,0.0,0.0,0.0
26.2,10.476,0.0,0.4,0.0,0.0,0.0
26.21,10.48,0.0,0.4,0.0,0.0,0.0
26.22,10.484,0.0,0.4,0.0,0.0,0.0
26.23,10.488,0.0,0.4,0.0,0.0,0.0
26.24,10.492,0.0,0.4,0.0,0.0,0.0
26.25,10.496,0.0,0.4,0.0,0.0,0.0
26.26,10.5,0.0,0.4,0.0,0.0,0.0
26.27,10.504,0.0,0.4,0.0,0.0,0.0
26.28,10.508,0.0,0.4,0.0,0.0,0.0
26.29,10.512,0.0,0.4,0.0,0.0,0.0
26.3,10.516,0.0,0.4,0.0,0.0,0.0
26.31,10.52,0.0,0.4,0.0,0.0,0.0
26.32,10.524,0.0,0.4,0.0,0.0,0.0
26.33,10.528,0.0,0.4,0.0,0.0,0.0
26.34,10.532,0.0,0.4,0.0,0.0,0.0
26.35,10.536,0.0,0.4,0.0,0.0,0.0
26.36,10.54,0.0,0.4,0.0,0.0,0.0
26.37,10.544,0.0,0.4,0.0,0.0,0.0
26.38,10.548,0.0,0.4,0.0,0.0,0.0
26.39,10.552,0.0,0.4,0.0,0.0,0.0
26.4,10.556,0.0,0.4,0.0,0.0,0.0
26.41,10.56,0.0,0.4,0.0,0.0,0.0
26.42,10.564,0.0,0.4,0.0,0.0,0.0
26.43,10.568,0.0,0.4,0.0,0.0,0.0
26.44,10.572,0.0,0.4,0.0,0.0,0.0
26.45,10.576,0.0,0.4,0.0,0.0,0.0
26.46,10.58,0.0,0.4,0.0,0.0,0.0
26.47,10.584,0.0,0.4,0.0,0.0,0.0
26.48,10.588,0.0,0.4,0.0,0.0,0.0
26.49,10.592,0.0,0.4,0.0,0.0,0.0
26.5,10.596,0.0,0.4,0.0,0.0,0.0
26.51,10.6,0.0,0.4,0.0,0.0,0.0
26.52,10.604,0.0,0.4,0.0,0.0,0.0
26.53,10.608,0.0,0.4,0.0,0.0,0.0
26.54,10.612,0.0,0.4,0.0,0.0,0.0
26.55,10.616,0.0,0.4,0.0,0.0,0.0
26.56,10.62,0.0,0.4,0.0,0.0,0.0
26.57,10.624,0.0,0.4,0.0,0.0,0.0
26.58,10.628,0.0,0.4,0.0,0.0,0.0
26.59,10.632,0.0,0.4,0.0,0.0,0.0
26.6,10.636,0.0,0.4,0.0,0.0,0.0
26.61,10.64,0.0,0.4,0.0,0.0,0.0
26.62,10.644,0.0,0.4,0.0,0.0,0.0
26.63,10.648,0.0,0.4,0.0,0.0,0.0
26.64,10.652,0.0,0.4,0.0,0.0,0.0
26.65,10.656,0.0,0.4,0.0,0.0,0.0
26.66,10.66,0.0,0.4,0.0,0.0,0.0
26.67,10.664,0.0,0.4,0.0,0.0,0.0
26.68,10.668,0.0,0.4,0.0,0.0,0.0
26.69,10.672,0.0,0.4,0.0,0.0,0.0
26.7,10.676,0.0,0.4,0.0,0.0,0.0
26.71,10.68,0.0,0.4,0.0,0.0,0.0
26.72,10.684,0.0,0.4,0.0,0.0,0.0
26.73,10.688,0.0,0.4,0.0,0.0,0.0
26.74,10.692,0.0,0.4,0.0,0.0,0.0
26.75,10.696,0.0,0.4,0.0,0.0,0.0
26.76,10.7,0.0,0.4,0.0,0.0,0.0
26.77,10.704,0.0,0.4,0.0,0.0,0.0
26.78,10.708,0.0,0.4,0.0,0.0,0.0
26.79,10.712,0.0,0.4,0.0,0.0,0.0
26.8,10.716,0.0,0.4,0.0,0.0,0.0
26.81,10.72,0.0,0.4,0.0,0.0,0.0
26.82,10.724,0.0,0.4,0.0,0.0,0.0
26.83,10.728,0.0,0.4,0.0,0.0,0.0
26.84,10.732,0.0,0.4,0.0,0.0,0.0
26.85,10.736,0.0,0.4,0.0,0.0,0.0
26.86,10.74,0.0,0.4,0.0,0.0,0.0
26.87,10.744,0.0,0.4,0.0,0.0,0.0
26.88,10.748,0.0,0.4,0.0,0.0,0.0
26.89,10.752,0.0,0.4,0.0,0.0,0.0
26.9,10.756,0.0,0.4,0.0,0.0,0.0
26.91,10.76,0.0,0.4,0.0,0.0,0.0
26.92,10.764,0.0,0.4,0.0,0.0,0.0
26.93,10.768,0.0,0.4,0.0,0.0,0.0
26.94,10.772,0.0,0.4,0.0,0.0,0.0
26.95,10.776,0.0,0.4,0.0,0.0,0.0
26.96,10.78,0.0,0.4,0.0,0.0,0.0
26.97,10.784,0.0,0.4,0.0,0.0,0.0
26.98,10.788,0.0,0.4,0.0,0.0,0.0
26.99,10.792,0.0,0.4,0.0,0.0,0.0
27.0,10.796,0.0,0.4,0.0,0.0,0.0
27.01,10.8,0.0,0.4,0.0,0.0,0.0
27.02,10.804,0.0,0.4,0.0,0.0,0.0
27.03,10.808,0.0,0.4,0.0,0.0,0.0
27.04,10.812,0.0,0.4,0.0,0.0,0.0
27.05,10.816,0.0,0.4,0.0,0.0,0.0
27.06,10.82,0.0,0.4,0.0,0.0,0.0
27.07,10.824,0.0,0.4,0.0,0.0,0.0
27.08,10.828,0.0,0.4,0.0,0.0,0.0
27.09,10.832,0.0,0.4,0.0,0.0,0.0
27.1,10.836,0.0,0.4,0.0,0.0,0.0
27.11,10.84,0.0,0.4,0.0,0.0,0.0
27.12,10.844,0.0,0.4,0.0,0.0,0.0
27.13,10.848,0.0,0.4,0.0,0.0,0.0
27.14,10.852,0.0,0.4,0.0,0.0,0.0
27.15,10.856,0.0,0.4,0.0,0.0,0.0
27.16,10.86,0.0,0.4,0.0,0.0,0.0
27.17,10.864,0.0,0.4,0.0,0.0,0.0
27.18,10.868,0.0,0.4,0.0,0.0,0.0
27.19,10.872,0.0,0.4,0.0,0.0,0.0
27.2,10.876,0.0,0.4,0.0,0.0,0.0
27.21,10.88,0.0,0.4,0.0,0.0,0.0
27.22,10.884,0.0,0.4,0.0,0.0,0.0
27.23,10.888,0.0,0.4,0.0,0.0,0.0
27.24,10.892,0.0,0.4,0.0,0.0,0.0
27.25,10.896,0.0,0.4,0.0,0.0,0.0
27.26,10.9,0.0,0.4,0.0,0.0,0.0
27.27,10.904,0.0,0.4,0.0,0.0,0.0
27.28,10.908,0.0,0.4,0.0,0.0,0.0
27.29,10.912,0.0,0.4,0.0,0.0,0.0
27.3,10.916,0.0,0.4,0.0,0.0,0.0
27.31,10.92,0.0,0.4,0.0,0.0,0.0
27.32,10.924,0.0,0.4,0.0,0.0,0.0
27.33,10.928,0.0,0.4,0.0,0.0,0.0
27.34,10.932,0.0,0.4,0.0,0.0,0.0
27.35,10.936,0.0,0.4,0.0,0.0,0.0
27.36,10.94,0.0,0.4,0.0,0.0,0.0
27.37,10.944,0.0,0.4,0.0,0.0,0.0
27.38,10.948,0.0,0.4,0.0,0.0,0.0
27.39,10.952,0.0,0.4,0.0,0.0,0.0
27.4,10.956,0.0,0.4,0.0,0.0,0.0
27.41,10.96,0.0,0.4,0.0,0.0,0.0
27.42,10.964,0.0,0.4,0.0,0.0,0.0
27.43,10.968,0.0,0.4,0.0,0.0,0.0
27.44,10.972,0.0,0.4,0.0,0.0,0.0
27.45,10.976,0.0,0.4,0.0,0.0,0.0
27.46,10.98,0.0,0.4,0.0,0.0,0.0
27.47,10.984,0.0,0.4,0.0,0.0,0.0
27.48,10.988,0.0,0.4,0.0,0.0,0.0
27.49,10.992,0.0,0.4,0.0,0.0,0.0
27.5,10.996,0.0,0.4,0.0,0.0,0.0
27.51,11.0,0.0,0.4,0.0,0.0,0.0
27.52,11.004,0.0,0.4,0.0,0.0,0.0
27.53,11.008,0.0,0.4,0.0,0.0,0.0
27.54,11.012,0.0,0.4,0.0,0.0,0.0
27.55,11.016,0.0,0.4,0.0,0.0,0.0
27.56,11.02,0.0,0.4,0.0,0.0,0.0
27.57,11.024,0.0,0.4,0.0,0.0,0.0
27.58,11.028,0.0,0.4,0.0,0.0,0.0
27.59,11.032,0.0,0.4,0.0,0.0,0.0
27.6,11.036,0.0,0.4,0.0,0.0,0.0
27.61,11.04,0.0,0.4,0.0,0.0,0.0
27.62,11.044,0.0,0.4,0.0,0.0,0.0
27.63,11.048,0.0,0.4,0.0,0.0,0.0
27.64,11.052,0.0,0.4,0.0,0.0,0.0
27.65,11.056,0.0,0.4,0.0,0.0,0.0
27.66,11.06,0.0,0.4,0.0,0.0,0.0
27.67,11.064,0.0,0.4,0.0,0.0,0.0
27.68,11.068,0.0,0.4,0.0,0.0,0.0
27.69,11.072,0.0,0.4,0.0,0.0,0.0
27.7,11.076,0.0,0.4,0.0,0.0,0.0
27.71,11.08,0.0,0.4,0.0,0.0,0.0
27.72,11.084,0.0,0.4,0.0,0.0,0.0
27.73,11.088,0.0,0.4,0.0,0.0,0.0
27.74,11.092,0.0,0.4,0.0,0.0,0.0
27.75,11.096,0.0,0.4,0.0,0.0,0.0
27.76,11.1,0.0,0.4,0.0,0.0,0.0
27.77,11.104,0.0,0.4,0.0,0.0,0.0
27.78,11.108,0.0,0.4,0.0,0.0,0.0
27.79,11.112,0.0,0.4,0.0,0.0,0.0
27.8,11.116,0.0,0.4,0.0,0.0,0.0
27.81,11.12,0.0,0.4,0.0,0.0,0.0
27.82,11.124,0.0,0.4,0.0,0.0,0.0
27.83,11.128,0.0,0.4,0.0,0.0,0.0
27.84,11.132,0.0,0.4,0.0,0.0,0.0
27.85,11.136,0.0,0.4,0.0,0.0,0.0
27.86,11.14,0.0,0.4,0.0,0.0,0.0
27.87,11.144,0.0,0.4,0.0,0.0,0.0
27.88,11.148,0.0,0.4,0.0,0.0,0.0
27.89,11.152,0.0,0.4,0.0,0.0,0.0
27.9,11.156,0.0,0.4,0.0,0.0,0.0
27.91,11.16,0.0,0.4,0.0,0.0,0.0
27.92,11.164,0.0,0.4,0.0,0.0,0.0
27.93,11.168,0.0,0.4,0.0,0.0,0.0
27.94,11.172,0.0,0.4,0.0,0.0,0.0
27.95,11.176,0.0,0.4,0.0,0.0,0.0
27.96,11.18,0.0,0.4,0.0,0.0,0.0
27.97,11.184,0.0,0.4,0.0,0.0,0.0
27.98,11.188,0.0,0.4,0.0,0.0,0.0
27.99,11.192,0.0,0.4,0.0,0.0,0.0
28.0,11.196,0.0,0.4,0.0,0.0,0.0
28.01,11.2,0.0,0.4,0.0,0.0,0.0
28.02,11.204,0.0,0.4,0.0,0.0,0.0
28.03,11.208,0.0,0.4,0.0,0.0,0.0
28.04,11.212,0.0,0.4,0.0,0.0,0.0
28.05,11.216,0.0,0.4,0.0,0.0,0.0
28.06,11.22,0.0,0.4,0.0,0.0,0.0
28.07,11.224,0.0,0.4,0.0,0.0,0.0
28.08,11.228,0.0,0.4,0.0,0.0,0.0
28.09,11.232,0.0,0.4,0.0,0.0,0.0
28.1,11.236,0.0,0.4,0.0,0.0,0.0
28.11,11.24,0.0,0.4,0.0,0.0,0.0
28.12,11.244,0.0,0.4,0.0,0.0,0.0
28.13,11.248,0.0,0.4,0.0,0.0,0.0
28.14,11.252,0.0,0.4,0.0,0.0,0.0
28.15,11.256,0.0,0.4,0.0,0.0,0.0
28.16,11.26,0.0,0.4,0.0,0.0,0.0
28.17,11.264,0.0,0.4,0.0,0.0,0.0
28.18,11.268,0.0,0.4,0.0,0.0,0.0
28.19,11.272,0.0,0.4,0.0,0.0,0.0
28.2,11.276,0.0,0.4,0.0,0.0,0.0
28.21,11.28,0.0,0.4,0.0,0.0,0.0
28.22,11.284,0.0,0.4,0.0,0.0,0.0
28.23,11.288,0.0,0.4,0.0,0.0,0.0
28.24,11.292,0.0,0.4,0.0,0.0,0.0
28.25,11.296,0.0,0.4,0.0,0.0,0.0
28.26,11.3,0.0,0.4,0.0,0.0,0.0
28.27,11.304,0.0,0.4,0.0,0.0,0.0
28.28,11.308,0.0,0.4,0.0,0.0,0.0
28.29,11.312,0.0,0.4,0.0,0.0,0.0
28.3,11.316,0.0,0.4,0.0,0.0,0.0
28.31,11.32,0.0,0.4,0.0,0.0,0.0
28.32,11.324,0.0,0.4,0.0,0.0,0.0
28.33,11.328,0.0,0.4,0.0,0.0,0.0
28.34,11.332,0.0,0.4,0.0,0.0,0.0
28.35,11.336,0.0,0.4,0.0,0.0,0.0
28.36,11.34,0.0,0.4,0.0,0.0,0.0
28.37,11.344,0.0,0.4,0.0,0.0,0.0
28.38,11.348,0.0,0.4,0.0,0.0,0.0
28.39,11.352,0.0,0.4,0.0,0.0,0.0
28.4,11.356,0.0,0.4,0.0,0.0,0.0
28.41,11.36,0.0,0.4,0.0,0.0,0.0
28.42,11.364,0.0,0.4,0.0,0.0,0.0
28.43,11.368,0.0,0.4,0.0,0.0,0.0
28.44,11.372,0.0,0.4,0.0,0.0,0.0
28.45,11.376,0.0,0.4,0.0,0.0,0.0
28.46,11.38,0.0,0.4,0.0,0.0,0.0
28.47,11.384,0.0,0.4,0.0,0.0,0.0
28.48,11.388,0.0,0.4,0.0,0.0,0.0
28.49,11.392,0.0,0.4,0.0,0.0,0.0
28.5,11.396,0.0,0.4,0.0,0.0,0.0
28.51,11.4,0.0,0.4,0.0,0.0,0.0
28.52,11.404,0.0,0.4,0.0,0.0,0.0
28.53,11.408,0.0,0.4,0.0,0.0,0.0
28.54,11.412,0.0,0.4,0.0,0.0,0.0
28.55,11.416,0.0,0.4,0.0,0.0,0.0
28.56,11.42,0.0,0.4,0.0,0.0,0.0
28.57,11.424,0.0,0.4,0.0,0.0,0.0
28.58,11.428,0.0,0.4,0.0,0.0,0.0
28.59,11.432,0.0,0.4,0.0,0.0,0.0
28.6,11.436,0.0,0.4,0.0,0.0,0.0
28.61,11.44,0.0,0.4,0.0,0.0,0.0
28.62,11.444,0.0,0.4,0.0,0.0,0.0
28.63,11.448,0.0,0.4,0.0,0.0,0.0
28.64,11.452,0.0,0.4,0.0,0.0,0.0
28.65,11.456,0.0,0.4,0.0,0.0,0.0
28.66,11.46,0.0,0.4,0.0,0.0,0.0
28.67,11.464,0.0,0.4,0.0,0.0,0.0
28.68,11.468,0.0,0.4,0.0,0.0,0.0
28.69,11.472,0.0,0.4,0.0,0.0,0.0
28.7,11.476,0.0,0.4,0.0,0.0,0.0
28.71,11.48,0.0,0.4,0.0,0.0,0.0
28.72,11.484,0.0,0.4,0.0,0.0,0.0
28.73,11.488,0.0,0.4,0.0,0.0,0.0
28.74,11.492,0.0,0.4,0.0,0.0,0.0
28.75,11.496,0.0,0.4,0.0,0.0,0.0
28.76,11.5,0.0,0.4,0.0,0.0,0.0
28.77,11.504,0.0,0.4,0.0,0.0,0.0
28.78,11.508,0.0,0.4,0.0,0.0,0.0
28.79,11.512,0.0,0.4,0.0,0.0,0.0
28.8,11.516,0.0,0.4,0.0,0.0,0.0
28.81,11.52,0.0,0.4,0.0,0.0,0.0
28.82,11.524,0.0,0.4,0.0,0.0,0.0
28.83,11.528,0.0,0.4,0.0,0.0,0.0
28.84,11.532,0.0,0.4,0.0,0.0,0.0
28.85,11.536,0.0,0.4,0.0,0.0,0.0
28.86,11.54,0.0,0.4,0.0,0.0,0.0
28.87,11.544,0.0,0.4,0.0,0.0,0.0
28.88,11.548,0.0,0.4,0.0,0.0,0.0
28.89,11.552,0.0,0.4,0.0,0.0,0.0
28.9,11.556,0.0,0.4,0.0,0.0,0.0
28.91,11.56,0.0,0.4,0.0,0.0,0.0
28.92,11.564,0.0,0.4,0.0,0.0,0.0
28.93,11.568,0.0,0.4,0.0,0.0,0.0
28.94,11.572,0.0,0.4,0.0,0.0,0.0
28.95,11.576,0.0,0.4,0.0,0.0,0.0
28.96,11.58,0.0,0.4,0.0,0.0,0.0
28.97,11.584,0.0,0.4,0.0,0.0,0.0
28.98,11.588,0.0,0.4,0.0,0.0,0.0
28.99,11.592,0.0,0.4,0.0,0.0,0.0
29.0,11.596,0.0,0.4,0.0,0.0,0.0
29.01,11.6,0.0,0.4,0.0,0.0,0.0
29.02,11.604,0.0,0.4,0.0,0.0,0.0
29.03,11.608,0.0,0.4,0.0,0.0,0.0
29.04,11.612,0.0,0.4,0.0,0.0,0.0
29.05,11.616,0.0,0.4,0.0,0.0,0.0
29.06,11.62,0.0,0.4,0.0,0.0,0.0
29.07,11.624,0.0,0.4,0.0,0.0,0.0
29.08,11.628,0.0,0.4,0.0,0.0,0.0
29.09,11.632,0.0,0.4,0.0,0.0,0.0
29.1,11.636,0.0,0.4,0.0,0.0,0.0
29.11,11.64,0.0,0.4,0.0,0.0,0.0
29.12,11.644,0.0,0.4,0.0,0.0,0.0
29.13,11.648,0.0,0.4,0.0,0.0,0.0
29.14,11.652,0.0,0.4,0.0,0.0,0.0
29.15,11.656,0.0,0.4,0.0,0.0,0.0
29.16,11.66,0.0,0.4,0.0,0.0,0.0
29.17,11.664,0.0,0.4,0.0,0.0,0.0
29.18,11.668,0.0,0.4,0.0,0.0,0.0
29.19,11.672,0.0,0.4,0.0,0.0,0.0
29.2,11.676,0.0,0.4,0.0,0.0,0.0
29.21,11.68,0.0,0.4,0.0,0.0,0.0
29.22,11.684,0.0,0.4,0.0,0.0,0.0
29.23,11.688,0.0,0.4,0.0,0.0,0.0
29.24,11.692,0.0,0.4,0.0,0.0,0.0
29.25,11.696,0.0,0.4,0.0,0.0,0.0
29.26,11.7,0.0,0.4,0.0,0.0,0.0
29.27,11.704,0.0,0.4,0.0,0.0,0.0
29.28,11.708,0.0,0.4,0.0,0.0,0.0
29.29,11.712,0.0,0.4,0.0,0.0,0.0
29.3,11.716,0.0,0.4,0.0,0.0,0.0
29.31,11.72,0.0,0.4,0.0,0.0,0.0
29.32,11.724,0.0,0.4,0.0,0.0,0.0
29.33,11.728,0.0,0.4,0.0,0.0,0.0
29.34,11.732,0.0,0.4,0.0,0.0,0.0
29.35,11.736,0.0,0.4,0.0,0.0,0.0
29.36,11.74,0.0,0.4,0.0,0.0,0.0
29.37,11.744,0.0,0.4,0.0,0.0,0.0
29.38,11.748,0.0,0.4,0.0,0.0,0.0
29.39,11.752,0.0,0.4,0.0,0.0,0.0
29.4,11.756,0.0,0.4,0.0,0.0,0.0
29.41,11.76,0.0,0.4,0.0,0.0,0.0
29.42,11.764,0.0,0.4,0.0,0.0,0.0
29.43,11.768,0.0,0.4,0.0,0.0,0.0
29.44,11.772,0.0,0.4,0.0,0.0,0.0
29.45,11.776,0.0,0.4,0.0,0.0,0.0
29.46,11.78,0.0,0.4,0.0,0.0,0.0
29.47,11.784,0.0,0.4,0.0,0.0,0.0
29.48,11.788,0.0,0.4,0.0,0.0,0.0
29.49,11.792,0.0,0.4,0.0,0.0,0.0
29.5,11.796,0.0,0.4,0.0,0.0,0.0
29.51,11.8,0.0,0.4,0.0,0.0,0.0
29.52,11.804,0.0,0.4,0.0,0.0,0.0
29.53,11.808,0.0,0.4,0.0,0.0,0.0
29.54,11.812,0.0,0.4,0.0,0.0,0.0
29.55,11.816,0.0,0.4,0.0,0.0,0.0
29.56,11.82,0.0,0.4,0.0,0.0,0.0
29.57,11.824,0.0,0.4,0.0,0.0,0.0
29.58,11.828,0.0,0.4,0.0,0.0,0.0
29.59,11.832,0.0,0.4,0.0,0.0,0.0
29.6,11.836,0.0,0.4,0.0,0.0,0.0
29.61,11.84,0.0,0.4,0.0,0.0,0.0
29.62,11.844,0.0,0.4,0.0,0.0,0.0
29.63,11.848,0.0,0.4,0.0,0.0,0.0
29.64,11.852,0.0,0.4,0.0,0.0,0.0
29.65,11.856,0.0,0.4,0.0,0.0,0.0
29.66,11.86,0.0,0.4,0.0,0.0,0.0
29.67,11.864,0.0,0.4,0.0,0.0,0.0
29.68,11.868,0.0,0.4,0.0,0.0,0.0
29.69,11.872,0.0,0.4,0.0,0.0,0.0
29.7,11.876,0.0,0.4,0.0,0.0,0.0
29.71,11.88,0.0,0.4,0.0,0.0,0.0
29.72,11.884,0.0,0.4,0.0,0.0,0.0
29.73,11.888,0.0,0.4,0.0,0.0,0.0
29.74,11.892,0.0,0.4,0.0,0.0,0.0
29.75,11.896,0.0,0.4,0.0,0.0,0.0
29.76,11.9,0.0,0.4,0.0,0.0,0.0
29.77,11.904,0.0,0.4,0.0,0.0,0.0
29.78,11.908,0.0,0.4,0.0,0.0,0.0
29.79,11.912,0.0,0.4,0.0,0.0,0.0
29.8,11.916,0.0,0.4,0.0,0.0,0.0
29.81,11.92,0.0,0.4,0.0,0.0,0.0
29.82,11.924,0.0,0.4,0.0,0.0,0.0
29.83,11.928,0.0,0.4,0.0,0.0,0.0
29.84,11.932,0.0,0.4,0.0,0.0,0.0
29.85,11.936,0.0,0.4,0.0,0.0,0.0
29.86,11.94,0.0,0.4,0.0,0.0,0.0
29.87,11.944,0.0,0.4,0.0,0.0,0.0
29.88,11.948,0.0,0.4,0.0,0.0,0.0
29.89,11.952,0.0,0.4,0.0,0.0,0.0
29.9,11.956,0.0,0.4,0.0,0.0,0.0
29.91,11.96,0.0,0.4,0.0,0.0,0.0
29.92,11.964,0.0,0.4,0.0,0.0,0.0
29.93,11.968,0.0,0.4,0.0,0.0,0.0
29.94,11.972,0.0,0.4,0.0,0.0,0.0
29.95,11.976,0.0,0.4,0.0,0.0,0.0
29.96,11.98,0.0,0.4,0.0,0.0,0.0
29.97,11.984,0.0,0.4,0.0,0.0,0.0
29.98,11.988,0.0,0.4,0.0,0.0,0.0
29.99,11.992,0.0,0.4,0.0,0.0,0.0
30.0,11.996,0.0,0.4,0.0,0.0,0.0
