0.01,0.0399993333367,1.32580589851,1.0,-9.90083488581e-05
0.02,0.0799946667733,1.32577059755,1.0,-0.000198007385007
0.03,0.11998200081,1.3257117444,1.0,-0.000296987796152
0.04,0.159957336747,1.32562931167,1.0,-0.000395940270824
0.05,0.199916677083,1.32552326101,1.0,-0.0004948554988
0.06,0.239856025918,1.32539354303,1.0,-0.000593724171513
0.07,0.27977138935,1.32524009724,1.0,-0.000692536982473
0.08,0.319658775877,1.32506285201,1.0,-0.000791284627686
0.09,0.359514196792,1.32486172449,1.0,-0.000889957806078
0.1,0.399333666587,1.32463662047,1.0,-0.000988547219914
0.11,0.439113203349,1.32438743435,1.0,-0.00108704357523
0.12,0.478848829156,1.32411404898,1.0,-0.00118543758228
0.13,0.518536570479,1.3238163355,1.0,-0.00128371995592
0.14,0.558172458577,1.32349415329,1.0,-0.00138188141611
0.15,0.597752529894,1.3231473497,1.0,-0.00147991268833
0.16,0.637272826457,1.32277575997,1.0,-0.00157780450403
0.17,0.676729396268,1.32237920699,1.0,-0.00167554760107
0.18,0.716118293703,1.32195750111,1.0,-0.00177313272421
0.19,0.755435579906,1.32151043997,1.0,-0.00187055062556
0.2,0.79467732318,1.32103780817,1.0,-0.00196779206505
0.21,0.833839599384,1.32053937714,1.0,-0.00206484781091
0.22,0.872918492323,1.32001490477,1.0,-0.00216170864017
0.23,0.911910094141,1.31946413522,1.0,-0.00225836533914
0.24,0.950810505709,1.31888679856,1.0,-0.00235480870393
0.25,0.989615837018,1.31828261045,1.0,-0.00245102954092
0.26,1.02832220757,1.31765127187,1.0,-0.00254701866733
0.27,1.06692574676,1.31699246868,1.0,-0.00264276691171
0.28,1.10542259426,1.31630587131,1.0,-0.0027382651145
0.29,1.14380890042,1.31559113431,1.0,-0.00283350412855
0.3,1.18208082665,1.31484789598,1.0,-0.00292847481968
0.31,1.22023454577,1.31407577788,1.0,-0.00302316806729
0.32,1.25826624246,1.3132743844,1.0,-0.00311757476487
0.33,1.29617211358,1.31244330225,1.0,-0.0032116858206
0.34,1.33394836856,1.31158209993,1.0,-0.003305492158
0.35,1.37159122982,1.3106903272,1.0,-0.00339898471645
0.36,1.4090969331,1.30976751451,1.0,-0.00349215445187
0.37,1.44646172786,1.30881317239,1.0,-0.00358499233734
0.38,1.48368187765,1.30782679079,1.0,-0.00367748936371
0.39,1.52075366049,1.30680783844,1.0,-0.00376963654028
0.4,1.55767336923,1.30575576213,1.0,-0.00386142489545
0.41,1.59443731194,1.30466998599,1.0,-0.00395284547739
0.42,1.63104181224,1.30354991068,1.0,-0.00404388935474
0.43,1.66748320972,1.30239491257,1.0,-0.00413454761731
0.44,1.70375786026,1.30120434293,1.0,-0.00422481137676
0.45,1.73986213644,1.29997752696,1.0,-0.00431467176737
0.46,1.77579242786,1.29871376287,1.0,-0.00440411994674
0.47,1.81154514152,1.29741232089,1.0,-0.00449314709655
0.48,1.84711670217,1.29607244218,1.0,-0.00458174442331
0.49,1.88250355268,1.29469333776,1.0,-0.00466990315916
0.5,1.91770215442,1.29327418731,1.0,-0.00475761456264
0.51,1.95270898753,1.29181413796,1.0,-0.00484486991946
0.52,1.98752055137,1.29031230303,1.0,-0.00493166054338
0.53,2.02213336482,1.28876776061,1.0,-0.00501797777695
0.54,2.05654396661,1.28717955217,1.0,-0.00510381299243
0.55,2.09074891572,1.28554668107,1.0,-0.00518915759256
0.56,2.12474479168,1.28386811091,1.0,-0.00527400301148
0.57,2.15852819494,1.28214276395,1.0,-0.0053583407156
0.58,2.19209574717,1.28036951928,1.0,-0.00544216220443
0.59,2.22544409165,1.27854721099,1.0,-0.00552545901155
0.6,2.25856989358,1.27667462624,1.0,-0.00560822270549
0.61,2.2914698404,1.27475050317,1.0,-0.00569044489065
0.62,2.32414064215,1.27277352874,1.0,-0.00577211720822
0.63,2.35657903177,1.27074233643,1.0,-0.00585323133718
0.64,2.38878176545,1.26865550383,1.0,-0.00593377899521
0.65,2.42074562294,1.26651155012,1.0,-0.00601375193966
0.66,2.45246740789,1.26430893331,1.0,-0.00609314196859
0.67,2.48394394815,1.26204604744,1.0,-0.00617194092168
0.68,2.51517209607,1.25972121959,1.0,-0.00625014068129
0.69,2.54614872889,1.25733270666,1.0,-0.00632773317346
0.7,2.57687074895,1.25487869204,1.0,-0.00640471036892
0.71,2.60733508409,1.25235728205,1.0,-0.00648106428416
0.72,2.63753868789,1.2497665022,1.0,-0.00655678698242
0.73,2.66747854001,1.2471042932,1.0,-0.00663187057482
0.74,2.69715164651,1.24436850679,1.0,-0.00670630722133
0.75,2.72655504009,1.24155690123,1.0,-0.00678008913191
0.76,2.75568578044,1.23866713665,1.0,-0.00685320856759
0.77,2.78454095451,1.23569677002,1.0,-0.00692565784152
0.78,2.8131176768,1.23264324986,1.0,-0.00699742932007
0.79,2.84141308967,1.22950391067,1.0,-0.00706851542399
0.8,2.8694243636,1.22627596692,1.0,-0.00713890862946
0.81,2.89714869748,1.2229565068,1.0,-0.00720860146921
0.82,2.92458331891,1.21954248552,1.0,-0.00727758653369
0.83,2.95172548444,1.21603071819,1.0,-0.00734585647217
0.84,2.97857247988,1.2124178723,1.0,-0.00741340399386
0.85,3.00512162056,1.20870045971,1.0,-0.00748022186908
0.86,3.03137025158,1.20487482819,1.0,-0.00754630293038
0.87,3.0573157481,1.20093715237,1.0,-0.0076116400737
0.88,3.0829555156,1.19688342415,1.0,-0.00767622625954
0.89,3.10828699011,1.19270944254,1.0,-0.00774005451407
0.9,3.13330763851,1.18841080284,1.0,-0.00780311793032
0.91,3.15801495876,1.18398288513,1.0,-0.00786540966933
0.92,3.18240648015,1.17942084209,1.0,-0.00792692296132
0.93,3.20647976354,1.17471958594,1.0,-0.00798765110683
0.94,3.23023240162,1.16987377474,1.0,-0.00804758747789
0.95,3.25366201916,1.16487779765,1.0,-0.00810672551921
0.96,3.2767662732,1.15972575938,1.0,-0.00816505874928
0.97,3.29954285335,1.15441146364,1.0,-0.00822258076158
0.98,3.32198948197,1.14892839558,1.0,-0.00827928522574
0.99,3.3441039144,1.1432697031,1.0,-0.00833516588865
1.0,3.36588393923,1.13742817704,1.0,-0.00839021657563
1.01,3.38732737847,1.13139623025,1.0,-0.00844443119162
1.02,3.4084320878,1.12516587525,1.0,-0.00849780372225
1.03,3.42919595675,1.1187287007,1.0,-0.00855032823505
1.04,3.44961690897,1.1120758465,1.0,-0.00860199888052
1.05,3.46969290238,1.10519797736,1.0,-0.00865280989332
1.06,3.48942192938,1.0980852551,1.0,-0.00870275559331
1.07,3.5088020171,1.09072730926,1.0,-0.00875183038676
1.08,3.52783122754,1.08311320642,1.0,-0.00880002876738
1.09,3.5465076578,1.07523141782,1.0,-0.00884734531743
1.1,3.56482944025,1.06706978562,1.0,-0.00889377470883
1.11,3.58279474272,1.05861548767,1.0,-0.00893931170424
1.12,3.60040176871,1.0498550009,1.0,-0.00898395115809
1.13,3.61764875752,1.04077406354,1.0,-0.00902768801766
1.14,3.63453398446,1.03135763623,1.0,-0.00907051732413
1.15,3.65105576104,1.0215898623,1.0,-0.0091124342136
1.16,3.66721243509,1.01145402761,1.0,-0.00915343391811
1.17,3.68300239094,1.00093252025,1.0,-0.00919351176666
1.18,3.69842404963,0.990006790787,1.0,-0.00923266318617
1.19,3.713475869,0.97865731353,1.0,-0.0092708837025
1.2,3.72815634387,0.966863549906,1.0,-0.00930816894137
1.21,3.74246400621,0.954603914792,1.0,-0.00934451462932
1.22,3.75639742528,0.941855747201,1.0,-0.00937991659466
1.23,3.76995520773,0.928595286841,1.0,-0.00941437076836
1.24,3.7831359978,0.914797658457,1.0,-0.00944787318494
1.25,3.79593847742,0.900436866208,1.0,-0.00948041998335
1.26,3.80836136636,0.885485800772,1.0,-0.00951200740786
1.27,3.82040342234,0.869916262369,1.0,-0.00954263180885
1.28,3.83206344116,0.853699003399,1.0,-0.00957228964366
1.29,3.84334025682,0.83680379502,1.0,-0.00960097747738
1.3,3.85423274167,0.819199522601,1.0,-0.00962869198361
1.31,3.86473980645,0.800854315637,1.0,-0.00965542994525
1.32,3.87486040047,0.781735718402,1.0,-0.00968118825522
1.33,3.88459351168,0.761810908184,1.0,-0.00970596391716
1.34,3.89393816678,0.7410469685,1.0,-0.00972975404613
1.35,3.90289343131,0.719411225013,1.0,-0.00975255586929
1.36,3.91145840974,0.696871651948,1.0,-0.00977436672652
1.37,3.91963224559,0.673397356494,1.0,-0.00979518407103
1.38,3.92741412149,0.648959147791,1.0,-0.00981500547001
1.39,3.93480325925,0.623530195553,1.0,-0.00983382860513
1.4,3.94179891995,0.597086780883,1.0,-0.00985165127313
1.41,3.94840040406,0.569609138304,1.0,-0.00986847138632
1.42,3.95460705141,0.541082383219,1.0,-0.0098842869731
1.43,3.96041824135,0.511497512928,1.0,-0.00989909617836
1.44,3.96583339277,0.480852461866,1.0,-0.00991289726401
1.45,3.97085196415,0.449153183153,1.0,-0.00992568860933
1.46,3.97547345365,0.416414719176,1.0,-0.00993746871137
1.47,3.97969739911,0.382662214443,1.0,-0.00994823618532
1.48,3.98352337815,0.347931815223,1.0,-0.00995798976483
1.49,3.98695100817,0.312271393819,1.0,-0.00996672830234
1.5,3.98997994642,0.275741031853,1.0,-0.00997445076929
1.51,3.99260988999,0.238413198367,1.0,-0.00998115625645
1.52,3.9948405759,0.200372565682,1.0,-0.00998684397409
1.53,3.99667178109,0.161715419869,1.0,-0.00999151325217
1.54,3.99810332242,0.122548642972,1.0,-0.00999516354051
1.55,3.99913505676,0.0829882700404,1.0,-0.00999779440894
1.56,3.99976688092,0.0431576533505,1.0,-0.00999940554738
1.57,3.99999873173,0.0031852960701,1.0,-0.0099999967659
1.58,3.99983058599,-0.0367975553744,1.0,-0.00999956799483
1.59,3.99926246054,-0.0766594503068,1.0,-0.0099981192847
1.6,3.99829441217,-0.11627128267,1.0,-0.00999565080629
1.61,3.99692653769,-0.155508727365,1.0,-0.00999216285053
1.62,3.99515897388,-0.19425445161,1.0,-0.00998765582848
1.63,3.99299189751,-0.232400008297,1.0,-0.00998213027123
1.64,3.99042552528,-0.26984734446,1.0,-0.00997558682971
1.65,3.98746011382,-0.306509887713,1.0,-0.00996802627463
1.66,3.98409595967,-0.342313203064,1.0,-0.00995944949619
1.67,3.98033339924,-0.377195239179,1.0,-0.00994985750395
1.68,3.97617280879,-0.411106204439,1.0,-0.00993925142655
1.69,3.97161460438,-0.444008128063,1.0,-0.00992763251143
1.7,3.96665924181,-0.475874169808,1.0,-0.00991500212457
1.71,3.96130721662,-0.506687743952,1.0,-0.00990136175011
1.72,3.95555906402,-0.536441520554,1.0,-0.00988671299004
1.73,3.9494153588,-0.565136360701,1.0,-0.00987105756381
1.74,3.94287671534,-0.592780233955,1.0,-0.00985439730788
1.75,3.9359437875,-0.619387156822,1.0,-0.00983673417536
1.76,3.92861726855,-0.6449761816,1.0,-0.00981807023547
1.77,3.92089789115,-0.669570456221,1.0,-0.00979840767311
1.78,3.91278642723,-0.693196368096,1.0,-0.00977774878829
1.79,3.90428368793,-0.715882778591,1.0,-0.00975609599566
1.8,3.89539052351,-0.73766034982,1.0,-0.00973345182388
1.81,3.88610782329,-0.758560961661,1.0,-0.00970981891505
1.82,3.87643651552,-0.7786172143,1.0,-0.00968520002412
1.83,3.86637756733,-0.797862009874,1.0,-0.00965959801821
1.84,3.85593198461,-0.816328205851,1.0,-0.00963301587598
1.85,3.8451008119,-0.834048332349,1.0,-0.00960545668692
1.86,3.83388513232,-0.851054365648,1.0,-0.00957692365068
1.87,3.82228606741,-0.867377550439,1.0,-0.00954742007627
1.88,3.81030477709,-0.883048263851,1.0,-0.00951694938139
1.89,3.79794245946,-0.898095914905,1.0,-0.00948551509158
1.9,3.78520035075,-0.912548873681,1.0,-0.00945312083948
1.91,3.77207972516,-0.926434425174,1.0,-0.00941977036399
1.92,3.75858189474,-0.939778743413,1.0,-0.00938546750944
1.93,3.74470820927,-0.952606882042,1.0,-0.00935021622472
1.94,3.73046005609,-0.964942778108,1.0,-0.00931402056244
1.95,3.71583886002,-0.976809266289,1.0,-0.009276884678
1.96,3.70084608315,-0.988228101223,1.0,-0.00923881282871
1.97,3.68548322477,-0.99921998601,1.0,-0.00919980937286
1.98,3.66975182113,-1.00980460525,1.0,-0.00915987876874
1.99,3.65365344536,-1.02000066134,1.0,-0.00911902557375
2.0,3.6371897073,-1.02982591284,1.0,-0.00907725444335
2.01,3.6203622533,-1.03929721419,1.0,-0.00903457013013
2.02,3.60317276609,-1.04843055592,1.0,-0.00899097748278
2.03,3.58562296461,-1.0572411049,1.0,-0.00894648144508
2.04,3.56771460381,-1.0657432441,1.0,-0.00890108705484
2.05,3.54944947453,-1.07395061168,1.0,-0.00885479944293
2.06,3.53082940326,-1.08187613895,1.0,-0.00880762383214
2.07,3.511856252,-1.08953208714,1.0,-0.00875956553617
2.08,3.49253191803,-1.09693008291,1.0,-0.00871062995856
2.09,3.47285833378,-1.10408115231,1.0,-0.00866082259156
2.1,3.4528374666,-1.11099575333,1.0,-0.00861014901505
2.11,3.43247131854,-1.11768380695,1.0,-0.00855861489549
2.12,3.41176192621,-1.12415472664,1.0,-0.00850622598472
2.13,3.39071136053,-1.13041744638,1.0,-0.0084529881189
2.14,3.36932172655,-1.13648044729,1.0,-0.00839890721738
2.15,3.34759516319,-1.14235178273,1.0,-0.00834398928156
2.16,3.32553384311,-1.14803910209,1.0,-0.00828824039372
2.17,3.30313997242,-1.1535496733,1.0,-0.00823166671593
2.18,3.28041579049,-1.15889040395,1.0,-0.00817427448889
2.19,3.2573635697,-1.16406786134,1.0,-0.00811607003075
2.2,3.23398561528,-1.1690882913,1.0,-0.00805705973598
2.21,3.21028426499,-1.17395763592,1.0,-0.0079972500742
2.22,3.18626188894,-1.17868155025,1.0,-0.00793664758906
2.23,3.16192088937,-1.18326541809,1.0,-0.00787525889702
2.24,3.13726370034,-1.18771436672,1.0,-0.00781309068622
2.25,3.11229278755,-1.19203328089,1.0,-0.00775014971533
2.26,3.08701064808,-1.1962268159,1.0,-0.00768644281237
2.27,3.06141981012,-1.20029940992,1.0,-0.00762197687355
2.28,3.03552283272,-1.20425529567,1.0,-0.00755675886213
2.29,3.00932230558,-1.20809851124,1.0,-0.00749079580723
2.3,2.98282084871,-1.21183291047,1.0,-0.00742409480272
2.31,2.95602111224,-1.21546217254,1.0,-0.007356663006
2.32,2.92892577612,-1.21898981115,1.0,-0.00728850763694
2.33,2.90153754987,-1.22241918303,1.0,-0.00721963597667
2.34,2.87385917228,-1.22575349608,1.0,-0.00715005536643
2.35,2.84589341116,-1.22899581691,1.0,-0.00707977320651
2.36,2.81764306308,-1.23214907806,1.0,-0.00700879695505
2.37,2.78911095304,-1.23521608473,1.0,-0.00693713412692
2.38,2.76029993423,-1.23819952114,1.0,-0.00686479229264
2.39,2.73121288772,-1.24110195653,1.0,-0.00679177907724
2.4,2.7018527222,-1.24392585085,1.0,-0.00671810215917
2.41,2.67222237367,-1.24667356006,1.0,-0.00664376926918
2.42,2.64232480512,-1.2493473412,1.0,-0.00656878818924
2.43,2.61216300629,-1.25194935712,1.0,-0.00649316675149
2.44,2.58173999334,-1.25448168099,1.0,-0.00641691283711
2.45,2.55105880854,-1.25694630053,1.0,-0.0063400343753
2.46,2.52012251998,-1.25934512204,1.0,-0.0062625393422
2.47,2.48893422128,-1.26167997416,1.0,-0.00618443575985
2.48,2.45749703122,-1.26395261145,1.0,-0.00610573169517
2.49,2.42581409351,-1.26616471782,1.0,-0.0060264352589
2.5,2.39388857642,-1.26831790968,1.0,-0.00594655460464
2.51,2.36172367246,-1.270413739,1.0,-0.00586609792777
2.52,2.3293225981,-1.27245369617,1.0,-0.00578507346452
2.53,2.29668859342,-1.27443921273,1.0,-0.00570348949096
2.54,2.26382492179,-1.27637166393,1.0,-0.00562135432201
2.55,2.23073486957,-1.27825237117,1.0,-0.00553867631051
2.56,2.19742174571,-1.28008260431,1.0,-0.00545546384628
2.57,2.16388888151,-1.28186358387,1.0,-0.00537172535514
2.58,2.13013963022,-1.28359648309,1.0,-0.005287469298
2.59,2.09617736675,-1.28528242992,1.0,-0.00520270416998
2.6,2.06200548729,-1.28692250887,1.0,-0.00511743849946
2.61,2.02762740899,-1.28851776278,1.0,-0.00503168084723
2.62,1.99304656965,-1.29006919455,1.0,-0.00494543980559
2.63,1.95826642731,-1.29157776865,1.0,-0.0048587239975
2.64,1.92329045995,-1.29304441273,1.0,-0.00477154207572
2.65,1.88812216516,-1.294470019,1.0,-0.00468390272198
2.66,1.85276505972,-1.29585544562,1.0,-0.00459581464613
2.67,1.81722267932,-1.29720151801,1.0,-0.00450728658537
2.68,1.78149857817,-1.29850903006,1.0,-0.00441832730342
2.69,1.74559632864,-1.29977874533,1.0,-0.00432894558972
2.7,1.70951952094,-1.30101139816,1.0,-0.0042391502587
2.71,1.6732717627,-1.30220769472,1.0,-0.00414895014896
2.72,1.63685667869,-1.30336831405,1.0,-0.00405835412258
2.73,1.60027791037,-1.30449390896,1.0,-0.00396737106432
2.74,1.56353911559,-1.30558510703,1.0,-0.00387600988096
2.75,1.52664396821,-1.3066425114,1.0,-0.00378427950052
2.76,1.4895961577,-1.30766670163,1.0,-0.00369218887163
2.77,1.45239938882,-1.3086582345,1.0,-0.00359974696277
2.78,1.4150573812,-1.30961764471,1.0,-0.00350696276166
2.79,1.37757386903,-1.31054544565,1.0,-0.00341384527453
2.8,1.33995260062,-1.31144213002,1.0,-0.00332040352554
2.81,1.30219733807,-1.31230817052,1.0,-0.00322664655608
2.82,1.26431185687,-1.31314402041,1.0,-0.00313258342415
2.83,1.22629994553,-1.31395011413,1.0,-0.00303822320378
2.84,1.18816540523,-1.31472686784,1.0,-0.00294357498435
2.85,1.14991204937,-1.31547467994,1.0,-0.00284864787009
2.86,1.11154370327,-1.31619393157,1.0,-0.0027534509794
2.87,1.07306420372,-1.31688498707,1.0,-0.00265799344433
2.88,1.03447739864,-1.31754819444,1.0,-0.00256228441
2.89,0.995787146693,-1.31818388576,1.0,-0.00246633303402
2.9,0.956997316856,-1.31879237758,1.0,-0.002370148486
2.91,0.918111788085,-1.31937397134,1.0,-0.00227373994694
2.92,0.879134448901,-1.31992895367,1.0,-0.00217711660878
2.93,0.840069197004,-1.32045759678,1.0,-0.00208028767379
2.94,0.800919938887,-1.32096015873,1.0,-0.00198326235415
2.95,0.761690589444,-1.3214368838,1.0,-0.00188604987138
2.96,0.722385071577,-1.32188800271,1.0,-0.00178865945588
2.97,0.683007315805,-1.32231373292,1.0,-0.00169110034643
2.98,0.64356125987,-1.32271427886,1.0,-0.0015933817897
2.99,0.604050848345,-1.32308983219,1.0,-0.00149551303981
3.0,0.56448003224,-1.32344057201,1.0,-0.00139750335781
3.01,0.524852768601,-1.32376666502,1.0,-0.00129936201127
3.02,0.485173020123,-1.32406826579,1.0,-0.00120109827379
3.03,0.445444754747,-1.32434551687,1.0,-0.00110272142457
3.04,0.405671945266,-1.32459854894,1.0,-0.00100424074795
3.05,0.36585856893,-1.32482748104,1.0,-0.000905665532988
3.06,0.326008607041,-1.32503242059,1.0,-0.000807005072998
3.07,0.286126044563,-1.3252134636,1.0,-0.000708268665144
3.08,0.24621486972,-1.32537069473,1.0,-0.000609465609999
3.09,0.206279073594,-1.32550418739,1.0,-0.000510605211119
3.1,0.166322649733,-1.32561400384,1.0,-0.000411696774624
3.11,0.126349593746,-1.32570019523,1.0,-0.000312749608779
3.12,0.0863639029045,-1.32576280168,1.0,-0.000213773023572
3.13,0.0463695757447,-1.3258018523,1.0,-0.000114776330299
3.14,0.00637061166604,-1.32581736525,1.0,-1.57688411535e-05
3.15,-0.0336289894685,-1.32580934774,1.0,8.32401311949e-05
3.16,-0.0736252277321,-1.32577779604,1.0,0.000182241274009
3.17,-0.113614103534,-1.32572269548,1.0,0.000281225274901
3.18,-0.153591618021,-1.32564402045,1.0,0.000380182822242
3.19,-0.193553773474,-1.32554173433,1.0,0.000479104605582
3.2,-0.23349657371,-1.32541578949,1.0,0.000577981316063
3.21,-0.273416024484,-1.32526612722,1.0,0.000676803646837
3.22,-0.313308133883,-1.32509267768,1.0,0.000775562293483
3.23,-0.35316891273,-1.32489535979,1.0,0.000874247954434
3.24,-0.39299437498,-1.32467408117,1.0,0.000972851331396
3.25,-0.43278053812,-1.32442873804,1.0,0.00107136312978
3.26,-0.472523423567,-1.32415921509,1.0,0.00116977405912
3.27,-0.512219057065,-1.32386538535,1.0,0.00126807483353
3.28,-0.551863469085,-1.32354711006,1.0,0.00136625617212
3.29,-0.591452695217,-1.32320423852,1.0,0.00146430879947
3.3,-0.630982776573,-1.3228366079,1.0,0.00156222344603
3.31,-0.670449760177,-1.32244404307,1.0,0.00165999084862
3.32,-0.709849699363,-1.3220263564,1.0,0.00175760175088
3.33,-0.749178654172,-1.32158334755,1.0,0.00185504690369
3.34,-0.788432691739,-1.32111480323,1.0,0.00195231706573
3.35,-0.827607886693,-1.32062049697,1.0,0.00204940300386
3.36,-0.866700321549,-1.32010018886,1.0,0.00214629549369
3.37,-0.905706087095,-1.31955362525,1.0,0.00224298532
3.38,-0.944621282787,-1.31898053846,1.0,0.00233946327732
3.39,-0.983442017138,-1.3183806465,1.0,0.00243572017035
3.4,-1.02216440811,-1.31775365268,1.0,0.00253174681456
3.41,-1.06078458349,-1.31709924532,1.0,0.00262753403665
3.42,-1.09929868129,-1.3164170973,1.0,0.00272307267513
3.43,-1.13770285015,-1.31570686576,1.0,0.00281835358084
3.44,-1.17599324966,-1.31496819161,1.0,0.0029133676175
3.45,-1.21416605083,-1.31420069909,1.0,0.00300810566231
3.46,-1.25221743641,-1.31340399537,1.0,0.00310255860646
3.47,-1.29014360129,-1.31257767001,1.0,0.00319671735578
3.48,-1.32794075288,-1.31172129444,1.0,0.00329057283127
3.49,-1.36560511151,-1.31083442144,1.0,0.00338411596977
3.5,-1.40313291076,-1.3099165846,1.0,0.00347733772453
3.51,-1.44052039789,-1.30896729763,1.0,0.00357022906583
3.52,-1.47776383418,-1.30798605382,1.0,0.00366278098166
3.53,-1.51485949532,-1.30697232532,1.0,0.00375498447833
3.54,-1.55180367177,-1.30592556247,1.0,0.00384683058116
3.55,-1.58859266914,-1.30484519306,1.0,0.00393831033513
3.56,-1.62522280858,-1.30373062152,1.0,0.00402941480556
3.57,-1.66169042708,-1.30258122818,1.0,0.00412013507886
3.58,-1.69799187793,-1.30139636835,1.0,0.00421046226314
3.59,-1.73412353101,-1.30017537143,1.0,0.00430038748905
3.6,-1.77008177318,-1.29891754002,1.0,0.00438990191041
3.61,-1.80586300865,-1.29762214887,1.0,0.00447899670501
3.62,-1.84146365932,-1.29628844383,1.0,0.00456766307538
3.63,-1.87688016515,-1.2949156408,1.0,0.0046558922495
3.64,-1.91210898454,-1.29350292453,1.0,0.00474367548166
3.65,-1.94714659462,-1.29204944744,1.0,0.0048310040532
3.66,-1.98198949167,-1.2905543283,1.0,0.00491786927334
3.67,-2.01663419141,-1.28901665091,1.0,0.00500426248
3.68,-2.05107722942,-1.28743546268,1.0,0.00509017504064
3.69,-2.08531516142,-1.28580977312,1.0,0.00517559835311
3.7,-2.11934456363,-1.28413855231,1.0,0.00526052384648
3.71,-2.15316203316,-1.28242072918,1.0,0.00534494298195
3.72,-2.18676418828,-1.28065518982,1.0,0.00542884725371
3.73,-2.2201476688,-1.27884077563,1.0,0.00551222818986
3.74,-2.2533091364,-1.27697628137,1.0,0.00559507735328
3.75,-2.28624527497,-1.27506045313,1.0,0.00567738634261
3.76,-2.31895279091,-1.27309198616,1.0,0.00575914679313
3.77,-2.35142841351,-1.27106952263,1.0,0.00584035037771
3.78,-2.38366889523,-1.26899164921,1.0,0.00592098880781
3.79,-2.41567101204,-1.26685689453,1.0,0.00600105383442
3.8,-2.44743156377,-1.26466372655,1.0,0.00608053724902
3.81,-2.47894737438,-1.26241054969,1.0,0.00615943088461
3.82,-2.51021529232,-1.2600957019,1.0,0.00623772661668
3.83,-2.54123219082,-1.25771745147,1.0,0.00631541636424
3.84,-2.57199496822,-1.25527399374,1.0,0.00639249209084
3.85,-2.60250054826,-1.25276344755,1.0,0.00646894580562
3.86,-2.63274588042,-1.25018385155,1.0,0.00654476956429
3.87,-2.66272794018,-1.24753316021,1.0,0.00661995547028
3.88,-2.69244372937,-1.24480923974,1.0,0.0066944956757
3.89,-2.72189027643,-1.24200986361,1.0,0.0067683823825
3.9,-2.75106463674,-1.23913270788,1.0,0.00684160784348
3.91,-2.77996389287,-1.23617534631,1.0,0.00691416436342
3.92,-2.80858515492,-1.23313524507,1.0,0.00698604430015
3.93,-2.83692556081,-1.23000975719,1.0,0.00705724006567
3.94,-2.8649822765,-1.22679611668,1.0,0.00712774412727
3.95,-2.89275249635,-1.22349143227,1.0,0.00719754900859
3.96,-2.92023344336,-1.22009268083,1.0,0.00726664729082
3.97,-2.94742236946,-1.21659670025,1.0,0.00733503161378
3.98,-2.97431655578,-1.21300018208,1.0,0.00740269467706
3.99,-3.00091331292,-1.20929966351,1.0,0.00746962924117
4.0,-3.02720998123,-1.20549151904,1.0,0.00753582812867
4.01,-3.05320393107,-1.20157195149,1.0,0.00760128422534
4.02,-3.07889256306,-1.19753698253,1.0,0.0076659904813
4.03,-3.10427330835,-1.19338244261,1.0,0.0077299399122
4.04,-3.12934362891,-1.18910396022,1.0,0.00779312560033
4.05,-3.1541010177,-1.18469695052,1.0,0.00785554069584
4.06,-3.17854299903,-1.18015660324,1.0,0.00791717841783
4.07,-3.2026671287,-1.17547786982,1.0,0.00797803205558
4.08,-3.22647099433,-1.17065544974,1.0,0.00803809496966
4.09,-3.24995221555,-1.16568377601,1.0,0.00809736059311
4.1,-3.27310844426,-1.16055699973,1.0,0.0081558224326
4.11,-3.29593736485,-1.1552689737,1.0,0.0082134740696
4.12,-3.31843669445,-1.14981323502,1.0,0.00827030916151
4.13,-3.34060418314,-1.14418298659,1.0,0.00832632144285
4.14,-3.3624376142,-1.13837107751,1.0,0.00838150472639
4.15,-3.3839348043,-1.13236998228,1.0,0.00843585290429
4.16,-3.40509360374,-1.12617177871,1.0,0.00848935994926
4.17,-3.42591189666,-1.11976812462,1.0,0.0085420199157
4.18,-3.44638760124,-1.1131502331,1.0,0.00859382694084
4.19,-3.46651866994,-1.10630884636,1.0,0.00864477524585
4.2,-3.48630308965,-1.09923420823,1.0,0.00869485913695
4.21,-3.50573888197,-1.09191603507,1.0,0.00874407300656
4.22,-3.52482410331,-1.08434348522,1.0,0.0087924113344
4.23,-3.54355684519,-1.07650512697,1.0,0.00883986868856
4.24,-3.56193523433,-1.06838890499,1.0,0.00888643972661
4.25,-3.57995743291,-1.05998210534,1.0,0.00893211919667
4.26,-3.59762163874,-1.0512713191,1.0,0.00897690193848
4.27,-3.6149260854,-1.04224240472,1.0,0.00902078288449
4.28,-3.63186904247,-1.03288044931,1.0,0.00906375706084
4.29,-3.64844881565,-1.02316972908,1.0,0.00910581958843
4.3,-3.664663747,-1.01309366913,1.0,0.00914696568398
4.31,-3.68051221502,-1.00263480323,1.0,0.00918719066097
4.32,-3.69599263489,-0.991774733883,1.0,0.00922648993065
4.33,-3.71110345858,-0.980494093404,1.0,0.00926485900306
4.34,-3.72584317501,-0.96877250688,1.0,0.00930229348795
4.35,-3.74021031023,-0.956588557961,1.0,0.00933878909576
4.36,-3.75420342754,-0.943919758749,1.0,0.00937434163851
4.37,-3.76782112763,-0.930742525308,1.0,0.00940894703076
4.38,-3.78106204875,-0.917032160624,1.0,0.00944260129048
4.39,-3.79392486682,-0.902762847215,1.0,0.00947530053995
4.4,-3.80640829556,-0.88790765201,1.0,0.00950704100659
4.41,-3.81851108664,-0.872438546602,1.0,0.00953781902382
4.42,-3.8302320298,-0.856326446489,1.0,0.00956763103191
4.43,-3.84156995294,-0.839541273529,1.0,0.00959647357871
4.44,-3.85252372229,-0.822052046428,1.0,0.00962434332051
4.45,-3.86309224248,-0.803827004775,1.0,0.00965123702275
4.46,-3.87327445667,-0.784833772756,1.0,0.00967715156078
4.47,-3.88306934663,-0.765039569327,1.0,0.00970208392055
4.48,-3.8924759329,-0.744411472165,1.0,0.00972603119933
4.49,-3.90149327482,-0.722916743075,1.0,0.00974899060639
4.5,-3.91012047066,-0.700523222661,1.0,0.00977095946361
4.51,-3.91835665771,-0.677199801833,1.0,0.00979193520611
4.52,-3.92620101237,-0.652916976938,1.0,0.00981191538289
4.53,-3.93365275019,-0.627647493862,1.0,0.00983089765736
4.54,-3.94071112602,-0.601367084116,1.0,0.00984887980788
4.55,-3.94737543401,-0.57405529259,1.0,0.00986585972833
4.56,-3.95364500776,-0.545696392027,1.0,0.00988183542858
4.57,-3.95951922029,-0.516280373415,1.0,0.00989680503496
4.58,-3.96499748421,-0.485803994219,1.0,0.00991076679069
4.59,-3.97007925168,-0.454271857993,1.0,0.00992371905634
4.6,-3.97476401453,-0.421697489597,1.0,0.00993566031017
4.61,-3.9790513043,-0.388104360745,1.0,0.00994658914855
4.62,-3.98294069225,-0.35352681171,1.0,0.00995650428623
4.63,-3.98643178945,-0.318010807867,1.0,0.00996540455671
4.64,-3.98952424679,-0.281614465767,1.0,0.00997328891247
4.65,-3.99221775504,-0.244408283917,1.0,0.00998015642525
4.66,-3.99451204483,-0.206475019671,1.0,0.00998600628627
4.67,-3.99640688675,-0.167909166385,1.0,0.00999083780643
4.68,-3.99790209131,-0.128816004365,1.0,0.00999465041645
4.69,-3.99899750899,-0.08931022424,1.0,0.00999744366702
4.7,-3.99969303026,-0.0495141503244,1.0,0.00999921722894
4.71,-3.99998858555,-0.00955562159776,1.0,0.00999997089316
4.72,-3.99988414532,0.0304343844196,1.0,0.00999970457082
4.73,-3.99937972001,0.0703242777104,1.0,0.00999841829333
4.74,-3.99847536006,0.109984411362,1.0,0.0099961122123
4.75,-3.9971711559,0.149289543735,1.0,0.00999278659956
4.76,-3.99546723796,0.188121092485,1.0,0.00998844184702
4.77,-3.99336377663,0.226369083775,1.0,0.00998307846666
4.78,-3.99086098224,0.26393372532,1.0,0.00997669709034
4.79,-3.98795910509,0.300726561287,1.0,0.0099692984697
4.8,-3.98465843534,0.336671196894,1.0,0.00996088347594
4.81,-3.98095930308,0.371703607839,1.0,0.00995145309961
4.82,-3.9768620782,0.405772071919,1.0,0.00994100845039
4.83,-3.97236717042,0.438836776199,1.0,0.00992955075685
4.84,-3.96747502924,0.470869162346,1.0,0.00991708136609
4.85,-3.96218614387,0.50185107585,1.0,0.00990360174346
4.86,-3.95650104318,0.531773782846,1.0,0.00988911347221
4.87,-3.95042029568,0.560636912401,1.0,0.00987361825309
4.88,-3.94394450945,0.588447373953,1.0,0.00985711790398
4.89,-3.93707433205,0.615218290229,1.0,0.00983961435942
4.9,-3.9298104505,0.640967976469,1.0,0.00982110967018
4.91,-3.92215359118,0.665718987915,1.0,0.00980160600277
4.92,-3.91410451976,0.689497249678,1.0,0.00978110563891
4.93,-3.90566404116,0.712331276563,1.0,0.00975961097501
4.94,-3.89683299941,0.734251485204,1.0,0.00973712452162
4.95,-3.88761227761,0.755289596981,1.0,0.00971364890282
4.96,-3.87800279782,0.77547812733,1.0,0.00968918685563
4.97,-3.86800552098,0.794849955268,1.0,0.00966374122933
4.98,-3.85762144681,0.813437965864,1.0,0.00963731498488
4.99,-3.84685161371,0.831274757897,1.0,0.00960991119417
5.0,-3.83569709865,0.848392408931,1.0,0.00958153303933
5.01,-3.82415901708,0.864822290278,1.0,0.00955218381202
5.02,-3.8122385228,0.880594924818,1.0,0.00952186691267
5.03,-3.79993680784,0.895739881202,1.0,0.00949058584971
5.04,-3.78725510237,0.910285698654,1.0,0.00945834423877
5.05,-3.77419467454,0.924259837192,1.0,0.00942514580188
5.06,-3.76075683039,0.937688648798,1.0,0.00939099436664
5.07,-3.7469429137,0.950597365608,1.0,0.00935589386534
5.08,-3.73275430583,0.963010101792,1.0,0.00931984833414
5.09,-3.71819242564,0.974949866287,1.0,0.00928286191211
5.1,-3.70325872931,0.986438583974,1.0,0.00924493884042
5.11,-3.68795471019,0.997497123314,1.0,0.00920608346131
5.12,-3.67228189868,1.00814532876,1.0,0.00916630021723
5.13,-3.65624186203,1.01840205662,1.0,0.00912559364985
5.14,-3.63983620425,1.02828521312,1.0,0.00908396839908
5.15,-3.62306656587,1.03781179404,1.0,0.0090414292021
5.16,-3.60593462387,1.04699792478,1.0,0.00899798089238
5.17,-3.5884420914,1.05585890071,1.0,0.0089536283986
5.18,-3.57059071771,1.06440922702,1.0,0.00890837674369
5.19,-3.55238228793,1.07266265792,1.0,0.00886223104374
5.2,-3.53381862288,1.08063223478,1.0,0.008815196507
5.21,-3.51490157891,1.08833032318,1.0,0.00876727843275
5.22,-3.49563304772,1.09576864849,1.0,0.00871848221029
5.23,-3.47601495613,1.10295833023,1.0,0.00866881331782
5.24,-3.45604926594,1.10990991473,1.0,0.00861827732134
5.25,-3.43573797371,1.11663340648,1.0,0.00856687987359
5.26,-3.41508311054,1.12313829787,1.0,0.00851462671288
5.27,-3.3940867419,1.12943359743,1.0,0.00846152366203
5.28,-3.37275096743,1.13552785669,1.0,0.00840757662722
5.29,-3.35107792066,1.14142919549,1.0,0.00835279159683
5.3,-3.3290697689,1.14714532604,1.0,0.00829717464036
5.31,-3.30672871293,1.15268357557,1.0,0.00824073190725
5.32,-3.28405698685,1.15805090768,1.0,0.00818346962574
5.33,-3.2610568578,1.16325394259,1.0,0.00812539410173
5.34,-3.23773062579,1.16829897611,1.0,0.0080665117176
5.35,-3.21408062341,1.17319199754,1.0,0.00800682893111
5.36,-3.19010921565,1.1779387066,1.0,0.00794635227416
5.37,-3.16581879962,1.18254452926,1.0,0.00788508835171
5.38,-3.14121180436,1.1870146327,1.0,0.00782304384056
5.39,-3.11629069053,1.1913539394,1.0,0.00776022548823
5.4,-3.09105795022,1.19556714035,1.0,0.00769664011177
5.41,-3.0655161067,1.19965870752,1.0,0.0076322945966
5.42,-3.03966771413,1.20363290559,1.0,0.00756719589538
5.43,-3.01351535731,1.20749380296,1.0,0.00750135102683
5.44,-2.98706165147,1.21124528213,1.0,0.00743476707457
5.45,-2.96030924196,1.21489104949,1.0,0.00736745118597
5.46,-2.93326080398,1.2184346445,1.0,0.00729941057102
5.47,-2.90591904237,1.22187944835,1.0,0.00723065250116
5.48,-2.87828669128,1.22522869209,1.0,0.00716118430817
5.49,-2.85036651392,1.22848546438,1.0,0.00709101338297
5.5,-2.82216130228,1.23165271863,1.0,0.00702014717458
5.51,-2.79367387687,1.23473327988,1.0,0.0069485931889
5.52,-2.76490708639,1.23772985122,1.0,0.00687635898768
5.53,-2.73586380751,1.24064501981,1.0,0.00680345218734
5.54,-2.70654694453,1.24348126265,1.0,0.00672988045788
5.55,-2.67695942911,1.2462409519,1.0,0.0066556515218
5.56,-2.64710421997,1.24892636003,1.0,0.006580773153
5.57,-2.61698430262,1.2515396646,1.0,0.00650525317567
5.58,-2.58660268902,1.25408295275,1.0,0.00642909946328
5.59,-2.55596241731,1.25655822557,1.0,0.00635231993744
5.6,-2.52506655149,1.25896740203,1.0,0.00627492256688
5.61,-2.49391818111,1.26131232291,1.0,0.00619691536642
5.62,-2.462520421,1.26359475435,1.0,0.00611830639588
5.63,-2.4308764109,1.26581639127,1.0,0.0060391037591
5.64,-2.39898931518,1.26797886063,1.0,0.00595931560292
5.65,-2.36686232252,1.27008372447,1.0,0.00587895011613
5.66,-2.33449864561,1.27213248281,1.0,0.00579801552852
5.67,-2.30190152078,1.27412657637,1.0,0.00571652010987
5.68,-2.26907420772,1.27606738921,1.0,0.005634472169
5.69,-2.23601998912,1.27795625115,1.0,0.00555188005277
5.7,-2.20274217039,1.2797944401,1.0,0.00546875214515
5.71,-2.16924407928,1.2815831843,1.0,0.00538509686631
5.72,-2.13552906557,1.28332366439,1.0,0.00530092267164
5.73,-2.10160050073,1.2850170154,1.0,0.00521623805085
5.74,-2.06746177759,1.28666432863,1.0,0.00513105152709
5.75,-2.03311631,1.28826665347,1.0,0.00504537165606
5.76,-1.99856753247,1.28982499904,1.0,0.00495920702508
5.77,-1.96381889985,1.29134033584,1.0,0.0048725662523
5.78,-1.92887388698,1.29281359729,1.0,0.00478545798579
5.79,-1.89373598833,1.29424568114,1.0,0.0046978909027
5.8,-1.85840871766,1.29563745089,1.0,0.00460987370848
5.81,-1.82289560766,1.29698973709,1.0,0.00452141513602
5.82,-1.78720020962,1.29830333858,1.0,0.00443252394487
5.83,-1.75132609305,1.29957902366,1.0,0.00434320892043
5.84,-1.71527684533,1.30081753126,1.0,0.00425347887319
5.85,-1.67905607136,1.30201957196,1.0,0.00416334263796
5.86,-1.64266739318,1.30318582906,1.0,0.00407280907313
5.87,-1.60611444963,1.30431695949,1.0,0.0039818870599
5.88,-1.56940089597,1.30541359478,1.0,0.00389058550158
5.89,-1.53253040353,1.30647634192,1.0,0.00379891332286
5.9,-1.49550665932,1.30750578415,1.0,0.00370687946913
5.91,-1.4583333657,1.30850248185,1.0,0.00361449290577
5.92,-1.42101423995,1.30946697317,1.0,0.00352176261745
5.93,-1.38355301397,1.31039977486,1.0,0.00342869760754
5.94,-1.34595343383,1.31130138287,1.0,0.00333530689735
5.95,-1.30821925948,1.31217227303,1.0,0.00324159952558
5.96,-1.27035426429,1.31301290167,1.0,0.00314758454762
5.97,-1.23236223473,1.31382370619,1.0,0.003053271035
5.98,-1.19424696997,1.31460510562,1.0,0.0029586680747
5.99,-1.15601228152,1.31535750116,1.0,0.00286378476861
6.0,-1.1176619928,1.31608127666,1.0,0.00276863023291
6.01,-1.07919993881,1.31677679911,1.0,0.00267321359753
6.02,-1.04062996572,1.31744441908,1.0,0.00257754400553
6.03,-1.00195593051,1.31808447116,1.0,0.00248163061258
6.04,-0.963181700537,1.31869727436,1.0,0.00238548258641
6.05,-0.924311153198,1.31928313248,1.0,0.00228910910625
6.06,-0.885348175514,1.3198423345,1.0,0.0021925193623
6.07,-0.84629666375,1.32037515488,1.0,0.00209572255526
6.08,-0.807160523025,1.32088185396,1.0,0.00199872789575
6.09,-0.76794366692,1.32136267815,1.0,0.00190154460383
6.1,-0.728650017089,1.32181786034,1.0,0.00180418190853
6.11,-0.689283502863,1.32224762006,1.0,0.00170664904732
6.12,-0.649848060861,1.32265216383,1.0,0.00160895526564
6.13,-0.610347634595,1.32303168531,1.0,0.00151110981646
6.14,-0.570786174073,1.32338636557,1.0,0.00141312195977
6.15,-0.53116763541,1.32371637331,1.0,0.00131500096211
6.16,-0.491495980427,1.324021865,1.0,0.00121675609617
6.17,-0.451775176254,1.32430298508,1.0,0.00111839664027
6.18,-0.412009194941,1.32455986613,1.0,0.00101993187797
6.19,-0.372202013051,1.32479262903,1.0,0.000921371097611
6.2,-0.33235761127,1.32500138304,1.0,0.000822723591851
6.21,-0.292479974005,1.32518622598,1.0,0.000723998657271
6.22,-0.252573088987,1.32534724431,1.0,0.00062520559393
6.23,-0.21264094687,1.32548451323,1.0,0.000526353704937
6.24,-0.172687540835,1.32559809678,1.0,0.000427452296034
6.25,-0.132716866191,1.32568804785,1.0,0.000328510675169
6.26,-0.0927329199699,1.32575440833,1.0,0.000229538152085
6.27,-0.0527397005344,1.32579720908,1.0,0.000130544037898
6.28,-0.0127412071729,1.32581646999,1.0,3.15376446853e-05
6.29,0.0272585602987,1.32581220004,1.0,-6.74717149309e-05
6.3,0.067255601937,1.32578439721,1.0,-0.000166474728197
6.31,0.107245918071,1.32573304861,1.0,-0.00026546208264
6.32,0.147225509703,1.32565813034,1.0,-0.000364424466485
6.33,0.187190378906,1.32555960755,1.0,-0.000463352569066
6.34,0.227136529228,1.32543743437,1.0,-0.000562237081242
6.35,0.267059966086,1.32529155386,1.0,-0.000661068695817
6.36,0.30695669717,1.32512189794,1.0,-0.000759838107958
6.37,0.34682273284,1.32492838734,1.0,-0.000858536015612
6.38,0.386654086525,1.32471093148,1.0,-0.000957153119936
6.39,0.426446775125,1.32446942842,1.0,-0.00105568012572
6.4,0.466196819402,1.32420376467,1.0,-0.00115410774182
6.41,0.505900244385,1.32391381514,1.0,-0.00125242668158
6.42,0.545553079766,1.32359944296,1.0,-0.0013506276633
6.43,0.585151360293,1.32326049934,1.0,-0.00144870141064
6.44,0.624691126172,1.32289682339,1.0,-0.0015466386531
6.45,0.664168423459,1.32250824195,1.0,-0.00164443012646
6.46,0.703579304458,1.3220945694,1.0,-0.00174206657321
6.47,0.742919828112,1.32165560743,1.0,-0.00183953874309
6.48,0.782186060402,1.32119114485,1.0,-0.00193683739347
6.49,0.821374074738,1.32070095729,1.0,-0.00203395328989
6.5,0.860479952351,1.320184807,1.0,-0.00213087720653
6.51,0.899499782686,1.31964244253,1.0,-0.00222759992669
6.52,0.938429663792,1.31907359847,1.0,-0.00232411224329
6.53,0.977265702714,1.31847799512,1.0,-0.0024204049594
6.54,1.01600401588,1.31785533817,1.0,-0.00251646888871
6.55,1.05464072949,1.31720531833,1.0,-0.00261229485613
6.56,1.09317197991,1.31652761098,1.0,-0.00270787369823
6.57,1.13159391404,1.31582187579,1.0,-0.00280319626385
6.58,1.16990268972,1.31508775628,1.0,-0.00289825341464
6.59,1.20809447611,1.31432487938,1.0,-0.00299303602559
6.6,1.24616545405,1.31353285501,1.0,-0.00308753498564
6.61,1.28411181649,1.31271127557,1.0,-0.00318174119824
6.62,1.32192976882,1.3118597154,1.0,-0.00327564558194
6.63,1.35961552927,1.31097773032,1.0,-0.00336923907102
6.64,1.39716532931,1.31006485697,1.0,-0.00346251261605
6.65,1.43457541397,1.30912061231,1.0,-0.00355545718459
6.66,1.47184204229,1.3081444929,1.0,-0.00364806376175
6.67,1.50896148763,1.30713597431,1.0,-0.00374032335088
6.68,1.54593003808,1.30609451041,1.0,-0.00383222697422
6.69,1.58274399681,1.30501953262,1.0,-0.00392376567358
6.7,1.61939968247,1.30391044915,1.0,-0.00401493051101
6.71,1.6558934295,1.30276664422,1.0,-0.00410571256948
6.72,1.69222158857,1.30158747718,1.0,-0.00419610295362
6.73,1.72838052689,1.30037228164,1.0,-0.00428609279043
6.74,1.7643666286,1.29912036452,1.0,-0.00437567323
6.75,1.80017629512,1.29783100506,1.0,-0.00446483544625
6.76,1.83580594551,1.2965034538,1.0,-0.00455357063771
6.77,1.87125201683,1.29513693148,1.0,-0.00464187002826
6.78,1.90651096452,1.29373062791,1.0,-0.00472972486795
6.79,1.94157926269,1.29228370072,1.0,-0.00481712643375
6.8,1.97645340455,1.29079527413,1.0,-0.0049040660304
6.81,2.01112990273,1.28926443761,1.0,-0.00499053499118
6.82,2.04560528958,1.28769024446,1.0,-0.00507652467879
6.83,2.07987611762,1.28607171034,1.0,-0.00516202648619
6.84,2.11393895977,1.2844078117,1.0,-0.00524703183741
6.85,2.14779040979,1.28269748415,1.0,-0.00533153218848
6.86,2.18142708256,1.28093962073,1.0,-0.00541551902828
6.87,2.21484561444,1.27913307007,1.0,-0.00549898387943
6.88,2.2480426636,1.27727663449,1.0,-0.00558191829924
6.89,2.28101491037,1.27536906799,1.0,-0.00566431388057
6.9,2.31375905755,1.27340907405,1.0,-0.0057461622528
6.91,2.34627183075,1.27139530346,1.0,-0.00582745508276
6.92,2.37854997873,1.26932635189,1.0,-0.0059081840757
6.93,2.41059027369,1.26720075739,1.0,-0.00598834097624
6.94,2.44238951163,1.26501699777,1.0,-0.00606791756935
6.95,2.47394451265,1.26277348776,1.0,-0.00614690568135
6.96,2.50525212129,1.26046857611,1.0,-0.0062252971809
6.97,2.5363092068,1.25810054242,1.0,-0.00630308398
6.98,2.5671126635,1.25566759388,1.0,-0.00638025803506
6.99,2.59765941108,1.25316786175,1.0,-0.00645681134785
7.0,2.62794639487,1.25059939771,1.0,-0.00653273596664
7.01,2.65797058622,1.24796016992,1.0,-0.00660802398715
7.02,2.68772898273,1.24524805893,1.0,-0.00668266755369
7.03,2.71721860858,1.24246085328,1.0,-0.00675665886018
7.04,2.74643651483,1.23959624488,1.0,-0.00682999015126
7.05,2.77537977972,1.23665182411,1.0,-0.00690265372336
7.06,2.80404550894,1.23362507465,1.0,-0.00697464192579
7.07,2.83243083595,1.23051336794,1.0,-0.00704594716185
7.08,2.86053292224,1.22731395733,1.0,-0.00711656188993
7.09,2.88834895761,1.22402397198,1.0,-0.00718647862464
7.1,2.9158761605,1.22064041017,1.0,-0.00725568993793
7.11,2.94311177821,1.21716013245,1.0,-0.00732418846019
7.12,2.97005308718,1.21357985418,1.0,-0.00739196688143
7.13,2.99669739333,1.20989613769,1.0,-0.00745901795236
7.14,3.02304203223,1.20610538396,1.0,-0.00752533448561
7.15,3.04908436945,1.20220382379,1.0,-0.00759090935679
7.16,3.07482180077,1.19818750837,1.0,-0.00765573550572
7.17,3.10025175247,1.19405229927,1.0,-0.0077198059375
7.18,3.12537168158,1.18979385792,1.0,-0.00778311372377
7.19,3.15017907613,1.18540763423,1.0,-0.00784565200377
7.2,3.1746714554,1.18088885469,1.0,-0.00790741398554
7.21,3.19884637016,1.17623250957,1.0,-0.00796839294712
7.22,3.22270140296,1.17143333943,1.0,-0.00802858223763
7.23,3.2462341683,1.16648582074,1.0,-0.00808797527851
7.24,3.26944231292,1.16138415056,1.0,-0.00814656556461
7.25,3.29232351605,1.15612223033,1.0,-0.00820434666541
7.26,3.31487548956,1.15069364866,1.0,-0.00826131222615
7.27,3.33709597829,1.14509166295,1.0,-0.00831745596899
7.28,3.3589827602,1.13930918,1.0,-0.00837277169415
7.29,3.38053364663,1.13333873543,1.0,-0.00842725328107
7.3,3.40174648251,1.12717247174,1.0,-0.00848089468956
7.31,3.42261914659,1.12080211528,1.0,-0.00853368996094
7.32,3.4431495516,1.11421895167,1.0,-0.00858563321916
7.33,3.46333564452,1.10741379992,1.0,-0.00863671867195
7.34,3.48317540676,1.10037698514,1.0,-0.00868694061191
7.35,3.50266685437,1.09309830971,1.0,-0.00873629341766
7.36,3.52180803821,1.08556702295,1.0,-0.00878477155494
7.37,3.54059704418,1.07777178934,1.0,-0.00883236957769
7.38,3.5590319934,1.06970065515,1.0,-0.00887908212916
7.39,3.57711104239,1.06134101377,1.0,-0.00892490394298
7.4,3.59483238325,1.05267956942,1.0,-0.00896982984423
7.41,3.61219424386,1.04370229983,1.0,-0.0090138547505
7.42,3.62919488807,1.03439441758,1.0,-0.00905697367296
7.43,3.64583261581,1.02474033069,1.0,-0.00909918171736
7.44,3.66210576332,1.01472360252,1.0,-0.00914047408506
7.45,3.67801270332,1.0043269115,1.0,-0.00918084607408
7.46,3.6935518451,0.993532011078,1.0,-0.00922029308004
7.47,3.70872163478,0.982319690627,1.0,-0.00925881059717
7.48,3.72352055539,0.970669738031,1.0,-0.00929639421928
7.49,3.73794712704,0.958560904942,1.0,-0.00933303964071
7.5,3.7519999071,0.945970875928,1.0,-0.00936874265724
7.51,3.76567749029,0.932876242971,1.0,-0.00940349916704
7.52,3.77897850887,0.919252487106,1.0,-0.00943730517154
7.53,3.79190163275,0.905073969326,1.0,-0.00947015677637
7.54,3.80444556963,0.890313933319,1.0,-0.00950205019212
7.55,3.81660906512,0.874944523036,1.0,-0.00953298173531
7.56,3.82839090288,0.85893681865,1.0,-0.0095629478291
7.57,3.83978990475,0.842260894999,1.0,-0.00959194500418
7.58,3.85080493082,0.824885907265,1.0,-0.0096199698995
7.59,3.86143487961,0.806780209265,1.0,-0.00964701926308
7.6,3.87167868813,0.787911510413,1.0,-0.00967308995271
7.61,3.881535332,0.768247078015,1.0,-0.00969817893668
7.62,3.89100382558,0.747753992147,1.0,-0.00972228329448
7.63,3.90008322202,0.726399460747,1.0,-0.00974540021751
7.64,3.90877261338,0.704151202744,1.0,-0.00976752700966
7.65,3.91707113074,0.680977906841,1.0,-0.00978866108798
7.66,3.92497794426,0.656849772926,1.0,-0.0098087999833
7.67,3.93249226325,0.631739141724,1.0,-0.00982794134075
7.68,3.93961333629,0.605621216162,1.0,-0.00984608292037
7.69,3.94634045128,0.578474874714,1.0,-0.0098632225976
7.7,3.95267293551,0.550283572624,1.0,-0.0098793583638
7.71,3.95861015574,0.521036321208,1.0,-0.00989448832672
7.72,3.96415151826,0.490728728423,1.0,-0.00990861071095
7.73,3.96929646892,0.45936407562,1.0,-0.00992172385833
7.74,3.97404449325,0.426954396259,1.0,-0.00993382622835
7.75,3.97839511644,0.39352151277,1.0,-0.00994491639856
7.76,3.98234790344,0.35909797875,1.0,-0.00995499306482
7.77,3.98590245896,0.323727866129,1.0,-0.0099640550417
7.78,3.98905842756,0.287467332361,1.0,-0.00997210126271
7.79,3.99181549364,0.250384902397,1.0,-0.0099791307806
7.8,3.9941733815,0.212561405411,1.0,-0.00998514276753
7.81,3.99613185535,0.174089517977,1.0,-0.00999013651532
7.82,3.99769071934,0.135072883691,1.0,-0.00999411143561
7.83,3.99884981759,0.0956248035734,1.0,-0.00999706705999
7.84,3.99960903419,0.0558665200507,1.0,-0.00999900304009
7.85,3.99996829322,0.0159251474196,1.0,-0.00999991914774
7.86,3.99992755876,-0.024068670031,1.0,-0.00999981527494
7.87,3.99948683487,-0.0639832680229,1.0,-0.00999869143393
7.88,3.99864616564,-0.103688521481,1.0,-0.00999654775719
7.89,3.99740563511,-0.143058329602,1.0,-0.00999338449739
7.9,3.99576536736,-0.181972910069,1.0,-0.00998920202735
7.91,3.9937255264,-0.220320802303,1.0,-0.00998400083991
7.92,3.99128631621,-0.258000504018,1.0,-0.00997778154786
7.93,3.98844798072,-0.294921694284,1.0,-0.00997054488377
7.94,3.98521080376,-0.331006026298,1.0,-0.0099622916998
7.95,3.98157510903,-0.366187500943,1.0,-0.00995302296752
7.96,3.97754126011,-0.400412455337,1.0,-0.00994273977767
7.97,3.97310966038,-0.433639217647,1.0,-0.00993144333987
7.98,3.968280753,-0.465837489738,1.0,-0.00991913498238
7.99,3.96305502085,-0.496987523257,1.0,-0.00990581615173
8.0,3.95743298649,-0.52707915348,1.0,-0.00989148841244
8.01,3.95141521214,-0.556110749911,1.0,-0.00987615344655
8.02,3.94500229956,-0.584088134734,1.0,-0.00985981305332
8.03,3.93819489003,-0.611023510959,1.0,-0.00984246914875
8.04,3.9309936643,-0.63693443258,1.0,-0.00982412376512
8.05,3.92339934248,-0.661842840061,1.0,-0.00980477905054
8.06,3.915412684,-0.685774176421,1.0,-0.00978443726842
8.07,3.9070344875,-0.708756592455,1.0,-0.00976310079694
8.08,3.89826559082,-0.730820244186,1.0,-0.00974077212851
8.09,3.88910687082,-0.751996681553,1.0,-0.00971745386916
8.1,3.87955924338,-0.772318324337,1.0,-0.00969314873797
8.11,3.86962366325,-0.791818019384,1.0,-0.0096678595664
8.12,3.85930112397,-0.810528671964,1.0,-0.00964158929766
8.13,3.8485926578,-0.828482943574,1.0,-0.009614340986
8.14,3.83749933557,-0.845713008381,1.0,-0.00958611779606
8.15,3.82602226661,-0.862250360728,1.0,-0.0095569230021
8.16,3.8141625986,-0.87812566657,1.0,-0.00952675998728
8.17,3.80192151752,-0.893368652298,1.0,-0.00949563224288
8.18,3.78930024745,-0.908008025019,1.0,-0.00946354336751
8.19,3.77630005051,-0.922071419055,1.0,-0.00943049706632
8.2,3.76292222672,-0.935585364049,1.0,-0.00939649715013
8.21,3.74916811384,-0.94857527068,1.0,-0.00936154753464
8.22,3.73503908727,-0.961065430569,1.0,-0.0093256522395
8.23,3.72053655991,-0.973079027455,1.0,-0.00928881538748
8.24,3.70566198199,-0.984638157166,1.0,-0.00925104120352
8.25,3.69041684096,-0.995763854349,1.0,-0.00921233401384
8.26,3.67480266132,-1.00647612423,1.0,-0.009172698245
8.27,3.65882100448,-1.01679397796,1.0,-0.00913213842293
8.28,3.64247346858,-1.0267354705,1.0,-0.00909065917194
8.29,3.62576168838,-1.03631773992,1.0,-0.00904826521382
8.3,3.60868733503,-1.04555704756,1.0,-0.00900496136674
8.31,3.59125211595,-1.05446881829,1.0,-0.0089607525443
8.32,3.57345777465,-1.06306768052,1.0,-0.00891564375449
8.33,3.55530609055,-1.07136750546,1.0,-0.00886964009862
8.34,3.53679887881,-1.07938144551,1.0,-0.00882274677035
8.35,3.51793799012,-1.08712197145,1.0,-0.00877496905452
8.36,3.49872531057,-1.0946009083,1.0,-0.00872631232617
8.37,3.47916276141,-1.10182946982,1.0,-0.00867678204942
8.38,3.45925229886,-1.1088182915,1.0,-0.00862638377635
8.39,3.43899591397,-1.11557746211,1.0,-0.00857512314596
8.4,3.41839563235,-1.12211655365,1.0,-0.00852300588302
8.41,3.39745351402,-1.1284446499,1.0,-0.00847003779696
8.42,3.37617165317,-1.13457037341,1.0,-0.00841622478074
8.43,3.35455217797,-1.14050191116,1.0,-0.00836157280975
8.44,3.33259725034,-1.14624703871,1.0,-0.00830608794064
8.45,3.31030906577,-1.15181314315,1.0,-0.00824977631019
8.46,3.28768985305,-1.15720724461,1.0,-0.00819264413416
8.47,3.26474187408,-1.1624360167,1.0,-0.00813469770617
8.48,3.24146742365,-1.16750580565,1.0,-0.00807594339651
8.49,3.21786882917,-1.17242264845,1.0,-0.00801638765097
8.5,3.19394845049,-1.17719228984,1.0,-0.00795603698977
8.51,3.16970867963,-1.18182019835,1.0,-0.00789489800627
8.52,3.14515194055,-1.18631158143,1.0,-0.00783297736593
8.53,3.12028068889,-1.19067139962,1.0,-0.00777028180508
8.54,3.09509741176,-1.19490437993,1.0,-0.00770681812976
8.55,3.06960462747,-1.1990150284,1.0,-0.00764259321461
8.56,3.04380488528,-1.20300764197,1.0,-0.00757761400163
8.57,3.01770076513,-1.20688631959,1.0,-0.0075118874991
8.58,2.99129487742,-1.21065497271,1.0,-0.00744542078039
8.59,2.96458986272,-1.21431733512,1.0,-0.00737822098279
8.6,2.9375883915,-1.21787697228,1.0,-0.0073102953064
8.61,2.91029316389,-1.22133729003,1.0,-0.00724165101294
8.62,2.88270690938,-1.22470154281,1.0,-0.00717229542466
8.63,2.85483238659,-1.22797284145,1.0,-0.00710223592313
8.64,2.82667238294,-1.23115416044,1.0,-0.00703147994821
8.65,2.79822971441,-1.23424834483,1.0,-0.0069600349968
8.66,2.76950722524,-1.23725811671,1.0,-0.00688790862184
8.67,2.74050778765,-1.24018608132,1.0,-0.0068151084311
8.68,2.71123430157,-1.24303473283,1.0,-0.00674164208614
8.69,2.68168969432,-1.24580645975,1.0,-0.00666751730116
8.7,2.65187692033,-1.24850355011,1.0,-0.00659274184195
8.71,2.62179896086,-1.25112819625,1.0,-0.00651732352478
8.72,2.59145882368,-1.25368249945,1.0,-0.00644127021531
8.73,2.56085954277,-1.2561684742,1.0,-0.00636458982757
8.74,2.53000417805,-1.2585880523,1.0,-0.00628729032286
8.75,2.49889581502,-1.26094308674,1.0,-0.00620937970873
8.76,2.46753756448,-1.2632353553,1.0,-0.00613086603789
8.77,2.43593256225,-1.26546656403,1.0,-0.00605175740725
8.78,2.40408396879,-1.26763835052,1.0,-0.00597206195686
8.79,2.37199496894,-1.26975228693,1.0,-0.0058917878689
8.8,2.33966877157,-1.27180988297,1.0,-0.00581094336669
8.81,2.30710860927,-1.27381258864,1.0,-0.00572953671373
8.82,2.27431773803,-1.27576179684,1.0,-0.00564757621266
8.83,2.24129943691,-1.27765884588,1.0,-0.00556507020435
8.84,2.20805700772,-1.2795050218,1.0,-0.00548202706694
8.85,2.17459377466,-1.28130156058,1.0,-0.00539845521488
8.86,2.14091308405,-1.28304965032,1.0,-0.00531436309801
8.87,2.1070183039,-1.28475043319,1.0,-0.00522975920065
8.88,2.07291282368,-1.28640500733,1.0,-0.00514465204068
8.89,2.03860005391,-1.28801442868,1.0,-0.00505905016866
8.9,2.00408342583,-1.28957971266,1.0,-0.00497296216696
8.91,1.96936639108,-1.29110183584,1.0,-0.00488639664885
8.92,1.93445242133,-1.29258173742,1.0,-0.0047993622577
8.93,1.89934500795,-1.29402032076,1.0,-0.00471186766609
8.94,1.86404766165,-1.29541845471,1.0,-0.00462392157502
8.95,1.82856391214,-1.29677697498,1.0,-0.00453553271305
8.96,1.79289730776,-1.29809668539,1.0,-0.00444670983555
8.97,1.75705141515,-1.29937835902,1.0,-0.00435746172385
8.98,1.72102981886,-1.30062273941,1.0,-0.00426779718449
8.99,1.68483612102,-1.30183054159,1.0,-0.00417772504847
9.0,1.64847394097,-1.30300245312,1.0,-0.00408725417047
